wall_id,vertex_id,x,y
0,BEGIN,nan,nan
0,0,60.469521,120.043680
0,1,60.436257,120.037391
0,2,60.440546,120.040000
0,3,60.360993,120.040000
0,4,60.263396,120.039885
0,5,60.114397,120.035127
0,6,60.018317,120.025781
0,7,59.981067,120.024316
0,8,59.915155,120.021742
0,9,59.860350,120.019979
0,10,59.799854,120.019999
0,11,59.632992,120.016984
0,12,59.524903,120.004348
0,13,59.507854,120.004852
0,14,59.435133,120.002137
0,15,59.377812,120.000072
0,16,59.262077,119.998625
0,17,59.149077,119.989789
0,18,59.098362,119.987223
0,19,59.024898,119.984037
0,20,58.959170,119.981051
0,21,58.824290,119.976295
0,22,58.741339,119.965996
0,23,58.712359,119.966692
0,24,58.621601,119.962220
0,25,58.490624,119.955276
0,26,58.429617,119.946681
0,27,58.396978,119.947828
0,28,58.280512,119.941543
0,29,58.159700,119.932532
0,30,58.096521,119.924674
0,31,58.061051,119.923733
0,32,57.965591,119.918832
0,33,57.872270,119.912212
0,34,57.773501,119.905049
0,35,57.664684,119.894204
0,36,57.628711,119.889039
0,37,57.589694,119.888646
0,38,57.467323,119.881755
0,39,57.358127,119.871280
0,40,57.302918,119.865643
0,41,57.205455,119.859086
0,42,57.125600,119.849123
0,43,57.048093,119.844262
0,44,56.967009,119.834455
0,45,56.925150,119.832161
0,46,56.788143,119.822025
0,47,56.704130,119.809394
0,48,56.680069,119.808723
0,49,56.567016,119.800464
0,50,56.484625,119.790460
0,51,56.393604,119.783429
0,52,56.316738,119.772636
0,53,56.227083,119.765928
0,54,56.141845,119.753002
0,55,56.110266,119.751395
0,56,56.005767,119.742638
0,57,55.913604,119.732004
0,58,55.814925,119.721700
0,59,55.729911,119.709386
0,60,55.679578,119.704038
0,61,55.602490,119.696122
0,62,55.488266,119.683563
0,63,55.427495,119.673545
0,64,55.355461,119.668123
0,65,55.277931,119.656923
0,66,55.186240,119.649447
0,67,55.102362,119.636044
0,68,55.046074,119.632006
0,69,54.908524,119.614535
0,70,54.831728,119.601204
0,71,54.783886,119.595678
0,72,54.702761,119.585558
0,73,54.621708,119.575307
0,74,54.552667,119.566452
0,75,54.442049,119.553546
0,76,54.358372,119.539004
0,77,54.287964,119.530890
0,78,54.189170,119.515179
0,79,54.143718,119.508214
0,80,54.053088,119.497899
0,81,53.969436,119.484163
0,82,53.883852,119.473887
0,83,53.798071,119.459031
0,84,53.738241,119.451629
0,85,53.641403,119.437560
0,86,53.546888,119.422809
0,87,53.475507,119.410629
0,88,53.391421,119.398392
0,89,53.319705,119.385548
0,90,53.264905,119.378509
0,91,53.161122,119.363848
0,92,53.074367,119.349039
0,93,53.001102,119.337944
0,94,52.901745,119.321695
0,95,52.832188,119.308797
0,96,52.761809,119.298427
0,97,52.661819,119.281461
0,98,52.574166,119.265550
0,99,52.528018,119.256601
0,100,52.445944,119.245713
0,101,52.356660,119.229139
0,102,52.263387,119.214959
0,103,52.172005,119.196051
0,104,52.102108,119.184429
0,105,52.036571,119.171298
0,106,51.975677,119.162558
0,107,51.870206,119.144791
0,108,51.769435,119.125702
0,109,51.704119,119.112288
0,110,51.631512,119.100068
0,111,51.529028,119.080296
0,112,51.453920,119.064720
0,113,51.375787,119.049992
0,114,51.287065,119.031739
0,115,51.243840,119.022425
0,116,51.169318,119.011240
0,117,51.060605,118.990090
0,118,50.983939,118.974863
0,119,50.900051,118.958481
0,120,50.805833,118.938954
0,121,50.734205,118.923124
0,122,50.652943,118.907081
0,123,50.568768,118.888245
0,124,50.507889,118.875700
0,125,50.432417,118.860842
0,126,50.350366,118.844277
0,127,50.267375,118.827435
0,128,50.171500,118.807310
0,129,50.097287,118.790132
0,130,50.017075,118.773797
0,131,49.934648,118.754587
0,132,49.850611,118.736813
0,133,49.775807,118.718581
0,134,49.712911,118.705820
0,135,49.629283,118.687581
0,136,49.538730,118.668061
0,137,49.457964,118.648863
0,138,49.379636,118.631680
0,139,49.290802,118.610551
0,140,49.209818,118.591351
0,141,49.130444,118.572024
0,142,49.073749,118.558297
0,143,49.006411,118.544285
0,144,48.900476,118.520611
0,145,48.805065,118.496497
0,146,48.731109,118.477933
0,147,48.664661,118.461383
0,148,48.590875,118.444219
0,149,48.502530,118.422851
0,150,48.420755,118.402412
0,151,48.342966,118.383071
0,152,48.264392,118.363403
0,153,48.186926,118.344019
0,154,48.110853,118.324993
0,155,48.036513,118.306576
0,156,47.937193,118.282046
0,157,47.850464,118.257640
0,158,47.789882,118.241916
0,159,47.713246,118.222339
0,160,47.633028,118.201538
0,161,47.547554,118.179290
0,162,47.464279,118.156618
0,163,47.396493,118.138286
0,164,47.324868,118.119898
0,165,47.227376,118.094372
0,166,47.148956,118.071640
0,167,47.087630,118.055611
0,168,46.997294,118.031725
0,169,46.915678,118.008540
0,170,46.831091,117.985508
0,171,46.753777,117.962557
0,172,46.683651,117.943514
0,173,46.606053,117.921391
0,174,46.524662,117.899090
0,175,46.444184,117.875597
0,176,46.374911,117.856243
0,177,46.286837,117.831582
0,178,46.202593,117.806513
0,179,46.118222,117.781820
0,180,46.050814,117.760734
0,181,45.972974,117.739151
0,182,45.891421,117.713758
0,183,45.814042,117.691638
0,184,45.727921,117.664764
0,185,45.672880,117.648050
0,186,45.591084,117.625329
0,187,45.501932,117.597817
0,188,45.431582,117.576853
0,189,45.334296,117.547542
0,190,45.252558,117.520359
0,191,45.196933,117.503207
0,192,45.121088,117.480602
0,193,45.033128,117.453501
0,194,44.957114,117.429355
0,195,44.873154,117.403452
0,196,44.789090,117.375723
0,197,44.721760,117.354071
0,198,44.642742,117.329133
0,199,44.559000,117.301821
0,200,44.482566,117.276700
0,201,44.404682,117.251221
0,202,44.343398,117.230756
0,203,44.251713,117.202741
0,204,44.150716,117.167003
0,205,44.090228,117.146034
0,206,44.021490,117.123262
0,207,43.942717,117.096957
0,208,43.867633,117.071672
0,209,43.796217,117.047915
0,210,43.722074,117.023527
0,211,43.641762,116.997061
0,212,43.559224,116.969295
0,213,43.472945,116.939839
0,214,43.383385,116.908056
0,215,43.304551,116.879202
0,216,43.247999,116.858642
0,217,43.184880,116.837718
0,218,43.086915,116.804346
0,219,42.995997,116.770643
0,220,42.934896,116.748142
0,221,42.875762,116.727639
0,222,42.779244,116.694694
0,223,42.695661,116.662734
0,224,42.639405,116.642936
0,225,42.551529,116.612069
0,226,42.466901,116.580313
0,227,42.393378,116.553287
0,228,42.310696,116.522406
0,229,42.248575,116.498576
0,230,42.177918,116.473848
0,231,42.080762,116.437638
0,232,41.997617,116.405180
0,233,41.924470,116.376751
0,234,41.866072,116.353960
0,235,41.786419,116.325253
0,236,41.714657,116.296765
0,237,41.638228,116.269620
0,238,41.543673,116.232225
0,239,41.463054,116.200626
0,240,41.402365,116.175563
0,241,41.328779,116.148573
0,242,41.241198,116.113128
0,243,41.173745,116.086732
0,244,41.090338,116.053854
0,245,41.031481,116.029602
0,246,40.947644,115.998686
0,247,40.856019,115.960158
0,248,40.790783,115.934195
0,249,40.716737,115.904008
0,250,40.650848,115.877713
0,251,40.575886,115.848316
0,252,40.484337,115.811623
0,253,40.411073,115.780528
0,254,40.335753,115.750433
0,255,40.249119,115.713592
0,256,40.181731,115.685006
0,257,40.112182,115.656188
0,258,40.022022,115.618581
0,259,39.957200,115.589541
0,260,39.890115,115.562818
0,261,39.806513,115.526827
0,262,39.745508,115.501238
0,263,39.658916,115.465774
0,264,39.561900,115.422913
0,265,39.485977,115.388477
0,266,39.433692,115.364808
0,267,39.364149,115.336091
0,268,39.290845,115.303759
0,269,39.214363,115.272046
0,270,39.132670,115.235705
0,271,39.056577,115.202915
0,272,38.990008,115.172783
0,273,38.897226,115.133469
0,274,38.808299,115.090446
0,275,38.767899,115.072281
0,276,38.680936,115.035052
0,277,38.604038,114.998414
0,278,38.543971,114.972534
0,279,38.453919,114.931867
0,280,38.390649,114.902152
0,281,38.324039,114.873344
0,282,38.219416,114.825629
0,283,38.155621,114.793728
0,284,38.100168,114.769728
0,285,38.009144,114.727769
0,286,37.921320,114.686007
0,287,37.868343,114.659560
0,288,37.795786,114.627787
0,289,37.700052,114.581089
0,290,37.636533,114.550215
0,291,37.569546,114.518453
0,292,37.484949,114.478183
0,293,37.428550,114.449711
0,294,37.361896,114.420204
0,295,37.266708,114.374094
0,296,37.193486,114.338104
0,297,37.116041,114.300164
0,298,37.036125,114.259977
0,299,36.965515,114.224166
0,300,36.898519,114.190564
0,301,36.827724,114.155326
0,302,36.755113,114.119030
0,303,36.682563,114.082757
0,304,36.613402,114.048035
0,305,36.545942,114.014638
0,306,36.469630,113.976981
0,307,36.392898,113.938277
0,308,36.321965,113.902507
0,309,36.253468,113.868010
0,310,36.184990,113.833902
0,311,36.111932,113.797583
0,312,36.037201,113.760137
0,313,35.967416,113.724977
0,314,35.872182,113.677218
0,315,35.792086,113.633069
0,316,35.740716,113.606527
0,317,35.666764,113.568649
0,318,35.589425,113.528059
0,319,35.502704,113.482329
0,320,35.436633,113.445279
0,321,35.391204,113.421932
0,322,35.313908,113.382860
0,323,35.223110,113.334747
0,324,35.131598,113.284554
0,325,35.083536,113.256230
0,326,35.025701,113.227596
0,327,34.926056,113.173247
0,328,34.870353,113.141489
0,329,34.790797,113.100091
0,330,34.711141,113.053790
0,331,34.671037,113.032280
0,332,34.579354,112.984292
0,333,34.493891,112.934598
0,334,34.444317,112.907203
0,335,34.362461,112.862787
0,336,34.301589,112.827266
0,337,34.237948,112.794180
0,338,34.147872,112.743572
0,339,34.072803,112.700962
0,340,34.003032,112.660746
0,341,33.940776,112.625336
0,342,33.869176,112.585217
0,343,33.782556,112.535541
0,344,33.721784,112.498968
0,345,33.651044,112.459679
0,346,33.584121,112.419396
0,347,33.526524,112.387850
0,348,33.433637,112.334580
0,349,33.368894,112.295334
0,350,33.306887,112.260451
0,351,33.221903,112.210572
0,352,33.150557,112.167684
0,353,33.081202,112.126485
0,354,33.023953,112.091857
0,355,32.959737,112.055454
0,356,32.870489,112.002749
0,357,32.802921,111.961159
0,358,32.740462,111.924422
0,359,32.653227,111.871967
0,360,32.585846,111.829277
0,361,32.528544,111.795025
0,362,32.465624,111.756837
0,363,32.401808,111.719415
0,364,32.324649,111.673553
0,365,32.238516,111.621223
0,366,32.165669,111.574899
0,367,32.098138,111.533064
0,368,32.021363,111.484278
0,369,31.964953,111.447937
0,370,31.898356,111.407390
0,371,31.835357,111.367112
0,372,31.767238,111.326341
0,373,31.687329,111.275589
0,374,31.618975,111.232620
0,375,31.544494,111.185063
0,376,31.472867,111.138792
0,377,31.414653,111.100909
0,378,31.349544,111.060302
0,379,31.271899,111.010418
0,380,31.202922,110.965604
0,381,31.149403,110.930844
0,382,31.074968,110.884856
0,383,30.987080,110.826761
0,384,30.921571,110.782915
0,385,30.856185,110.739693
0,386,30.786306,110.693170
0,387,30.719927,110.648727
0,388,30.656577,110.606565
0,389,30.605679,110.572787
0,390,30.524162,110.521412
0,391,30.438020,110.461865
0,392,30.382697,110.424377
0,393,30.318481,110.381480
0,394,30.252351,110.337036
0,395,30.188322,110.294302
0,396,30.121056,110.249529
0,397,30.054461,110.204967
0,398,29.987182,110.160166
0,399,29.899114,110.100827
0,400,29.832486,110.052674
0,401,29.780816,110.017957
0,402,29.713471,109.971891
0,403,29.636594,109.919571
0,404,29.566507,109.869685
0,405,29.508131,109.829298
0,406,29.447378,109.787192
0,407,29.371518,109.735537
0,408,29.295800,109.681238
0,409,29.232923,109.636715
0,410,29.176113,109.596184
0,411,29.099286,109.543273
0,412,29.029588,109.491664
0,413,28.980257,109.457260
0,414,28.908980,109.407495
0,415,28.832134,109.352487
0,416,28.759013,109.299092
0,417,28.703201,109.257705
0,418,28.630737,109.206334
0,419,28.562170,109.154310
0,420,28.507210,109.114844
0,421,28.447855,109.071350
0,422,28.377903,109.021885
0,423,28.297222,108.961906
0,424,28.227496,108.909420
0,425,28.163942,108.860993
0,426,28.104506,108.816273
0,427,28.044722,108.771493
0,428,27.980214,108.723736
0,429,27.907563,108.669263
0,430,27.844518,108.621004
0,431,27.786112,108.577329
0,432,27.724097,108.530878
0,433,27.660359,108.483557
0,434,27.588413,108.429746
0,435,27.525662,108.381713
0,436,27.456794,108.330318
0,437,27.383931,108.273622
0,438,27.326300,108.228976
0,439,27.265647,108.182727
0,440,27.194030,108.127851
0,441,27.132791,108.079641
0,442,27.080522,108.039902
0,443,27.003609,107.981796
0,444,26.923779,107.918090
0,445,26.857692,107.864813
0,446,26.804668,107.821640
0,447,26.750776,107.779793
0,448,26.690377,107.732430
0,449,26.626058,107.682864
0,450,26.557515,107.628952
0,451,26.479550,107.567351
0,452,26.417075,107.515225
0,453,26.353738,107.465091
0,454,26.292408,107.413776
0,455,26.232092,107.366098
0,456,26.158626,107.305304
0,457,26.110738,107.265446
0,458,26.045545,107.214156
0,459,25.971122,107.152094
0,460,25.923102,107.112284
0,461,25.847574,107.052000
0,462,25.779606,106.993137
0,463,25.723304,106.947210
0,464,25.671259,106.902718
0,465,25.616988,106.860043
0,466,25.542056,106.798443
0,467,25.474639,106.742366
0,468,25.405922,106.684445
0,469,25.330584,106.619788
0,470,25.285745,106.579288
0,471,25.226315,106.531372
0,472,25.164535,106.476847
0,473,25.098686,106.423103
0,474,25.044004,106.373811
0,475,24.978861,106.321667
0,476,24.909506,106.259254
0,477,24.854292,106.213558
0,478,24.775445,106.144001
0,479,24.733624,106.106131
0,480,24.663496,106.047962
0,481,24.598827,105.988299
0,482,24.549256,105.946789
0,483,24.478197,105.883980
0,484,24.438656,105.848721
0,485,24.352969,105.777488
0,486,24.294672,105.721023
0,487,24.251741,105.686892
0,488,24.154195,105.599389
0,489,24.115494,105.561575
0,490,24.074433,105.528218
0,491,23.980002,105.444841
0,492,23.933267,105.399658
0,493,23.874428,105.350228
0,494,23.791327,105.272299
0,495,23.733451,105.218362
0,496,23.701945,105.187772
0,497,23.635385,105.131780
0,498,23.550862,105.051334
0,499,23.499289,105.003240
0,500,23.469120,104.974139
0,501,23.393332,104.910069
0,502,23.303713,104.822729
0,503,23.258601,104.779804
0,504,23.202316,104.726739
0,505,23.171754,104.697066
0,506,23.102560,104.638253
0,507,23.003824,104.542982
0,508,22.943901,104.483084
0,509,22.901055,104.440474
0,510,22.861445,104.403195
0,511,22.816236,104.361654
0,512,22.757711,104.309414
0,513,22.670737,104.229451
0,514,22.592646,104.151834
0,515,22.536078,104.095266
0,516,22.479509,104.038697
0,517,22.422940,103.982128
0,518,22.366372,103.925560
0,519,22.309804,103.868992
0,520,22.265820,103.824845
0,521,22.237891,103.798215
0,522,22.165498,103.733652
0,523,22.079164,103.648352
0,524,22.022136,103.591324
0,525,21.965567,103.534755
0,526,21.908998,103.478186
0,527,21.852430,103.421618
0,528,21.795862,103.365050
0,529,21.739293,103.308481
0,530,21.682724,103.251912
0,531,21.626156,103.195344
0,532,21.568891,103.138079
0,533,21.482009,103.049985
0,534,21.419725,102.979617
0,535,21.394518,102.953589
0,536,21.348486,102.907674
0,537,21.291918,102.851106
0,538,21.235350,102.794538
0,539,21.178781,102.737969
0,540,21.122212,102.681400
0,541,21.065644,102.624832
0,542,20.988168,102.546888
0,543,20.905434,102.456877
0,544,20.859180,102.404222
0,545,20.821995,102.365012
0,546,20.773394,102.313975
0,547,20.729179,102.268308
0,548,20.680069,102.219257
0,549,20.581611,102.118875
0,550,20.518972,102.044857
0,551,20.491696,102.017175
0,552,20.436197,101.958377
0,553,20.391687,101.911329
0,554,20.307200,101.824272
0,555,20.249075,101.755494
0,556,20.217802,101.723876
0,557,20.158783,101.660585
0,558,20.081547,101.577676
0,559,20.032943,101.519869
0,560,20.000389,101.486501
0,561,19.942774,101.424710
0,562,19.862966,101.338858
0,563,19.820913,101.287694
0,564,19.782089,101.249060
0,565,19.687849,101.144117
0,566,19.647868,101.094256
0,567,19.621133,101.067196
0,568,19.547128,100.986830
0,569,19.491436,100.922541
0,570,19.428970,100.853527
0,571,19.369260,100.782034
0,572,19.341866,100.750608
0,573,19.273500,100.676518
0,574,19.210953,100.601057
0,575,19.169462,100.554377
0,576,19.118762,100.495790
0,577,19.075639,100.447315
0,578,19.008720,100.373070
0,579,18.942295,100.294152
0,580,18.895777,100.239097
0,581,18.857241,100.194047
0,582,18.789210,100.117658
0,583,18.727087,100.040812
0,584,18.695738,100.004007
0,585,18.637761,99.938124
0,586,18.590067,99.880484
0,587,18.537565,99.821879
0,588,18.464109,99.733936
0,589,18.422191,99.681704
0,590,18.374053,99.626255
0,591,18.313046,99.552253
0,592,18.252922,99.479237
0,593,18.215079,99.430601
0,594,18.164759,99.373013
0,595,18.114001,99.309240
0,596,18.059721,99.246600
0,597,17.993683,99.163401
0,598,17.957148,99.117720
0,599,17.905191,99.055913
0,600,17.836979,98.970726
0,601,17.804289,98.927444
0,602,17.759660,98.876278
0,603,17.693397,98.793704
0,604,17.650309,98.739769
0,605,17.599547,98.678273
0,606,17.533257,98.595323
0,607,17.484698,98.531597
0,608,17.443378,98.480074
0,609,17.384842,98.406370
0,610,17.340095,98.347827
0,611,17.299917,98.298454
0,612,17.239257,98.222973
0,613,17.182802,98.149758
0,614,17.139393,98.093718
0,615,17.084137,98.023775
0,616,17.026741,97.947741
0,617,16.984547,97.891820
0,618,16.946344,97.842634
0,619,16.888930,97.770405
0,620,16.828170,97.689403
0,621,16.780095,97.625040
0,622,16.731528,97.560004
0,623,16.688291,97.501860
0,624,16.641468,97.440622
0,625,16.590235,97.372415
0,626,16.539770,97.305286
0,627,16.487796,97.235215
0,628,16.443183,97.174504
0,629,16.400066,97.117232
0,630,16.350920,97.052074
0,631,16.300951,96.985331
0,632,16.252247,96.920084
0,633,16.197362,96.846363
0,634,16.147975,96.777756
0,635,16.105893,96.720512
0,636,16.062340,96.661614
0,637,16.006741,96.587338
0,638,15.961169,96.523182
0,639,15.911502,96.457182
0,640,15.850140,96.370391
0,641,15.815790,96.320517
0,642,15.767167,96.255544
0,643,15.716536,96.182550
0,644,15.670593,96.119525
0,645,15.625447,96.054610
0,646,15.582918,95.996518
0,647,15.527146,95.918330
0,648,15.476702,95.845768
0,649,15.428196,95.775935
0,650,15.380112,95.705622
0,651,15.343981,95.652589
0,652,15.296295,95.586197
0,653,15.244025,95.509473
0,654,15.201215,95.447464
0,655,15.163864,95.393174
0,656,15.110111,95.318359
0,657,15.051575,95.230593
0,658,15.009013,95.166640
0,659,14.964148,95.099697
0,660,14.917905,95.030090
0,661,14.874903,94.965183
0,662,14.842209,94.916092
0,663,14.797869,94.853567
0,664,14.743917,94.773901
0,665,14.697750,94.705288
0,666,14.637496,94.614886
0,667,14.594258,94.544435
0,668,14.564968,94.500754
0,669,14.520707,94.434714
0,670,14.474228,94.364869
0,671,14.431005,94.299559
0,672,14.388274,94.235698
0,673,14.341214,94.165301
0,674,14.285127,94.080006
0,675,14.240311,94.008086
0,676,14.202181,93.949434
0,677,14.159595,93.883208
0,678,14.110755,93.808136
0,679,14.066229,93.736760
0,680,14.028091,93.677490
0,681,13.978420,93.600141
0,682,13.939239,93.536642
0,683,13.889395,93.460100
0,684,13.846386,93.387982
0,685,13.803737,93.321993
0,686,13.759781,93.248644
0,687,13.725495,93.194808
0,688,13.676053,93.116362
0,689,13.636433,93.051147
0,690,13.590882,92.979696
0,691,13.539907,92.894812
0,692,13.502609,92.832561
0,693,13.466329,92.773459
0,694,13.421609,92.701415
0,695,13.374673,92.623731
0,696,13.334742,92.557072
0,697,13.293087,92.488610
0,698,13.251411,92.419024
0,699,13.205072,92.342456
0,700,13.168116,92.278576
0,701,13.121679,92.203237
0,702,13.077762,92.125575
0,703,13.048011,92.076215
0,704,13.003439,92.002799
0,705,12.962337,91.932917
0,706,12.917564,91.858841
0,707,12.868383,91.773468
0,708,12.829170,91.704480
0,709,12.787820,91.632691
0,710,12.750824,91.566899
0,711,12.714445,91.504805
0,712,12.670106,91.428155
0,713,12.626538,91.351480
0,714,12.590855,91.287964
0,715,12.555308,91.226973
0,716,12.505064,91.140185
0,717,12.468353,91.072409
0,718,12.422864,90.994447
0,719,12.379447,90.911964
0,720,12.355357,90.869186
0,721,12.310589,90.792135
0,722,12.272938,90.722749
0,723,12.225131,90.640333
0,724,12.186388,90.565186
0,725,12.157542,90.515772
0,726,12.100079,90.412072
0,727,12.062012,90.336431
0,728,12.039754,90.296221
0,729,11.995773,90.218411
0,730,11.955770,90.143106
0,731,11.920910,90.080570
0,732,11.875783,89.997888
0,733,11.830478,89.912277
0,734,11.791406,89.836313
0,735,11.763669,89.782632
0,736,11.725407,89.713228
0,737,11.680330,89.626777
0,738,11.642830,89.554358
0,739,11.602627,89.476589
0,740,11.574550,89.420401
0,741,11.543509,89.364361
0,742,11.492391,89.268299
0,743,11.447800,89.178652
0,744,11.413416,89.109302
0,745,11.379810,89.042130
0,746,11.344387,88.971974
0,747,11.307115,88.897859
0,748,11.270002,88.823545
0,749,11.235326,88.753796
0,750,11.199406,88.682427
0,751,11.162655,88.608549
0,752,11.126806,88.536649
0,753,11.091410,88.465387
0,754,11.057295,88.397069
0,755,11.022770,88.328497
0,756,10.985973,88.255678
0,757,10.947098,88.177997
0,758,10.911994,88.106738
0,759,10.878830,88.040631
0,760,10.842291,87.968102
0,761,10.789910,87.862129
0,762,10.755999,87.784413
0,763,10.734750,87.741886
0,764,10.696562,87.664386
0,765,10.658675,87.585290
0,766,10.626215,87.517499
0,767,10.588336,87.439714
0,768,10.548823,87.355232
0,769,10.519742,87.292328
0,770,10.480615,87.211600
0,771,10.435907,87.111750
0,772,10.410845,87.053486
0,773,10.387084,87.004009
0,774,10.352515,86.931763
0,775,10.306327,86.834028
0,776,10.274347,86.759417
0,777,10.239762,86.686288
0,778,10.205346,86.605931
0,779,10.181604,86.554586
0,780,10.141196,86.467954
0,781,10.107381,86.389846
0,782,10.074027,86.317177
0,783,10.037968,86.233918
0,784,10.012230,86.175295
0,785,9.978846,86.102793
0,786,9.937784,86.009489
0,787,9.905241,85.932352
0,788,9.886324,85.888159
0,789,9.850594,85.813343
0,790,9.804552,85.706504
0,791,9.776620,85.638834
0,792,9.743865,85.564380
0,793,9.713876,85.491429
0,794,9.680898,85.416790
0,795,9.643407,85.325365
0,796,9.620357,85.268709
0,797,9.586636,85.192161
0,798,9.555706,85.115497
0,799,9.526440,85.048671
0,800,9.488304,84.956867
0,801,9.463661,84.895306
0,802,9.430589,84.819850
0,803,9.391329,84.721881
0,804,9.363691,84.651765
0,805,9.337344,84.586997
0,806,9.307063,84.513461
0,807,9.277769,84.441527
0,808,9.251395,84.378081
0,809,9.208899,84.277379
0,810,9.174552,84.184513
0,811,9.148810,84.119407
0,812,9.121625,84.048265
0,813,9.097429,83.987945
0,814,9.065926,83.910719
0,815,9.032797,83.826836
0,816,9.001181,83.745884
0,817,8.971536,83.668474
0,818,8.944287,83.597802
0,819,8.911157,83.512667
0,820,8.880420,83.428958
0,821,8.858915,83.371351
0,822,8.827451,83.292086
0,823,8.799295,83.215133
0,824,8.768148,83.135959
0,825,8.739570,83.056122
0,826,8.710919,82.981948
0,827,8.682490,82.902623
0,828,8.651918,82.821729
0,829,8.624881,82.743878
0,830,8.601639,82.682164
0,831,8.571756,82.601471
0,832,8.542097,82.520138
0,833,8.515890,82.447179
0,834,8.491137,82.380086
0,835,8.460362,82.297563
0,836,8.428006,82.206565
0,837,8.397542,82.118417
0,838,8.371010,82.038844
0,839,8.351396,81.980788
0,840,8.332716,81.929643
0,841,8.299487,81.842181
0,842,8.265059,81.742096
0,843,8.237506,81.660749
0,844,8.211684,81.582993
0,845,8.186702,81.508557
0,846,8.160610,81.430545
0,847,8.134254,81.351124
0,848,8.111019,81.280314
0,849,8.092650,81.226226
0,850,8.064981,81.150695
0,851,8.032822,81.056425
0,852,8.001056,80.960946
0,853,7.974705,80.875238
0,854,7.956225,80.817005
0,855,7.933079,80.748527
0,856,7.906187,80.667193
0,857,7.880968,80.590308
0,858,7.855995,80.514418
0,859,7.827728,80.428159
0,860,7.798112,80.333096
0,861,7.775384,80.256402
0,862,7.757956,80.200381
0,863,7.731972,80.121803
0,864,7.700977,80.020967
0,865,7.679573,79.946969
0,866,7.663665,79.895978
0,867,7.633373,79.804133
0,868,7.606478,79.710685
0,869,7.589665,79.655566
0,870,7.560782,79.564949
0,871,7.537444,79.482077
0,872,7.515674,79.412349
0,873,7.493636,79.336708
0,874,7.470228,79.261952
0,875,7.442983,79.169482
0,876,7.422880,79.099135
0,877,7.398820,79.020220
0,878,7.372086,78.925791
0,879,7.353782,78.859177
0,880,7.330450,78.781324
0,881,7.306169,78.693020
0,882,7.287530,78.626723
0,883,7.265536,78.551330
0,884,7.243407,78.473318
0,885,7.217685,78.384221
0,886,7.196104,78.302459
0,887,7.175706,78.230386
0,888,7.151726,78.142046
0,889,7.133562,78.073057
0,890,7.112727,78.000113
0,891,7.088125,77.909288
0,892,7.069375,77.837767
0,893,7.046609,77.756379
0,894,7.022931,77.664051
0,895,7.004119,77.590532
0,896,6.983474,77.511702
0,897,6.965243,77.439673
0,898,6.946755,77.371613
0,899,6.922681,77.281770
0,900,6.899758,77.190392
0,901,6.880727,77.113045
0,902,6.861775,77.037516
0,903,6.842509,76.960261
0,904,6.822348,76.880062
0,905,6.802860,76.800588
0,906,6.784824,76.728020
0,907,6.765915,76.653402
0,908,6.745533,76.572927
0,909,6.721039,76.473857
0,910,6.702793,76.390764
0,911,6.688019,76.329627
0,912,6.668504,76.250109
0,913,6.649157,76.168701
0,914,6.627522,76.078121
0,915,6.610875,76.001359
0,916,6.594473,75.933896
0,917,6.572771,75.840846
0,918,6.557150,75.768773
0,919,6.539494,75.696394
0,920,6.517087,75.597309
0,921,6.501453,75.522527
0,922,6.482468,75.440335
0,923,6.463093,75.345426
0,924,6.450200,75.282316
0,925,6.437277,75.225569
0,926,6.415715,75.134849
0,927,6.397575,75.047492
0,928,6.379663,74.967769
0,929,6.361113,74.876981
0,930,6.343786,74.792413
0,931,6.327769,74.709843
0,932,6.316534,74.652683
0,933,6.302048,74.589529
0,934,6.281414,74.496464
0,935,6.263850,74.410444
0,936,6.246768,74.329062
0,937,6.228472,74.236962
0,938,6.213877,74.159548
0,939,6.196967,74.074869
0,940,6.183271,73.998137
0,941,6.166401,73.914887
0,942,6.153595,73.839726
0,943,6.139176,73.771543
0,944,6.122905,73.684843
0,945,6.106184,73.599457
0,946,6.091865,73.518272
0,947,6.077348,73.442958
0,948,6.060582,73.350394
0,949,6.047718,73.275001
0,950,6.036060,73.212485
0,951,6.019144,73.125804
0,952,6.002712,73.031514
0,953,5.988794,72.950523
0,954,5.977296,72.882522
0,955,5.959702,72.787853
0,956,5.946034,72.695202
0,957,5.937328,72.643376
0,958,5.920144,72.550182
0,959,5.906844,72.459792
0,960,5.897581,72.405490
0,961,5.880753,72.312506
0,962,5.867866,72.225771
0,963,5.857669,72.166661
0,964,5.839363,72.061588
0,965,5.827859,71.974694
0,966,5.819709,71.926659
0,967,5.801641,71.822779
0,968,5.791801,71.745115
0,969,5.780065,71.681812
0,970,5.763394,71.571748
0,971,5.752012,71.486149
0,972,5.741899,71.414432
0,973,5.729837,71.330435
0,974,5.721645,71.267655
0,975,5.706566,71.176807
0,976,5.697718,71.099495
0,977,5.683915,71.018988
0,978,5.674109,70.933426
0,979,5.662766,70.865092
0,980,5.648563,70.755940
0,981,5.641486,70.693808
0,982,5.630007,70.620046
0,983,5.618061,70.525566
0,984,5.606638,70.438212
0,985,5.600079,70.377273
0,986,5.587932,70.301647
0,987,5.576498,70.206454
0,988,5.564580,70.117371
0,989,5.555177,70.027014
0,990,5.550107,69.982841
0,991,5.536848,69.896577
0,992,5.522952,69.770458
0,993,5.517603,69.704738
0,994,5.512138,69.664687
0,995,5.498706,69.569763
0,996,5.488414,69.474037
0,997,5.479573,69.399998
0,998,5.468651,69.302881
0,999,5.462741,69.236738
0,1000,5.449101,69.127147
0,1001,5.446972,69.064224
0,1002,5.436803,69.006822
0,1003,5.428787,68.912179
0,1004,5.417308,68.826518
0,1005,5.408264,68.706708
0,1006,5.404384,68.653477
0,1007,5.395418,68.570768
0,1008,5.391179,68.505692
0,1009,5.383708,68.452884
0,1010,5.370309,68.329132
0,1011,5.366113,68.259868
0,1012,5.354595,68.163866
0,1013,5.351294,68.082031
0,1014,5.344587,68.035650
0,1015,5.332210,67.890878
0,1016,5.331519,67.832231
0,1017,5.326839,67.805527
0,1018,5.314037,67.679013
0,1019,5.310895,67.609742
0,1020,5.302251,67.540644
0,1021,5.292454,67.393238
0,1022,5.294088,67.364991
0,1023,5.285194,67.312645
0,1024,5.275500,67.167823
0,1025,5.272768,67.103703
0,1026,5.267405,67.041376
0,1027,5.260315,66.940837
0,1028,5.255255,66.843780
0,1029,5.255013,66.814193
0,1030,5.243760,66.720120
0,1031,5.239059,66.588489
0,1032,5.235755,66.524204
0,1033,5.235289,66.493073
0,1034,5.224188,66.395976
0,1035,5.219938,66.262894
0,1036,5.217168,66.200845
0,1037,5.213373,66.117891
0,1038,5.213025,66.084089
0,1039,5.202373,65.982001
0,1040,5.199906,65.848651
0,1041,5.197772,65.792178
0,1042,5.194713,65.714358
0,1043,5.195595,65.697625
0,1044,5.183076,65.593385
0,1045,5.180000,65.423664
0,1046,5.180150,65.363301
0,1047,5.178558,65.313657
0,1048,5.175721,65.251010
0,1049,5.172682,65.194745
0,1050,5.165632,65.104674
0,1051,5.160271,64.970884
0,1052,5.160000,64.863860
0,1053,5.160000,64.783894
0,1054,5.160866,64.752315
0,1055,5.156909,64.708633
0,1056,5.150886,64.593295
0,1057,5.148863,64.496894
0,1058,5.146778,64.425634
0,1059,5.144258,64.346965
0,1060,5.141453,64.254798
0,1061,5.140033,64.153920
0,1062,5.140000,64.064528
0,1063,5.140000,63.984528
0,1064,5.140000,63.904528
0,1065,5.140000,63.824528
0,1066,5.140000,63.744528
0,1067,5.140000,63.664528
0,1068,5.140000,63.584528
0,1069,5.140000,63.504528
0,1070,5.140000,63.424528
0,1071,5.140000,63.344528
0,1072,5.140000,63.264528
0,1073,5.140000,63.184528
0,1074,5.140000,63.104528
0,1075,5.140000,63.024528
0,1076,5.140000,62.944528
0,1077,5.140000,62.864528
0,1078,5.140000,62.784528
0,1079,5.140000,62.704528
0,1080,5.140000,62.624528
0,1081,5.140000,62.544528
0,1082,5.140000,62.464528
0,1083,5.140000,62.384528
0,1084,5.140000,62.304528
0,1085,5.140000,62.224528
0,1086,5.140000,62.144528
0,1087,5.140064,62.051398
0,1088,5.141996,61.950098
0,1089,5.144774,61.861398
0,1090,5.147299,61.783600
0,1091,5.149238,61.716608
0,1092,5.151184,61.608157
0,1093,5.158283,61.500504
0,1094,5.160503,61.468344
0,1095,5.160000,61.425190
0,1096,5.160000,61.345190
0,1097,5.160378,61.233227
0,1098,5.166466,61.100328
0,1099,5.173065,61.015767
0,1100,5.176148,60.957712
0,1101,5.178952,60.898847
0,1102,5.180092,60.850108
0,1103,5.180016,60.779305
0,1104,5.184136,60.610704
0,1105,5.196057,60.512906
0,1106,5.195230,60.495367
0,1107,5.198223,60.418439
0,1108,5.200185,60.364680
0,1109,5.202616,60.223050
0,1110,5.214247,60.119962
0,1111,5.213906,60.092706
0,1112,5.217772,60.009166
0,1113,5.220786,59.935848
0,1114,5.225814,59.816702
0,1115,5.234193,59.730916
0,1116,5.235866,59.684717
0,1117,5.240009,59.600949
0,1118,5.246466,59.485464
0,1119,5.254380,59.409307
0,1120,5.256035,59.364175
0,1121,5.262214,59.250089
0,1122,5.270056,59.170838
0,1123,5.272095,59.122952
0,1124,5.276393,59.039510
0,1125,5.285319,58.900763
0,1126,5.294624,58.841092
0,1127,5.294150,58.799717
0,1128,5.306690,58.646506
0,1129,5.313082,58.616719
0,1130,5.313374,58.541699
0,1131,5.329617,58.398319
0,1132,5.331293,58.392620
0,1133,5.333399,58.303952
0,1134,5.348441,58.161511
0,1135,5.351952,58.141385
0,1136,5.355214,58.047868
0,1137,5.368422,57.940368
0,1138,5.372709,57.874303
0,1139,5.384982,57.763346
0,1140,5.390558,57.721160
0,1141,5.395540,57.636907
0,1142,5.406453,57.546700
0,1143,5.409370,57.501762
0,1144,5.417494,57.393759
0,1145,5.430075,57.283125
0,1146,5.440175,57.198692
0,1147,5.446314,57.153471
0,1148,5.452927,57.062266
0,1149,5.464703,56.977773
0,1150,5.469362,56.911996
0,1151,5.481448,56.809192
0,1152,5.488514,56.746216
0,1153,5.498339,56.646992
0,1154,5.513320,56.538678
0,1155,5.519611,56.497545
0,1156,5.524018,56.440224
0,1157,5.538012,56.311996
0,1158,5.552096,56.221350
0,1159,5.556192,56.188420
0,1160,5.566425,56.081390
0,1161,5.580680,55.993284
0,1162,5.588448,55.916595
0,1163,5.600711,55.841275
0,1164,5.606892,55.774015
0,1165,5.620885,55.673573
0,1166,5.630851,55.596315
0,1167,5.642109,55.515445
0,1168,5.650478,55.452366
0,1169,5.662929,55.348162
0,1170,5.676153,55.270496
0,1171,5.685469,55.188925
0,1172,5.700841,55.098453
0,1173,5.707206,55.047706
0,1174,5.719755,54.951985
0,1175,5.733607,54.862719
0,1176,5.743706,54.793220
0,1177,5.752497,54.731681
0,1178,5.764912,54.630776
0,1179,5.783761,54.519976
0,1180,5.791714,54.474590
0,1181,5.801393,54.396005
0,1182,5.820390,54.280487
0,1183,5.831540,54.219795
0,1184,5.841580,54.146925
0,1185,5.858974,54.043753
0,1186,5.870662,53.978283
0,1187,5.882249,53.900723
0,1188,5.898782,53.805377
0,1189,5.909621,53.744239
0,1190,5.921536,53.663547
0,1191,5.938498,53.567241
0,1192,5.948632,53.509984
0,1193,5.960804,53.426325
0,1194,5.977829,53.331405
0,1195,5.990822,53.254736
0,1196,6.005656,53.171454
0,1197,6.021174,53.083889
0,1198,6.037924,52.996442
0,1199,6.049294,52.937518
0,1200,6.062354,52.856844
0,1201,6.078660,52.772175
0,1202,6.090823,52.700708
0,1203,6.109140,52.600497
0,1204,6.127874,52.508606
0,1205,6.141852,52.440040
0,1206,6.154903,52.370962
0,1207,6.169887,52.291521
0,1208,6.183950,52.217885
0,1209,6.198903,52.135369
0,1210,6.216182,52.047329
0,1211,6.231187,51.970726
0,1212,6.248718,51.880622
0,1213,6.266813,51.795903
0,1214,6.283492,51.714339
0,1215,6.303586,51.622577
0,1216,6.318980,51.554747
0,1217,6.330333,51.498581
0,1218,6.346338,51.414927
0,1219,6.363139,51.335295
0,1220,6.382136,51.238409
0,1221,6.401892,51.155801
0,1222,6.416605,51.082055
0,1223,6.438792,50.986103
0,1224,6.453033,50.924333
0,1225,6.465298,50.864788
0,1226,6.484082,50.771419
0,1227,6.504388,50.682927
0,1228,6.521066,50.605795
0,1229,6.542742,50.511264
0,1230,6.560079,50.440120
0,1231,6.575403,50.369752
0,1232,6.596349,50.278822
0,1233,6.612950,50.209809
0,1234,6.629867,50.131639
0,1235,6.651708,50.040138
0,1236,6.670898,49.959646
0,1237,6.690335,49.879951
0,1238,6.705766,49.816329
0,1239,6.724089,49.733751
0,1240,6.747930,49.637490
0,1241,6.767560,49.559357
0,1242,6.787039,49.481379
0,1243,6.806833,49.402777
0,1244,6.825570,49.328281
0,1245,6.844665,49.250917
0,1246,6.865039,49.169733
0,1247,6.884102,49.094300
0,1248,6.902919,49.018272
0,1249,6.926203,48.925450
0,1250,6.948291,48.844213
0,1251,6.966308,48.773895
0,1252,6.987660,48.691983
0,1253,7.007759,48.615886
0,1254,7.024678,48.550572
0,1255,7.048534,48.454072
0,1256,7.073905,48.365739
0,1257,7.093183,48.292319
0,1258,7.116415,48.210085
0,1259,7.134535,48.143383
0,1260,7.158451,48.053769
0,1261,7.181291,47.975555
0,1262,7.197330,47.915412
0,1263,7.222343,47.821231
0,1264,7.244162,47.747709
0,1265,7.264175,47.670354
0,1266,7.291010,47.579029
0,1267,7.310884,47.508694
0,1268,7.335299,47.423067
0,1269,7.355666,47.354876
0,1270,7.375515,47.281412
0,1271,7.403964,47.183606
0,1272,7.424864,47.115594
0,1273,7.447858,47.032923
0,1274,7.475422,46.945003
0,1275,7.492743,46.886479
0,1276,7.517108,46.801195
0,1277,7.541233,46.723473
0,1278,7.565993,46.637684
0,1279,7.592350,46.556524
0,1280,7.608359,46.501934
0,1281,7.636689,46.404564
0,1282,7.667123,46.311743
0,1283,7.688347,46.244706
0,1284,7.707174,46.185172
0,1285,7.731827,46.100202
0,1286,7.759575,46.015297
0,1287,7.777954,45.954465
0,1288,7.802873,45.871950
0,1289,7.829183,45.788007
0,1290,7.857661,45.697750
0,1291,7.886990,45.610670
0,1292,7.911922,45.536051
0,1293,7.937550,45.459660
0,1294,7.962133,45.386303
0,1295,7.979931,45.333096
0,1296,8.000889,45.262041
0,1297,8.040370,45.140219
0,1298,8.072491,45.053994
0,1299,8.090005,45.002221
0,1300,8.113338,44.932165
0,1301,8.138507,44.856152
0,1302,8.164894,44.776984
0,1303,8.190460,44.701075
0,1304,8.214227,44.629806
0,1305,8.238849,44.554910
0,1306,8.274542,44.448360
0,1307,8.307463,44.361721
0,1308,8.328114,44.302804
0,1309,8.353485,44.231005
0,1310,8.376028,44.165932
0,1311,8.402765,44.086164
0,1312,8.438244,43.985816
0,1313,8.465637,43.913631
0,1314,8.491450,43.839499
0,1315,8.521245,43.760212
0,1316,8.544196,43.695659
0,1317,8.572739,43.615762
0,1318,8.603164,43.532297
0,1319,8.626540,43.469768
0,1320,8.654022,43.389729
0,1321,8.686918,43.302695
0,1322,8.718207,43.217159
0,1323,8.746520,43.146318
0,1324,8.774175,43.069201
0,1325,8.804411,42.993941
0,1326,8.830220,42.922060
0,1327,8.862603,42.839981
0,1328,8.884600,42.780973
0,1329,8.914133,42.700589
0,1330,8.945518,42.618632
0,1331,8.975528,42.539723
0,1332,9.007639,42.457566
0,1333,9.037243,42.382461
0,1334,9.068247,42.303464
0,1335,9.101507,42.220815
0,1336,9.130840,42.148933
0,1337,9.157376,42.082321
0,1338,9.187957,42.004677
0,1339,9.221023,41.922890
0,1340,9.249597,41.852865
0,1341,9.276275,41.785622
0,1342,9.307492,41.706572
0,1343,9.340385,41.625430
0,1344,9.368277,41.557075
0,1345,9.394983,41.489406
0,1346,9.432876,41.394047
0,1347,9.466277,41.316982
0,1348,9.495339,41.244664
0,1349,9.531655,41.160112
0,1350,9.558599,41.096455
0,1351,9.593807,41.011256
0,1352,9.623253,40.945342
0,1353,9.646977,40.885210
0,1354,9.685651,40.792577
0,1355,9.719224,40.715126
0,1356,9.748788,40.645614
0,1357,9.782013,40.567638
0,1358,9.814915,40.491792
0,1359,9.853278,40.403040
0,1360,9.887392,40.329441
0,1361,9.909444,40.278237
0,1362,9.939554,40.206659
0,1363,9.983013,40.105847
0,1364,10.019134,40.029442
0,1365,10.044522,39.970911
0,1366,10.083069,39.884325
0,1367,10.119455,39.805657
0,1368,10.146267,39.747071
0,1369,10.178612,39.672790
0,1370,10.207779,39.609549
0,1371,10.243838,39.523863
0,1372,10.280553,39.447455
0,1373,10.307000,39.384731
0,1374,10.353818,39.282898
0,1375,10.396935,39.193532
0,1376,10.425223,39.136897
0,1377,10.444100,39.094801
0,1378,10.482362,39.007300
0,1379,10.521064,38.926464
0,1380,10.552467,38.856866
0,1381,10.595742,38.765557
0,1382,10.632253,38.690997
0,1383,10.663684,38.625467
0,1384,10.701150,38.546914
0,1385,10.736986,38.474164
0,1386,10.758149,38.430374
0,1387,10.795787,38.344860
0,1388,10.848636,38.238730
0,1389,10.884816,38.167247
0,1390,10.918890,38.099584
0,1391,10.953171,38.030779
0,1392,10.990126,37.956544
0,1393,11.027597,37.882142
0,1394,11.062535,37.812815
0,1395,11.093971,37.749894
0,1396,11.129445,37.676932
0,1397,11.170097,37.595809
0,1398,11.206718,37.523426
0,1399,11.241154,37.455037
0,1400,11.275447,37.386394
0,1401,11.311271,37.314381
0,1402,11.348199,37.240583
0,1403,11.384336,37.168620
0,1404,11.417594,37.102314
0,1405,11.452122,37.032039
0,1406,11.499860,36.936658
0,1407,11.549119,36.845279
0,1408,11.577921,36.792593
0,1409,11.606300,36.735934
0,1410,11.647047,36.656324
0,1411,11.684710,36.584105
0,1412,11.734804,36.487584
0,1413,11.773646,36.420391
0,1414,11.795415,36.376744
0,1415,11.836344,36.297584
0,1416,11.882594,36.210000
0,1417,11.924051,36.134973
0,1418,11.955952,36.075677
0,1419,11.998946,35.994628
0,1420,12.044542,35.913141
0,1421,12.069444,35.868766
0,1422,12.111993,35.785339
0,1423,12.162892,35.696899
0,1424,12.194473,35.638968
0,1425,12.239244,35.558228
0,1426,12.272807,35.499773
0,1427,12.312346,35.425338
0,1428,12.358616,35.345183
0,1429,12.387115,35.293672
0,1430,12.431454,35.211677
0,1431,12.472020,35.141729
0,1432,12.507696,35.075581
0,1433,12.559890,34.984006
0,1434,12.597474,34.920458
0,1435,12.640261,34.844093
0,1436,12.682552,34.774198
0,1437,12.710615,34.723897
0,1438,12.750648,34.652551
0,1439,12.795981,34.572458
0,1440,12.836923,34.502440
0,1441,12.881499,34.424133
0,1442,12.924018,34.353829
0,1443,12.959109,34.292313
0,1444,13.007202,34.210361
0,1445,13.056420,34.128604
0,1446,13.085607,34.082106
0,1447,13.122018,34.015982
0,1448,13.175796,33.927107
0,1449,13.213353,33.864452
0,1450,13.257088,33.790992
0,1451,13.295610,33.728006
0,1452,13.341253,33.649978
0,1453,13.391060,33.570845
0,1454,13.424356,33.516191
0,1455,13.465490,33.447569
0,1456,13.509012,33.376198
0,1457,13.549391,33.309646
0,1458,13.598911,33.228065
0,1459,13.640651,33.162751
0,1460,13.681419,33.094856
0,1461,13.729523,33.019156
0,1462,13.767820,32.957376
0,1463,13.814178,32.882864
0,1464,13.850227,32.826460
0,1465,13.894157,32.752863
0,1466,13.944752,32.674479
0,1467,13.987250,32.606210
0,1468,14.036545,32.530186
0,1469,14.069821,32.478732
0,1470,14.114081,32.406376
0,1471,14.167582,32.324362
0,1472,14.210756,32.257700
0,1473,14.245683,32.204496
0,1474,14.290539,32.131590
0,1475,14.349615,32.042423
0,1476,14.393357,31.977163
0,1477,14.436572,31.911925
0,1478,14.482492,31.843024
0,1479,14.525875,31.778132
0,1480,14.569019,31.712987
0,1481,14.602186,31.663379
0,1482,14.645274,31.593919
0,1483,14.705532,31.503416
0,1484,14.758608,31.425437
0,1485,14.802133,31.363268
0,1486,14.837583,31.310376
0,1487,14.881493,31.244248
0,1488,14.927554,31.175515
0,1489,14.970237,31.111807
0,1490,15.012921,31.047430
0,1491,15.059636,30.977087
0,1492,15.118685,30.889593
0,1493,15.170901,30.816869
0,1494,15.208361,30.762756
0,1495,15.256442,30.692957
0,1496,15.304652,30.624443
0,1497,15.347911,30.562362
0,1498,15.388353,30.504162
0,1499,15.442134,30.425047
0,1500,15.493889,30.353893
0,1501,15.526275,30.307139
0,1502,15.579759,30.228570
0,1503,15.631338,30.157545
0,1504,15.675090,30.094558
0,1505,15.725002,30.025234
0,1506,15.774799,29.954904
0,1507,15.818460,29.895593
0,1508,15.861745,29.833076
0,1509,15.918364,29.754920
0,1510,15.965116,29.690899
0,1511,16.014258,29.623059
0,1512,16.064071,29.555620
0,1513,16.111475,29.490939
0,1514,16.157364,29.428886
0,1515,16.206313,29.361540
0,1516,16.257296,29.293242
0,1517,16.303778,29.230292
0,1518,16.356113,29.159865
0,1519,16.406260,29.093549
0,1520,16.453955,29.029971
0,1521,16.500650,28.968149
0,1522,16.544595,28.909104
0,1523,16.594777,28.841351
0,1524,16.647889,28.770930
0,1525,16.695856,28.707774
0,1526,16.740712,28.648188
0,1527,16.785152,28.588694
0,1528,16.836023,28.519955
0,1529,16.897268,28.439396
0,1530,16.952852,28.368898
0,1531,16.991154,28.320125
0,1532,17.029634,28.268472
0,1533,17.091552,28.185872
0,1534,17.150720,28.111836
0,1535,17.203891,28.043887
0,1536,17.250227,27.987373
0,1537,17.295706,27.927813
0,1538,17.355175,27.853805
0,1539,17.395610,27.803432
0,1540,17.437430,27.748912
0,1541,17.488667,27.682706
0,1542,17.547932,27.606604
0,1543,17.608059,27.532581
0,1544,17.651807,27.478964
0,1545,17.701262,27.416189
0,1546,17.768755,27.333412
0,1547,17.809963,27.285644
0,1548,17.844576,27.240320
0,1549,17.908362,27.160343
0,1550,17.964693,27.092237
0,1551,18.003343,27.045093
0,1552,18.062470,26.969897
0,1553,18.123104,26.898804
0,1554,18.175402,26.834671
0,1555,18.220934,26.782296
0,1556,18.261565,26.730409
0,1557,18.324877,26.653852
0,1558,18.380628,26.587218
0,1559,18.429937,26.528978
0,1560,18.473682,26.476094
0,1561,18.541241,26.394027
0,1562,18.594993,26.333997
0,1563,18.641853,26.276627
0,1564,18.708883,26.200169
0,1565,18.753352,26.149381
0,1566,18.796204,26.098800
0,1567,18.849569,26.035266
0,1568,18.912616,25.961632
0,1569,18.953612,25.915644
0,1570,19.016942,25.838340
0,1571,19.076542,25.774424
0,1572,19.114524,25.727821
0,1573,19.186102,25.646604
0,1574,19.217900,25.612170
0,1575,19.275339,25.540997
0,1576,19.338966,25.472125
0,1577,19.382523,25.419492
0,1578,19.461520,25.331537
0,1579,19.497850,25.293467
0,1580,19.542246,25.239590
0,1581,19.620365,25.153038
0,1582,19.658592,25.112270
0,1583,19.708643,25.052923
0,1584,19.791845,24.962161
0,1585,19.824363,24.929439
0,1586,19.869248,24.874978
0,1587,19.948749,24.789073
0,1588,20.002653,24.731038
0,1589,20.041991,24.689145
0,1590,20.095913,24.627131
0,1591,20.166669,24.551410
0,1592,20.220317,24.493848
0,1593,20.256808,24.455259
0,1594,20.320834,24.381579
0,1595,20.399271,24.301021
0,1596,20.444127,24.253595
0,1597,20.499785,24.194635
0,1598,20.527405,24.166578
0,1599,20.589967,24.092752
0,1600,20.688046,23.992766
0,1601,20.740792,23.940035
0,1602,20.782572,23.897672
0,1603,20.821724,23.855979
0,1604,20.861349,23.812953
0,1605,20.917781,23.749116
0,1606,21.001069,23.660021
0,1607,21.073817,23.586995
0,1608,21.130386,23.530426
0,1609,21.186954,23.473858
0,1610,21.243522,23.417290
0,1611,21.300091,23.360721
0,1612,21.356660,23.304152
0,1613,21.398089,23.262966
0,1614,21.426654,23.232410
0,1615,21.494611,23.156961
0,1616,21.577752,23.073060
0,1617,21.634320,23.016492
0,1618,21.690889,22.959923
0,1619,21.747457,22.903355
0,1620,21.804026,22.846786
0,1621,21.860594,22.790218
0,1622,21.917163,22.733649
0,1623,21.973731,22.677081
0,1624,22.030300,22.620512
0,1625,22.095097,22.555785
0,1626,22.186499,22.468036
0,1627,22.239339,22.422451
0,1628,22.262388,22.398425
0,1629,22.317965,22.342847
0,1630,22.374534,22.286278
0,1631,22.431102,22.229710
0,1632,22.487670,22.173142
0,1633,22.544239,22.116573
0,1634,22.601466,22.059346
0,1635,22.696340,21.966151
0,1636,22.778795,21.894661
0,1637,22.814440,21.861834
0,1638,22.860833,21.818295
0,1639,22.903229,21.777651
0,1640,22.950064,21.730748
0,1641,23.036386,21.645334
0,1642,23.115533,21.574663
0,1643,23.157688,21.535575
0,1644,23.210962,21.485230
0,1645,23.264395,21.434835
0,1646,23.330470,21.371352
0,1647,23.404161,21.304013
0,1648,23.456628,21.256450
0,1649,23.508240,21.208074
0,1650,23.562627,21.157359
0,1651,23.645142,21.079606
0,1652,23.711264,21.023535
0,1653,23.745997,20.990574
0,1654,23.818762,20.923111
0,1655,23.883369,20.866110
0,1656,23.930030,20.823493
0,1657,23.986760,20.770967
0,1658,24.070298,20.694634
0,1659,24.124822,20.649228
0,1660,24.174790,20.601680
0,1661,24.259507,20.527869
0,1662,24.298561,20.494905
0,1663,24.357388,20.439390
0,1664,24.439219,20.368914
0,1665,24.502149,20.314274
0,1666,24.554229,20.270378
0,1667,24.597918,20.230874
0,1668,24.676864,20.160082
0,1669,24.750025,20.098934
0,1670,24.797448,20.058065
0,1671,24.857468,20.005458
0,1672,24.911592,19.958964
0,1673,24.987867,19.890938
0,1674,25.052476,19.838833
0,1675,25.111317,19.786361
0,1676,25.171043,19.738225
0,1677,25.231825,19.683611
0,1678,25.295182,19.632654
0,1679,25.347569,19.585432
0,1680,25.428598,19.518089
0,1681,25.479418,19.475985
0,1682,25.544312,19.420139
0,1683,25.625762,19.353540
0,1684,25.669567,19.318990
0,1685,25.728551,19.267182
0,1686,25.795724,19.213135
0,1687,25.852913,19.163787
0,1688,25.925843,19.104328
0,1689,25.985786,19.054843
0,1690,26.059287,18.994765
0,1691,26.126942,18.941343
0,1692,26.173387,18.904129
0,1693,26.236598,18.851136
0,1694,26.307518,18.794496
0,1695,26.362538,18.749808
0,1696,26.439031,18.687376
0,1697,26.497722,18.642510
0,1698,26.547849,18.600401
0,1699,26.630208,18.534374
0,1700,26.704195,18.477200
0,1701,26.751702,18.440871
0,1702,26.804469,18.397396
0,1703,26.880816,18.336544
0,1704,26.945232,18.286441
0,1705,27.006800,18.237612
0,1706,27.079490,18.180862
0,1707,27.143233,18.132171
0,1708,27.203020,18.085500
0,1709,27.273635,18.030898
0,1710,27.343036,17.978245
0,1711,27.399319,17.935700
0,1712,27.460046,17.888271
0,1713,27.528963,17.835630
0,1714,27.597891,17.782948
0,1715,27.667683,17.730738
0,1716,27.733399,17.681589
0,1717,27.797079,17.634279
0,1718,27.853367,17.592114
0,1719,27.917711,17.542871
0,1720,27.988018,17.490320
0,1721,28.052844,17.441880
0,1722,28.116810,17.394233
0,1723,28.174061,17.351447
0,1724,28.237356,17.303045
0,1725,28.323888,17.238460
0,1726,28.386290,17.194799
0,1727,28.441606,17.152714
0,1728,28.514097,17.100126
0,1729,28.569854,17.059133
0,1730,28.641078,17.005876
0,1731,28.713533,16.953979
0,1732,28.776530,16.908116
0,1733,28.860228,16.848042
0,1734,28.922192,16.806201
0,1735,28.981881,16.762416
0,1736,29.047332,16.717269
0,1737,29.112593,16.669472
0,1738,29.187045,16.618119
0,1739,29.232927,16.585631
0,1740,29.300157,16.535864
0,1741,29.381981,16.478361
0,1742,29.457629,16.425751
0,1743,29.529559,16.377197
0,1744,29.579363,16.343391
0,1745,29.639910,16.299847
0,1746,29.716872,16.246464
0,1747,29.787003,16.198232
0,1748,29.839311,16.162739
0,1749,29.908625,16.112597
0,1750,29.995953,16.053833
0,1751,30.066423,16.006669
0,1752,30.134029,15.962084
0,1753,30.196549,15.920358
0,1754,30.263644,15.875421
0,1755,30.332402,15.829648
0,1756,30.396202,15.787279
0,1757,30.459357,15.744768
0,1758,30.530724,15.696788
0,1759,30.599452,15.651406
0,1760,30.662575,15.609270
0,1761,30.731334,15.563279
0,1762,30.799512,15.518167
0,1763,30.862776,15.476085
0,1764,30.929104,15.431631
0,1765,31.007432,15.379562
0,1766,31.085859,15.329274
0,1767,31.150455,15.288091
0,1768,31.214945,15.246328
0,1769,31.286112,15.200479
0,1770,31.357601,15.154886
0,1771,31.422701,15.113604
0,1772,31.485741,15.073012
0,1773,31.557520,15.026749
0,1774,31.628778,14.981664
0,1775,31.698436,14.937397
0,1776,31.774162,14.889905
0,1777,31.838377,14.850365
0,1778,31.913818,14.802457
0,1779,31.981907,14.761803
0,1780,32.035575,14.727392
0,1781,32.102226,14.685381
0,1782,32.189688,14.629710
0,1783,32.266116,14.585027
0,1784,32.327415,14.546741
0,1785,32.403082,14.501453
0,1786,32.464986,14.463934
0,1787,32.535721,14.420580
0,1788,32.597550,14.383552
0,1789,32.658536,14.345100
0,1790,32.747628,14.290348
0,1791,32.818646,14.249153
0,1792,32.876535,14.213641
0,1793,32.966519,14.159498
0,1794,33.043794,14.115964
0,1795,33.095980,14.085327
0,1796,33.162348,14.045471
0,1797,33.229546,14.005744
0,1798,33.314721,13.954548
0,1799,33.389194,13.913251
0,1800,33.439937,13.882935
0,1801,33.528829,13.830351
0,1802,33.594347,13.794567
0,1803,33.661853,13.753700
0,1804,33.737205,13.712125
0,1805,33.805718,13.671506
0,1806,33.876570,13.632471
0,1807,33.945842,13.591542
0,1808,34.020973,13.550154
0,1809,34.087677,13.511467
0,1810,34.160510,13.471007
0,1811,34.238815,13.426271
0,1812,34.321871,13.381653
0,1813,34.370111,13.355515
0,1814,34.438250,13.315681
0,1815,34.512424,13.275040
0,1816,34.596364,13.227078
0,1817,34.670087,13.189018
0,1818,34.717499,13.161685
0,1819,34.815402,13.106866
0,1820,34.891195,13.068264
0,1821,34.932623,13.045108
0,1822,35.022581,12.994229
0,1823,35.087213,12.961533
0,1824,35.143486,12.928214
0,1825,35.242780,12.874684
0,1826,35.333365,12.827500
0,1827,35.395682,12.796805
0,1828,35.441148,12.771940
0,1829,35.522123,12.727646
0,1830,35.604506,12.684867
0,1831,35.673399,12.648777
0,1832,35.751820,12.607847
0,1833,35.805315,12.580971
0,1834,35.878846,12.539847
0,1835,35.976798,12.490461
0,1836,36.045402,12.455865
0,1837,36.119081,12.418606
0,1838,36.194246,12.381057
0,1839,36.264864,12.345871
0,1840,36.335002,12.310694
0,1841,36.409538,12.273347
0,1842,36.484011,12.236458
0,1843,36.553361,12.202112
0,1844,36.621326,12.168122
0,1845,36.690891,12.133151
0,1846,36.762322,12.097146
0,1847,36.837217,12.059498
0,1848,36.910189,12.023232
0,1849,36.980742,11.987957
0,1850,37.052235,11.952281
0,1851,37.125202,11.915790
0,1852,37.199346,11.879010
0,1853,37.295034,11.831927
0,1854,37.375016,11.795975
0,1855,37.424001,11.772303
0,1856,37.498063,11.735732
0,1857,37.578182,11.697547
0,1858,37.643733,11.666230
0,1859,37.725075,11.626509
0,1860,37.812581,11.586232
0,1861,37.872826,11.558601
0,1862,37.934506,11.528699
0,1863,38.015971,11.489584
0,1864,38.104511,11.448429
0,1865,38.161331,11.423191
0,1866,38.241780,11.383449
0,1867,38.348310,11.336945
0,1868,38.397650,11.315913
0,1869,38.468449,11.281993
0,1870,38.557454,11.243101
0,1871,38.602882,11.222944
0,1872,38.679613,11.185542
0,1873,38.774612,11.143593
0,1874,38.828354,11.119741
0,1875,38.910444,11.080845
0,1876,38.997872,11.043303
0,1877,39.065526,11.012886
0,1878,39.150162,10.975912
0,1879,39.226723,10.943219
0,1880,39.303661,10.910070
0,1881,39.381807,10.877220
0,1882,39.436738,10.854146
0,1883,39.505435,10.822744
0,1884,39.580515,10.790405
0,1885,39.665257,10.752225
0,1886,39.753379,10.716060
0,1887,39.819115,10.688018
0,1888,39.906127,10.651314
0,1889,39.965962,10.627580
0,1890,40.034429,10.596662
0,1891,40.124999,10.559389
0,1892,40.184684,10.534441
0,1893,40.260161,10.501555
0,1894,40.348605,10.464853
0,1895,40.426557,10.433015
0,1896,40.500475,10.402931
0,1897,40.582068,10.369620
0,1898,40.664817,10.337067
0,1899,40.734894,10.309514
0,1900,40.800664,10.283139
0,1901,40.880385,10.250572
0,1902,40.963820,10.217943
0,1903,41.025897,10.193638
0,1904,41.096025,10.164611
0,1905,41.181031,10.130630
0,1906,41.252396,10.102560
0,1907,41.332460,10.070171
0,1908,41.413527,10.039098
0,1909,41.482340,10.012012
0,1910,41.556254,9.982971
0,1911,41.642899,9.948877
0,1912,41.726962,9.917651
0,1913,41.806924,9.887471
0,1914,41.873474,9.863527
0,1915,41.933578,9.839731
0,1916,42.011443,9.809573
0,1917,42.091682,9.778486
0,1918,42.187991,9.742277
0,1919,42.261538,9.716638
0,1920,42.321013,9.693870
0,1921,42.405323,9.662160
0,1922,42.478226,9.635677
0,1923,42.567197,9.602037
0,1924,42.653884,9.572540
0,1925,42.705205,9.553995
0,1926,42.792303,9.521021
0,1927,42.887131,9.488628
0,1928,42.947674,9.467668
0,1929,43.003424,9.447268
0,1930,43.096606,9.412017
0,1931,43.198100,9.377890
0,1932,43.256429,9.358385
0,1933,43.312726,9.337803
0,1934,43.394635,9.307569
0,1935,43.491628,9.273483
0,1936,43.575680,9.245555
0,1937,43.650935,9.220167
0,1938,43.730328,9.193757
0,1939,43.804137,9.169309
0,1940,43.878436,9.144318
0,1941,43.957378,9.117956
0,1942,44.036485,9.091772
0,1943,44.105315,9.069195
0,1944,44.159371,9.050669
0,1945,44.261166,9.013990
0,1946,44.356810,8.985055
0,1947,44.413758,8.965895
0,1948,44.493638,8.939552
0,1949,44.579797,8.911455
0,1950,44.661506,8.885903
0,1951,44.725955,8.865488
0,1952,44.790671,8.843925
0,1953,44.889106,8.811060
0,1954,44.966736,8.788219
0,1955,45.043823,8.762426
0,1956,45.141826,8.733554
0,1957,45.203269,8.715242
0,1958,45.261046,8.696860
0,1959,45.358314,8.665061
0,1960,45.446478,8.640019
0,1961,45.496699,8.624291
0,1962,45.594809,8.592689
0,1963,45.684578,8.567828
0,1964,45.758843,8.545190
0,1965,45.833142,8.524587
0,1966,45.892535,8.506088
0,1967,45.981123,8.478987
0,1968,46.055245,8.457621
0,1969,46.135024,8.432851
0,1970,46.227003,8.406711
0,1971,46.294976,8.387309
0,1972,46.374005,8.363792
0,1973,46.456129,8.340618
0,1974,46.538011,8.316967
0,1975,46.619508,8.294658
0,1976,46.699613,8.272090
0,1977,46.763975,8.254981
0,1978,46.843884,8.230793
0,1979,46.930083,8.207999
0,1980,47.006787,8.185853
0,1981,47.104829,8.159985
0,1982,47.180714,8.140669
0,1983,47.238350,8.125411
0,1984,47.314600,8.103519
0,1985,47.407295,8.078741
0,1986,47.474515,8.061226
0,1987,47.559629,8.037218
0,1988,47.648869,8.014922
0,1989,47.718900,7.996372
0,1990,47.801613,7.974858
0,1991,47.884860,7.953573
0,1992,47.949626,7.937433
0,1993,48.023114,7.917057
0,1994,48.118934,7.892421
0,1995,48.200030,7.872403
0,1996,48.277440,7.852968
0,1997,48.357012,7.833314
0,1998,48.453964,7.809434
0,1999,48.529071,7.793265
0,2000,48.584396,7.779062
0,2001,48.665069,7.758757
0,2002,48.749806,7.737763
0,2003,48.837635,7.716666
0,2004,48.911321,7.699622
0,2005,48.999699,7.677914
0,2006,49.080168,7.660617
0,2007,49.142666,7.645283
0,2008,49.219642,7.626897
0,2009,49.304537,7.606168
0,2010,49.391700,7.586308
0,2011,49.466643,7.569077
0,2012,49.554782,7.548676
0,2013,49.635018,7.531518
0,2014,49.719096,7.512344
0,2015,49.790535,7.497877
0,2016,49.868361,7.479213
0,2017,49.945160,7.463587
0,2018,50.019529,7.445501
0,2019,50.112621,7.425872
0,2020,50.182344,7.410614
0,2021,50.278755,7.389328
0,2022,50.373517,7.371188
0,2023,50.443606,7.357383
0,2024,50.509863,7.343969
0,2025,50.577279,7.329386
0,2026,50.672299,7.308642
0,2027,50.745057,7.294969
0,2028,50.813558,7.279119
0,2029,50.918939,7.257551
0,2030,51.000764,7.242270
0,2031,51.068863,7.228690
0,2032,51.165751,7.209231
0,2033,51.257214,7.193520
0,2034,51.318541,7.182311
0,2035,51.390551,7.168087
0,2036,51.461523,7.154434
0,2037,51.546684,7.136714
0,2038,51.628096,7.121848
0,2039,51.721216,7.103040
0,2040,51.801638,7.090203
0,2041,51.877938,7.074734
0,2042,51.983498,7.057331
0,2043,52.037466,7.048910
0,2044,52.106189,7.034940
0,2045,52.198589,7.018588
0,2046,52.278358,7.004255
0,2047,52.359520,6.990132
0,2048,52.450273,6.974223
0,2049,52.531773,6.961542
0,2050,52.606610,6.948641
0,2051,52.691803,6.934869
0,2052,52.763009,6.923335
0,2053,52.835955,6.910675
0,2054,52.908872,6.898203
0,2055,53.016202,6.879108
0,2056,53.103683,6.867775
0,2057,53.166786,6.856822
0,2058,53.265445,6.841878
0,2059,53.325965,6.833681
0,2060,53.387652,6.822350
0,2061,53.499049,6.804076
0,2062,53.589783,6.792142
0,2063,53.631346,6.786182
0,2064,53.727802,6.768572
0,2065,53.823160,6.756641
0,2066,53.901473,6.743886
0,2067,53.979741,6.734400
0,2068,54.062385,6.720910
0,2069,54.156783,6.709696
0,2070,54.196224,6.704205
0,2071,54.279376,6.689642
0,2072,54.403082,6.672811
0,2073,54.493550,6.662939
0,2074,54.530410,6.659060
0,2075,54.607922,6.645624
0,2076,54.722315,6.631444
0,2077,54.778977,6.624899
0,2078,54.882694,6.609541
0,2079,54.956334,6.603760
0,2080,55.027810,6.591772
0,2081,55.109631,6.584096
0,2082,55.188308,6.571466
0,2083,55.281294,6.562428
0,2084,55.352635,6.552274
0,2085,55.436632,6.543415
0,2086,55.525218,6.531796
0,2087,55.606670,6.524378
0,2088,55.683359,6.514334
0,2089,55.744442,6.509018
0,2090,55.836945,6.494902
0,2091,55.934141,6.487071
0,2092,56.015733,6.476418
0,2093,56.112277,6.469220
0,2094,56.140911,6.466242
0,2095,56.256302,6.450513
0,2096,56.338668,6.446137
0,2097,56.404831,6.436125
0,2098,56.481595,6.430802
0,2099,56.579408,6.417195
0,2100,56.709886,6.409944
0,2101,56.718300,6.410205
0,2102,56.816507,6.396379
0,2103,56.918220,6.391034
0,2104,56.961368,6.385145
0,2105,57.076615,6.374077
0,2106,57.146872,6.369839
0,2107,57.219077,6.361628
0,2108,57.307781,6.354932
0,2109,57.369200,6.348850
0,2110,57.478648,6.338191
0,2111,57.593878,6.331717
0,2112,57.629638,6.330826
0,2113,57.684731,6.323639
0,2114,57.774358,6.315934
0,2115,57.877761,6.305664
0,2116,57.992282,6.299625
0,2117,58.074695,6.295363
0,2118,58.104793,6.295128
0,2119,58.186722,6.284881
0,2120,58.315535,6.278497
0,2121,58.397817,6.274138
0,2122,58.430106,6.274195
0,2123,58.510743,6.264212
0,2124,58.640144,6.258476
0,2125,58.715809,6.254628
0,2126,58.745036,6.254656
0,2127,58.834217,6.243847
0,2128,58.967245,6.238855
0,2129,59.034449,6.235621
0,2130,59.087006,6.233614
0,2131,59.164634,6.226757
0,2132,59.297282,6.220523
0,2133,59.385728,6.219587
0,2134,59.446701,6.217408
0,2135,59.524401,6.214513
0,2136,59.539803,6.215482
0,2137,59.643998,6.202982
0,2138,59.811737,6.200001
0,2139,59.868198,6.200010
0,2140,59.917647,6.198142
0,2141,59.979099,6.195189
0,2142,60.026550,6.192393
0,2143,60.144039,6.182241
0,2144,60.288913,6.180006
0,2145,60.372963,6.180000
0,2146,60.452381,6.180000
0,2147,60.467724,6.181508
0,2148,60.523358,6.175228
0,2149,60.650109,6.170038
0,2150,60.733676,6.167820
0,2151,60.810187,6.165442
0,2152,60.891978,6.162867
0,2153,60.993197,6.160135
0,2154,61.092302,6.160000
0,2155,61.172302,6.160000
0,2156,61.252302,6.160000
0,2157,61.332302,6.160000
0,2158,61.412302,6.160000
0,2159,61.492302,6.160000
0,2160,61.572302,6.160000
0,2161,61.652302,6.160000
0,2162,61.732302,6.160000
0,2163,61.812302,6.160000
0,2164,61.892302,6.160000
0,2165,61.972302,6.160000
0,2166,62.052302,6.160000
0,2167,62.132302,6.160000
0,2168,62.212302,6.160000
0,2169,62.292302,6.160000
0,2170,62.372302,6.160000
0,2171,62.452302,6.160000
0,2172,62.532302,6.160000
0,2173,62.612302,6.160000
0,2174,62.692302,6.160000
0,2175,62.772302,6.160000
0,2176,62.852302,6.160000
0,2177,62.932302,6.160000
0,2178,63.012302,6.160000
0,2179,63.092336,6.160000
0,2180,63.191702,6.160143
0,2181,63.292786,6.162907
0,2182,63.374190,6.165458
0,2183,63.450717,6.167822
0,2184,63.538152,6.170156
0,2185,63.661327,6.175676
0,2186,63.713160,6.181344
0,2187,63.732141,6.180000
0,2188,63.811652,6.180000
0,2189,63.897956,6.180015
0,2190,64.045087,6.182747
0,2191,64.157665,6.192899
0,2192,64.200705,6.195158
0,2193,64.263130,6.197957
0,2194,64.316671,6.199788
0,2195,64.374784,6.200006
0,2196,64.526907,6.202140
0,2197,64.638236,6.213316
0,2198,64.668553,6.214067
0,2199,64.741452,6.216912
0,2200,64.804129,6.219352
0,2201,64.898184,6.220871
0,2202,65.023429,6.227935
0,2203,65.092839,6.233743
0,2204,65.147855,6.235899
0,2205,65.214113,6.238909
0,2206,65.345275,6.243473
0,2207,65.430845,6.253525
0,2208,65.463427,6.253365
0,2209,65.551233,6.257712
0,2210,65.679411,6.264445
0,2211,65.747239,6.273232
0,2212,65.780656,6.272801
0,2213,65.873796,6.277603
0,2214,66.005292,6.285011
0,2215,66.071419,6.294206
0,2216,66.101416,6.293485
0,2217,66.209842,6.299381
0,2218,66.317132,6.307086
0,2219,66.379399,6.313398
0,2220,66.460282,6.317156
0,2221,66.580980,6.328509
0,2222,66.629174,6.334218
0,2223,66.722141,6.339394
0,2224,66.816211,6.350901
0,2225,66.869684,6.354349
0,2226,66.967012,6.362900
0,2227,67.028756,6.369304
0,2228,67.112258,6.374504
0,2229,67.224672,6.386050
0,2230,67.258473,6.390700
0,2231,67.359664,6.395418
0,2232,67.468593,6.409748
0,2233,67.485023,6.410670
0,2234,67.605500,6.417752
0,2235,67.699358,6.430562
0,2236,67.775102,6.435738
0,2237,67.859175,6.447098
0,2238,67.905104,6.450108
0,2239,68.000752,6.458362
0,2240,68.097167,6.468157
0,2241,68.197776,6.479477
0,2242,68.256794,6.487753
0,2243,68.352208,6.496041
0,2244,68.417323,6.506921
0,2245,68.491450,6.511163
0,2246,68.601066,6.526513
0,2247,68.661232,6.532655
0,2248,68.739174,6.542031
0,2249,68.846235,6.553732
0,2250,68.910090,6.564601
0,2251,68.973118,6.569204
0,2252,69.066434,6.581641
0,2253,69.153643,6.590780
0,2254,69.230421,6.602233
0,2255,69.296858,6.608615
0,2256,69.414824,6.623791
0,2257,69.493648,6.636325
0,2258,69.551546,6.643604
0,2259,69.622926,6.652638
0,2260,69.732964,6.665952
0,2261,69.813936,6.679934
0,2262,69.885558,6.688320
0,2263,69.980676,6.703451
0,2264,70.028156,6.710408
0,2265,70.123027,6.721522
0,2266,70.204141,6.735076
0,2267,70.289905,6.745295
0,2268,70.367084,6.759058
0,2269,70.431007,6.765997
0,2270,70.540499,6.782614
0,2271,70.617505,6.795043
0,2272,70.697650,6.807169
0,2273,70.753819,6.816660
0,2274,70.849140,6.828229
0,2275,70.946419,6.845949
0,2276,71.022305,6.856906
0,2277,71.093060,6.869997
0,2278,71.167518,6.879807
0,2279,71.274805,6.898314
0,2280,71.334492,6.909043
0,2281,71.409783,6.919975
0,2282,71.512229,6.937428
0,2283,71.576937,6.949385
0,2284,71.650350,6.960301
0,2285,71.751225,6.977740
0,2286,71.831902,6.992570
0,2287,71.901917,7.004953
0,2288,71.980591,7.018357
0,2289,72.057749,7.032009
0,2290,72.144158,7.046572
0,2291,72.222688,7.061386
0,2292,72.307548,7.075716
0,2293,72.387452,7.091516
0,2294,72.456373,7.103147
0,2295,72.546318,7.119558
0,2296,72.644952,7.138176
0,2297,72.724648,7.155222
0,2298,72.797518,7.169024
0,2299,72.852471,7.180684
0,2300,72.923458,7.191425
0,2301,73.024749,7.210681
0,2302,73.109211,7.226679
0,2303,73.200056,7.244994
0,2304,73.279787,7.261633
0,2305,73.350413,7.276053
0,2306,73.444322,7.294668
0,2307,73.521567,7.312340
0,2308,73.588578,7.325300
0,2309,73.674568,7.343356
0,2310,73.755093,7.360077
0,2311,73.817310,7.373533
0,2312,73.902583,7.389224
0,2313,74.005349,7.412009
0,2314,74.073326,7.427097
0,2315,74.164274,7.446192
0,2316,74.241182,7.464811
0,2317,74.299227,7.476639
0,2318,74.394126,7.496618
0,2319,74.481215,7.516880
0,2320,74.550207,7.532338
0,2321,74.632635,7.550419
0,2322,74.709984,7.568295
0,2323,74.794120,7.586706
0,2324,74.882956,7.608018
0,2325,74.963672,7.627069
0,2326,75.025965,7.642522
0,2327,75.104531,7.659129
0,2328,75.196794,7.681652
0,2329,75.271856,7.699250
0,2330,75.353483,7.718946
0,2331,75.420468,7.735122
0,2332,75.503039,7.753670
0,2333,75.595723,7.776587
0,2334,75.674436,7.796132
0,2335,75.754776,7.816216
0,2336,75.834083,7.836259
0,2337,75.907993,7.854951
0,2338,75.982413,7.873315
0,2339,76.062744,7.893203
0,2340,76.139880,7.912579
0,2341,76.216422,7.931470
0,2342,76.312169,7.955455
0,2343,76.390443,7.977080
0,2344,76.457793,7.993916
0,2345,76.543550,8.016180
0,2346,76.624477,8.037612
0,2347,76.713737,8.061373
0,2348,76.786796,8.082207
0,2349,76.849065,8.098255
0,2350,76.931572,8.119686
0,2351,77.019431,8.143200
0,2352,77.107773,8.167673
0,2353,77.181090,8.188684
0,2354,77.248826,8.207018
0,2355,77.321380,8.226658
0,2356,77.406528,8.249149
0,2357,77.496334,8.274546
0,2358,77.577293,8.297610
0,2359,77.662009,8.322204
0,2360,77.734652,8.343877
0,2361,77.802350,8.363040
0,2362,77.884827,8.386366
0,2363,77.964260,8.409607
0,2364,78.042633,8.432114
0,2365,78.116383,8.453908
0,2366,78.198004,8.476978
0,2367,78.276177,8.500654
0,2368,78.353000,8.522537
0,2369,78.446590,8.550859
0,2370,78.515275,8.572462
0,2371,78.591397,8.594535
0,2372,78.663765,8.617199
0,2373,78.746598,8.640774
0,2374,78.844840,8.672231
0,2375,78.903054,8.691034
0,2376,78.964897,8.708972
0,2377,79.069097,8.740038
0,2378,79.147160,8.766440
0,2379,79.212889,8.785958
0,2380,79.301978,8.814412
0,2381,79.378815,8.839108
0,2382,79.457337,8.864337
0,2383,79.538453,8.890736
0,2384,79.617436,8.916794
0,2385,79.694075,8.942135
0,2386,79.756900,8.963016
0,2387,79.824682,8.983834
0,2388,79.916256,9.012838
0,2389,80.000307,9.040899
0,2390,80.072243,9.064666
0,2391,80.175656,9.098894
0,2392,80.256792,9.129472
0,2393,80.308128,9.146630
0,2394,80.380827,9.171016
0,2395,80.454406,9.195525
0,2396,80.531045,9.220926
0,2397,80.611838,9.247940
0,2398,80.687504,9.273665
0,2399,80.768029,9.300598
0,2400,80.862365,9.333461
0,2401,80.945062,9.363788
0,2402,81.001873,9.384428
0,2403,81.073773,9.408453
0,2404,81.173809,9.443947
0,2405,81.252240,9.473593
0,2406,81.305284,9.492769
0,2407,81.393658,9.522938
0,2408,81.479988,9.555853
0,2409,81.530363,9.573948
0,2410,81.618873,9.604177
0,2411,81.706701,9.637558
0,2412,81.769413,9.660240
0,2413,81.856700,9.691744
0,2414,81.928334,9.719305
0,2415,82.008939,9.747980
0,2416,82.084044,9.777533
0,2417,82.154960,9.802695
0,2418,82.234465,9.833286
0,2419,82.311935,9.861562
0,2420,82.399910,9.895764
0,2421,82.470098,9.923078
0,2422,82.551666,9.954274
0,2423,82.634078,9.987322
0,2424,82.687752,10.008771
0,2425,82.767868,10.038027
0,2426,82.856244,10.073699
0,2427,82.924188,10.100160
0,2428,82.991398,10.126667
0,2429,83.075802,10.158591
0,2430,83.158960,10.192687
0,2431,83.229505,10.220429
0,2432,83.308584,10.252382
0,2433,83.381623,10.281802
0,2434,83.464238,10.315061
0,2435,83.532145,10.343543
0,2436,83.600016,10.370028
0,2437,83.674693,10.400351
0,2438,83.767565,10.437068
0,2439,83.846681,10.471821
0,2440,83.910760,10.497529
0,2441,83.998121,10.534327
0,2442,84.060923,10.561369
0,2443,84.132095,10.589920
0,2444,84.217596,10.626049
0,2445,84.283383,10.653969
0,2446,84.372722,10.690700
0,2447,84.445113,10.723522
0,2448,84.517840,10.753145
0,2449,84.592091,10.786579
0,2450,84.662218,10.815276
0,2451,84.755601,10.856522
0,2452,84.833029,10.891287
0,2453,84.889235,10.916851
0,2454,84.954486,10.943943
0,2455,85.033794,10.978437
0,2456,85.120425,11.015672
0,2457,85.187761,11.046816
0,2458,85.257252,11.075794
0,2459,85.349723,11.117499
0,2460,85.408060,11.144230
0,2461,85.486172,11.177486
0,2462,85.566488,11.214704
0,2463,85.642358,11.248110
0,2464,85.729966,11.289188
0,2465,85.784893,11.315140
0,2466,85.851971,11.344297
0,2467,85.955805,11.391936
0,2468,86.014998,11.421729
0,2469,86.066769,11.443689
0,2470,86.162678,11.487302
0,2471,86.258095,11.532947
0,2472,86.307066,11.558026
0,2473,86.373351,11.586565
0,2474,86.466781,11.631744
0,2475,86.532202,11.662890
0,2476,86.605880,11.697783
0,2477,86.693719,11.739947
0,2478,86.741537,11.764721
0,2479,86.813273,11.795674
0,2480,86.918589,11.847955
0,2481,86.987062,11.882201
0,2482,87.060071,11.918415
0,2483,87.135107,11.956144
0,2484,87.203880,11.990767
0,2485,87.272370,12.024827
0,2486,87.342783,12.059814
0,2487,87.417465,12.096777
0,2488,87.493687,12.135116
0,2489,87.564237,12.170723
0,2490,87.632144,12.204765
0,2491,87.702943,12.239966
0,2492,87.778748,12.277840
0,2493,87.850927,12.314362
0,2494,87.916757,12.347363
0,2495,87.983188,12.380192
0,2496,88.059226,12.417497
0,2497,88.138818,12.457511
0,2498,88.209298,12.493262
0,2499,88.280001,12.528694
0,2500,88.380809,12.580045
0,2501,88.445526,12.616718
0,2502,88.496666,12.641578
0,2503,88.586192,12.688079
0,2504,88.676893,12.736633
0,2505,88.748458,12.776955
0,2506,88.792264,12.800603
0,2507,88.848557,12.828980
0,2508,88.939581,12.875301
0,2509,89.036830,12.928447
0,2510,89.090975,12.959332
0,2511,89.168401,12.999361
0,2512,89.253778,13.048460
0,2513,89.294973,13.071147
0,2514,89.352129,13.100516
0,2515,89.449676,13.151564
0,2516,89.530686,13.197824
0,2517,89.600417,13.235837
0,2518,89.659919,13.270119
0,2519,89.729685,13.306642
0,2520,89.824471,13.360480
0,2521,89.878548,13.392042
0,2522,89.943474,13.426798
0,2523,90.026235,13.473657
0,2524,90.094450,13.512274
0,2525,90.155280,13.546638
0,2526,90.237045,13.591509
0,2527,90.309411,13.634175
0,2528,90.384669,13.676012
0,2529,90.455079,13.718417
0,2530,90.510218,13.749023
0,2531,90.584909,13.791543
0,2532,90.668541,13.839347
0,2533,90.739329,13.881924
0,2534,90.798515,13.915912
0,2535,90.872681,13.958833
0,2536,90.956055,14.007817
0,2537,91.025077,14.050060
0,2538,91.088599,14.087410
0,2539,91.145085,14.121420
0,2540,91.217222,14.161938
0,2541,91.310768,14.218346
0,2542,91.369159,14.254642
0,2543,91.437934,14.294699
0,2544,91.502329,14.334610
0,2545,91.573412,14.375462
0,2546,91.661196,14.429885
0,2547,91.713710,14.462623
0,2548,91.773666,14.497663
0,2549,91.850115,14.543480
0,2550,91.932356,14.593284
0,2551,92.007509,14.640756
0,2552,92.078275,14.684847
0,2553,92.154511,14.733590
0,2554,92.199758,14.763106
0,2555,92.259162,14.797744
0,2556,92.344572,14.850689
0,2557,92.412684,14.893484
0,2558,92.474161,14.931742
0,2559,92.559258,14.984149
0,2560,92.641441,15.038476
0,2561,92.701761,15.077748
0,2562,92.752271,15.110571
0,2563,92.827620,15.156721
0,2564,92.909689,15.211015
0,2565,92.968349,15.249029
0,2566,93.020548,15.282727
0,2567,93.099290,15.331111
0,2568,93.185779,15.388718
0,2569,93.251761,15.432346
0,2570,93.321141,15.478694
0,2571,93.383956,15.520703
0,2572,93.450772,15.564711
0,2573,93.513901,15.606944
0,2574,93.568625,15.642501
0,2575,93.639898,15.687970
0,2576,93.738555,15.753350
0,2577,93.807575,15.802964
0,2578,93.851424,15.832145
0,2579,93.918879,15.876717
0,2580,93.989370,15.924100
0,2581,94.051899,15.966081
0,2582,94.116464,16.008839
0,2583,94.188124,16.056557
0,2584,94.264594,16.108223
0,2585,94.342488,16.162151
0,2586,94.404727,16.206232
0,2587,94.457987,16.242639
0,2588,94.538141,16.296852
0,2589,94.605906,16.345676
0,2590,94.659465,16.382044
0,2591,94.736205,16.434857
0,2592,94.806736,16.484934
0,2593,94.863821,16.525019
0,2594,94.930528,16.570924
0,2595,94.999670,16.619590
0,2596,95.079213,16.675296
0,2597,95.149785,16.727607
0,2598,95.196296,16.760876
0,2599,95.263004,16.807030
0,2600,95.341259,16.863170
0,2601,95.407854,16.911653
0,2602,95.471716,16.957854
0,2603,95.543431,17.009911
0,2604,95.609025,17.058650
0,2605,95.667915,17.101591
0,2606,95.723049,17.141724
0,2607,95.798628,17.195047
0,2608,95.878971,17.255524
0,2609,95.944456,17.304617
0,2610,96.010148,17.354546
0,2611,96.066189,17.396907
0,2612,96.128659,17.442974
0,2613,96.198636,17.495441
0,2614,96.264305,17.545013
0,2615,96.328448,17.593458
0,2616,96.386503,17.637363
0,2617,96.447931,17.682717
0,2618,96.517902,17.735013
0,2619,96.584916,17.785647
0,2620,96.645779,17.831710
0,2621,96.719968,17.887265
0,2622,96.790945,17.942993
0,2623,96.844747,17.984488
0,2624,96.903588,18.029092
0,2625,96.979975,18.087036
0,2626,97.045219,18.138924
0,2627,97.104891,18.184526
0,2628,97.176047,18.240309
0,2629,97.233165,18.285464
0,2630,97.303532,18.339573
0,2631,97.373957,18.396572
0,2632,97.429231,18.440377
0,2633,97.486702,18.485692
0,2634,97.554758,18.538594
0,2635,97.632939,18.601388
0,2636,97.683399,18.643307
0,2637,97.743139,18.689149
0,2638,97.822580,18.753697
0,2639,97.876317,18.798014
0,2640,97.942596,18.850424
0,2641,97.998059,18.896874
0,2642,98.053052,18.939095
0,2643,98.126155,18.998065
0,2644,98.206041,19.062660
0,2645,98.266471,19.114967
0,2646,98.310544,19.150175
0,2647,98.394434,19.218177
0,2648,98.462904,19.277910
0,2649,98.498881,19.307885
0,2650,98.574655,19.368378
0,2651,98.636063,19.422164
0,2652,98.693544,19.467808
0,2653,98.767734,19.531305
0,2654,98.837760,19.590347
0,2655,98.887640,19.635078
0,2656,98.951951,19.687175
0,2657,99.019463,19.747478
0,2658,99.054908,19.776828
0,2659,99.116820,19.827025
0,2660,99.210088,19.905291
0,2661,99.265147,19.956085
0,2662,99.320852,20.001593
0,2663,99.401940,20.073936
0,2664,99.436440,20.105357
0,2665,99.508759,20.164590
0,2666,99.582070,20.232225
0,2667,99.623814,20.267860
0,2668,99.682701,20.318816
0,2669,99.742743,20.370257
0,2670,99.828806,20.445013
0,2671,99.881612,20.495334
0,2672,99.922300,20.529051
0,2673,100.011513,20.607391
0,2674,100.065659,20.658902
0,2675,100.101802,20.689512
0,2676,100.186071,20.762533
0,2677,100.237464,20.811479
0,2678,100.303066,20.866678
0,2679,100.387150,20.946567
0,2680,100.439493,20.995340
0,2681,100.477833,21.031769
0,2682,100.537184,21.082785
0,2683,100.615884,21.155949
0,2684,100.675171,21.211316
0,2685,100.709109,21.243742
0,2686,100.780549,21.304751
0,2687,100.867270,21.388363
0,2688,100.916294,21.435143
0,2689,100.972209,21.487863
0,2690,101.023634,21.536555
0,2691,101.069602,21.578711
0,2692,101.150260,21.651760
0,2693,101.230389,21.731207
0,2694,101.276980,21.777386
0,2695,101.322952,21.821391
0,2696,101.371731,21.867406
0,2697,101.404824,21.898265
0,2698,101.485987,21.968355
0,2699,101.581866,22.062678
0,2700,101.638435,22.119247
0,2701,101.695004,22.175816
0,2702,101.751572,22.232384
0,2703,101.808141,22.288953
0,2704,101.864709,22.345521
0,2705,101.913198,22.394077
0,2706,101.936183,22.416908
0,2707,102.004387,22.476548
0,2708,102.095267,22.566079
0,2709,102.152367,22.623179
0,2710,102.208936,22.679748
0,2711,102.265504,22.736316
0,2712,102.322073,22.792885
0,2713,102.378641,22.849453
0,2714,102.435210,22.906022
0,2715,102.491778,22.962590
0,2716,102.548347,23.019159
0,2717,102.604916,23.075728
0,2718,102.664067,23.134886
0,2719,102.754191,23.227064
0,2720,102.808860,23.290122
0,2721,102.831044,23.311882
0,2722,102.882584,23.363396
0,2723,102.939152,23.419964
0,2724,102.995721,23.476533
0,2725,103.052290,23.533102
0,2726,103.108858,23.589670
0,2727,103.168358,23.649179
0,2728,103.263079,23.746469
0,2729,103.329530,23.823902
0,2730,103.359185,23.855509
0,2731,103.405148,23.904148
0,2732,103.447923,23.948687
0,2733,103.495155,23.995967
0,2734,103.592743,24.095457
0,2735,103.655359,24.169382
0,2736,103.682842,24.197289
0,2737,103.738462,24.256209
0,2738,103.783229,24.303540
0,2739,103.863581,24.386151
0,2740,103.925696,24.458242
0,2741,103.960537,24.494612
0,2742,104.015927,24.554038
0,2743,104.088684,24.631972
0,2744,104.142220,24.694094
0,2745,104.178756,24.732863
0,2746,104.231943,24.789921
0,2747,104.310198,24.874052
0,2748,104.351678,24.924201
0,2749,104.394229,24.966724
0,2750,104.484934,25.068233
0,2751,104.523216,25.115163
0,2752,104.558461,25.151565
0,2753,104.641609,25.243800
0,2754,104.684169,25.295763
0,2755,104.721824,25.334975
0,2756,104.802701,25.425653
0,2757,104.843318,25.475147
0,2758,104.901755,25.537776
0,2759,104.965884,25.615453
0,2760,104.998223,25.651827
0,2761,105.062872,25.724184
0,2762,105.108714,25.779235
0,2763,105.164440,25.839931
0,2764,105.221141,25.907896
0,2765,105.272507,25.965145
0,2766,105.323557,26.026046
0,2767,105.385738,26.095798
0,2768,105.451169,26.176415
0,2769,105.481088,26.212398
0,2770,105.536576,26.274885
0,2771,105.586816,26.335717
0,2772,105.641092,26.396619
0,2773,105.705587,26.474640
0,2774,105.756057,26.534957
0,2775,105.819306,26.611716
0,2776,105.858179,26.661473
0,2777,105.904886,26.714997
0,2778,105.956981,26.779213
0,2779,106.011149,26.842192
0,2780,106.060760,26.904019
0,2781,106.112177,26.963565
0,2782,106.176830,27.043511
0,2783,106.228870,27.108127
0,2784,106.274559,27.165403
0,2785,106.334207,27.238249
0,2786,106.371078,27.287245
0,2787,106.423700,27.347787
0,2788,106.480507,27.421590
0,2789,106.522838,27.471869
0,2790,106.589031,27.554776
0,2791,106.629299,27.607237
0,2792,106.681315,27.669809
0,2793,106.745726,27.753194
0,2794,106.786690,27.806477
0,2795,106.826607,27.856339
0,2796,106.884486,27.928062
0,2797,106.931159,27.988754
0,2798,106.979349,28.047655
0,2799,107.046503,28.133805
0,2800,107.088742,28.190546
0,2801,107.138655,28.252830
0,2802,107.192998,28.325306
0,2803,107.239156,28.384742
0,2804,107.283405,28.443172
0,2805,107.336081,28.509795
0,2806,107.397203,28.591415
0,2807,107.441705,28.651577
0,2808,107.486194,28.710169
0,2809,107.536058,28.776217
0,2810,107.585505,28.841938
0,2811,107.637256,28.910981
0,2812,107.685626,28.976529
0,2813,107.730917,29.037207
0,2814,107.775490,29.096840
0,2815,107.824983,29.162048
0,2816,107.877235,29.232316
0,2817,107.922535,29.293411
0,2818,107.976996,29.365928
0,2819,108.026735,29.435183
0,2820,108.067806,29.490612
0,2821,108.114982,29.554167
0,2822,108.169615,29.627874
0,2823,108.216816,29.693817
0,2824,108.264044,29.757674
0,2825,108.321893,29.838375
0,2826,108.361730,29.895787
0,2827,108.408462,29.958931
0,2828,108.465978,30.040972
0,2829,108.504578,30.096694
0,2830,108.547638,30.155864
0,2831,108.600084,30.229759
0,2832,108.651471,30.302904
0,2833,108.690312,30.359482
0,2834,108.738663,30.425931
0,2835,108.793910,30.506464
0,2836,108.835197,30.566409
0,2837,108.878081,30.627689
0,2838,108.927328,30.698043
0,2839,108.974520,30.766749
0,2840,109.017151,30.828277
0,2841,109.063069,30.894067
0,2842,109.116619,30.971504
0,2843,109.169099,31.050084
0,2844,109.213218,31.116832
0,2845,109.255245,31.179826
0,2846,109.300830,31.247858
0,2847,109.346237,31.316330
0,2848,109.381643,31.369680
0,2849,109.420438,31.425147
0,2850,109.484955,31.519000
0,2851,109.535269,31.598955
0,2852,109.568415,31.648927
0,2853,109.612642,31.715179
0,2854,109.657119,31.782405
0,2855,109.699311,31.845733
0,2856,109.744705,31.913497
0,2857,109.791115,31.983501
0,2858,109.838222,32.054740
0,2859,109.893570,32.139884
0,2860,109.936200,32.209019
0,2861,109.968526,32.258697
0,2862,110.019828,32.336688
0,2863,110.062958,32.406098
0,2864,110.101815,32.465201
0,2865,110.148147,32.537535
0,2866,110.199734,32.617917
0,2867,110.242045,32.687445
0,2868,110.282533,32.750586
0,2869,110.323987,32.817634
0,2870,110.365905,32.882824
0,2871,110.414474,32.960659
0,2872,110.453497,33.023812
0,2873,110.499555,33.096399
0,2874,110.541780,33.166026
0,2875,110.585361,33.234981
0,2876,110.632819,33.313542
0,2877,110.670435,33.375415
0,2878,110.715447,33.448270
0,2879,110.761222,33.524911
0,2880,110.804176,33.596581
0,2881,110.841733,33.660365
0,2882,110.875523,33.715546
0,2883,110.919052,33.785729
0,2884,110.972714,33.874410
0,2885,111.016555,33.950789
0,2886,111.050044,34.007520
0,2887,111.088465,34.071428
0,2888,111.129047,34.138978
0,2889,111.169700,34.206357
0,2890,111.218219,34.286916
0,2891,111.270097,34.377025
0,2892,111.300193,34.431669
0,2893,111.335741,34.489527
0,2894,111.384311,34.573168
0,2895,111.434654,34.660708
0,2896,111.469498,34.725633
0,2897,111.499281,34.775677
0,2898,111.545415,34.855126
0,2899,111.580681,34.917579
0,2900,111.621815,34.986440
0,2901,111.676537,35.083189
0,2902,111.719320,35.162806
0,2903,111.747191,35.214118
0,2904,111.783110,35.276080
0,2905,111.823841,35.348605
0,2906,111.872085,35.433323
0,2907,111.906595,35.498963
0,2908,111.945165,35.564932
0,2909,111.982342,35.634533
0,2910,112.019512,35.697792
0,2911,112.077348,35.803536
0,2912,112.116979,35.881414
0,2913,112.138353,35.921715
0,2914,112.175829,35.986959
0,2915,112.220984,36.070062
0,2916,112.256967,36.136109
0,2917,112.300104,36.214497
0,2918,112.346481,36.302443
0,2919,112.386542,36.380323
0,2920,112.410193,36.427129
0,2921,112.447873,36.493452
0,2922,112.497126,36.587813
0,2923,112.534065,36.659373
0,2924,112.575338,36.739106
0,2925,112.604200,36.797516
0,2926,112.631650,36.847251
0,2927,112.681195,36.939111
0,2928,112.728109,37.032483
0,2929,112.763505,37.103926
0,2930,112.797876,37.172544
0,2931,112.835461,37.247508
0,2932,112.870497,37.318480
0,2933,112.905942,37.388943
0,2934,112.941702,37.461073
0,2935,112.975247,37.527885
0,2936,113.011379,37.599371
0,2937,113.049563,37.675461
0,2938,113.085505,37.747931
0,2939,113.119959,37.816810
0,2940,113.156010,37.888704
0,2941,113.192258,37.961288
0,2942,113.229238,38.035359
0,2943,113.264352,38.106417
0,2944,113.297271,38.172165
0,2945,113.333899,38.244533
0,2946,113.387330,38.352795
0,2947,113.418890,38.425797
0,2948,113.440462,38.467868
0,2949,113.480597,38.549578
0,2950,113.519230,38.630187
0,2951,113.552700,38.700787
0,2952,113.597593,38.794507
0,2953,113.623969,38.856465
0,2954,113.650028,38.906882
0,2955,113.697419,39.006965
0,2956,113.739312,39.100054
0,2957,113.760674,39.150364
0,2958,113.785092,39.198703
0,2959,113.824883,39.281592
0,2960,113.872099,39.381903
0,2961,113.900223,39.448587
0,2962,113.936901,39.524064
0,2963,113.974446,39.612967
0,2964,114.006288,39.682432
0,2965,114.039791,39.761284
0,2966,114.061621,39.810089
0,2967,114.097449,39.886245
0,2968,114.136786,39.975390
0,2969,114.161825,40.032601
0,2970,114.197862,40.109233
0,2971,114.239496,40.205260
0,2972,114.271882,40.281060
0,2973,114.295687,40.337122
0,2974,114.325850,40.402324
0,2975,114.365735,40.492597
0,2976,114.399604,40.571724
0,2977,114.432839,40.648896
0,2978,114.461960,40.718206
0,2979,114.497950,40.800411
0,2980,114.534022,40.889383
0,2981,114.560570,40.953952
0,2982,114.586850,41.016339
0,2983,114.616461,41.084744
0,2984,114.653972,41.171991
0,2985,114.687383,41.254029
0,2986,114.718406,41.328652
0,2987,114.746092,41.397117
0,2988,114.779317,41.475154
0,2989,114.812218,41.557876
0,2990,114.841405,41.628891
0,2991,114.874962,41.712337
0,2992,114.905264,41.789299
0,2993,114.931124,41.854415
0,2994,114.960637,41.926247
0,2995,114.994149,42.009711
0,2996,115.024976,42.088020
0,2997,115.053175,42.159538
0,2998,115.079737,42.226156
0,2999,115.111034,42.302801
0,3000,115.145410,42.389990
0,3001,115.174558,42.465691
0,3002,115.203848,42.540386
0,3003,115.239622,42.633646
0,3004,115.265629,42.706308
0,3005,115.288096,42.763674
0,3006,115.317183,42.838358
0,3007,115.349755,42.922170
0,3008,115.375273,42.990840
0,3009,115.408622,43.074535
0,3010,115.438083,43.156986
0,3011,115.466135,43.229275
0,3012,115.494606,43.308298
0,3013,115.526719,43.393026
0,3014,115.555064,43.475593
0,3015,115.576622,43.533838
0,3016,115.605804,43.612349
0,3017,115.636298,43.696541
0,3018,115.660408,43.764436
0,3019,115.686570,43.834005
0,3020,115.716654,43.916344
0,3021,115.747430,44.001320
0,3022,115.777975,44.089059
0,3023,115.805774,44.170556
0,3024,115.831345,44.246268
0,3025,115.848208,44.296405
0,3026,115.874361,44.364348
0,3027,115.909770,44.464346
0,3028,115.939529,44.551959
0,3029,115.965168,44.629088
0,3030,115.990098,44.702984
0,3031,116.015654,44.779113
0,3032,116.041884,44.857000
0,3033,116.067951,44.935481
0,3034,116.092417,45.009097
0,3035,116.117704,45.084334
0,3036,116.144160,45.163687
0,3037,116.169983,45.241913
0,3038,116.194306,45.315739
0,3039,116.218119,45.387074
0,3040,116.242987,45.460774
0,3041,116.269022,45.537923
0,3042,116.298426,45.625829
0,3043,116.326561,45.714531
0,3044,116.349671,45.788232
0,3045,116.376161,45.870843
0,3046,116.401732,45.955167
0,3047,116.420744,46.017078
0,3048,116.449084,46.104105
0,3049,116.474890,46.192736
0,3050,116.491862,46.247942
0,3051,116.512453,46.311089
0,3052,116.544695,46.409733
0,3053,116.572501,46.505798
0,3054,116.588032,46.558492
0,3055,116.614675,46.640157
0,3056,116.640169,46.728242
0,3057,116.663358,46.803413
0,3058,116.688484,46.889984
0,3059,116.706342,46.951438
0,3060,116.731454,47.031173
0,3061,116.754789,47.112537
0,3062,116.778769,47.190464
0,3063,116.807421,47.291303
0,3064,116.826964,47.364373
0,3065,116.845622,47.428313
0,3066,116.872193,47.520447
0,3067,116.893741,47.601556
0,3068,116.909455,47.657067
0,3069,116.933234,47.736184
0,3070,116.958410,47.826199
0,3071,116.981111,47.907545
0,3072,117.000652,47.979563
0,3073,117.024416,48.062374
0,3074,117.047073,48.148545
0,3075,117.065239,48.215000
0,3076,117.088072,48.296756
0,3077,117.107924,48.371631
0,3078,117.133084,48.460962
0,3079,117.156448,48.555442
0,3080,117.173547,48.622169
0,3081,117.192055,48.692632
0,3082,117.214916,48.778315
0,3083,117.235110,48.859333
0,3084,117.251959,48.923635
0,3085,117.274800,49.008343
0,3086,117.297041,49.097192
0,3087,117.317570,49.178730
0,3088,117.336626,49.257077
0,3089,117.355138,49.330824
0,3090,117.374335,49.407794
0,3091,117.393940,49.485611
0,3092,117.414482,49.568114
0,3093,117.437433,49.662444
0,3094,117.453355,49.734440
0,3095,117.469376,49.796958
0,3096,117.491937,49.888625
0,3097,117.510800,49.970088
0,3098,117.532132,50.059135
0,3099,117.547973,50.133667
0,3100,117.562949,50.193684
0,3101,117.583345,50.278123
0,3102,117.605092,50.370490
0,3103,117.621597,50.446202
0,3104,117.638389,50.516012
0,3105,117.660638,50.612557
0,3106,117.681737,50.712854
0,3107,117.694323,50.777871
0,3108,117.710204,50.845919
0,3109,117.726775,50.924179
0,3110,117.745440,51.005009
0,3111,117.762164,51.085617
0,3112,117.776549,51.148554
0,3113,117.798409,51.243786
0,3114,117.817304,51.337487
0,3115,117.833685,51.416690
0,3116,117.850624,51.501921
0,3117,117.862855,51.564846
0,3118,117.878070,51.632585
0,3119,117.896521,51.719339
0,3120,117.912175,51.794053
0,3121,117.931696,51.884018
0,3122,117.948727,51.972664
0,3123,117.963709,52.046714
0,3124,117.983548,52.147838
0,3125,117.998761,52.238332
0,3126,118.008452,52.292691
0,3127,118.020471,52.350950
0,3128,118.038513,52.436624
0,3129,118.054464,52.519110
0,3130,118.074892,52.620552
0,3131,118.089475,52.711947
0,3132,118.099813,52.767049
0,3133,118.115413,52.847718
0,3134,118.131748,52.937366
0,3135,118.148355,53.031774
0,3136,118.158773,53.098872
0,3137,118.170193,53.156380
0,3138,118.188568,53.253407
0,3139,118.201607,53.332000
0,3140,118.219262,53.426145
0,3141,118.232490,53.517636
0,3142,118.241313,53.568419
0,3143,118.259076,53.665814
0,3144,118.271662,53.753047
0,3145,118.280755,53.804991
0,3146,118.298560,53.903197
0,3147,118.311088,53.990152
0,3148,118.324077,54.065444
0,3149,118.335339,54.141894
0,3150,118.348846,54.218489
0,3151,118.362650,54.309391
0,3152,118.374959,54.387407
0,3153,118.385372,54.456208
0,3154,118.397641,54.526616
0,3155,118.415148,54.633788
0,3156,118.427199,54.725429
0,3157,118.439516,54.810154
0,3158,118.448357,54.883757
0,3159,118.458018,54.944961
0,3160,118.471955,55.039231
0,3161,118.480417,55.104861
0,3162,118.496114,55.200239
0,3163,118.504801,55.281258
0,3164,118.515701,55.344398
0,3165,118.530057,55.452941
0,3166,118.538071,55.519579
0,3167,118.549941,55.599059
0,3168,118.560342,55.684350
0,3169,118.572895,55.774893
0,3170,118.579665,55.842681
0,3171,118.591737,55.918355
0,3172,118.603218,56.020558
0,3173,118.609208,56.069942
0,3174,118.622723,56.159112
0,3175,118.635805,56.277019
0,3176,118.639304,56.321021
0,3177,118.653263,56.409030
0,3178,118.662137,56.509423
0,3179,118.667579,56.548013
0,3180,118.681041,56.643810
0,3181,118.692475,56.749789
0,3182,118.698865,56.813262
0,3183,118.709865,56.898765
0,3184,118.718985,56.994468
0,3185,118.728831,57.089973
0,3186,118.731881,57.144209
0,3187,118.740175,57.196839
0,3188,118.750560,57.290559
0,3189,118.763258,57.398667
0,3190,118.770852,57.507093
0,3191,118.774164,57.551763
0,3192,118.784595,57.642441
0,3193,118.789228,57.719068
0,3194,118.797996,57.788252
0,3195,118.807064,57.901688
0,3196,118.808429,57.933995
0,3197,118.822635,58.037529
0,3198,118.828037,58.149796
0,3199,118.829681,58.161691
0,3200,118.845749,58.293998
0,3201,118.848685,58.392427
0,3202,118.851186,58.403462
0,3203,118.866997,58.549692
0,3204,118.866877,58.617468
0,3205,118.873859,58.651025
0,3206,118.886172,58.807276
0,3207,118.885429,58.844890
0,3208,118.894286,58.899226
0,3209,118.904268,59.042069
0,3210,118.907984,59.122110
0,3211,118.911435,59.177148
0,3212,118.918591,59.264828
0,3213,118.924021,59.368303
0,3214,118.925218,59.407664
0,3215,118.934622,59.494266
0,3216,118.940009,59.616978
0,3217,118.943468,59.689448
0,3218,118.946475,59.754521
0,3219,118.950669,59.813773
0,3220,118.958022,59.910802
0,3221,118.962565,60.011129
0,3222,118.966758,60.101058
0,3223,118.965992,60.128131
0,3224,118.977338,60.226342
0,3225,118.979877,60.372837
0,3226,118.981476,60.428030
0,3227,118.984160,60.500688
0,3228,118.984975,60.538783
0,3229,118.992242,60.609669
0,3230,118.999575,60.756020
0,3231,118.999959,60.859358
0,3232,119.000536,60.906043
0,3233,119.003226,60.956937
0,3234,119.007023,61.021872
0,3235,119.012886,61.103987
0,3236,119.019487,61.232037
0,3237,119.020000,61.349254
0,3238,119.020000,61.429254
0,3239,119.019866,61.490229
0,3240,119.019708,61.506315
0,3241,119.027791,61.594975
0,3242,119.030696,61.720701
0,3243,119.032572,61.789815
0,3244,119.034962,61.867279
0,3245,119.037534,61.951763
0,3246,119.039865,62.052054
0,3247,119.040000,62.148332
0,3248,119.040000,62.228610
0,3249,119.040000,62.308610
0,3250,119.040000,62.388610
0,3251,119.040000,62.468610
0,3252,119.040000,62.548610
0,3253,119.040000,62.628610
0,3254,119.040000,62.708610
0,3255,119.040000,62.788610
0,3256,119.040000,62.868610
0,3257,119.040000,62.948610
0,3258,119.040000,63.028610
0,3259,119.040000,63.108610
0,3260,119.040000,63.188610
0,3261,119.040000,63.268610
0,3262,119.040000,63.348610
0,3263,119.040000,63.428610
0,3264,119.040000,63.508610
0,3265,119.040000,63.588610
0,3266,119.040000,63.668610
0,3267,119.040000,63.748610
0,3268,119.040000,63.828610
0,3269,119.040000,63.908610
0,3270,119.040000,63.988610
0,3271,119.040000,64.068610
0,3272,119.039909,64.164280
0,3273,119.037645,64.265263
0,3274,119.034991,64.350809
0,3275,119.032547,64.428305
0,3276,119.030655,64.495998
0,3277,119.027965,64.620186
0,3278,119.019868,64.711440
0,3279,119.019842,64.728602
0,3280,119.020000,64.787946
0,3281,119.020000,64.867946
0,3282,119.019156,64.995678
0,3283,119.010963,65.123212
0,3284,119.006229,65.188768
0,3285,119.003324,65.248542
0,3286,119.000842,65.307038
0,3287,118.999946,65.359305
0,3288,118.999721,65.454692
0,3289,118.993108,65.606125
0,3290,118.984689,65.684811
0,3291,118.984108,65.717901
0,3292,118.981477,65.789160
0,3293,118.979877,65.844353
0,3294,118.977338,65.990839
0,3295,118.965990,66.089075
0,3296,118.966751,66.116207
0,3297,118.962550,66.206160
0,3298,118.958433,66.298991
0,3299,118.951528,66.403529
0,3300,118.946008,66.470057
0,3301,118.943463,66.527654
0,3302,118.940231,66.594568
0,3303,118.935559,66.719167
0,3304,118.925638,66.809948
0,3305,118.924685,66.847980
0,3306,118.919237,66.951185
0,3307,118.911838,67.044939
0,3308,118.907615,67.101612
0,3309,118.904349,67.173609
0,3310,118.894547,67.317334
0,3311,118.885823,67.368550
0,3312,118.886689,67.412407
0,3313,118.873610,67.566621
0,3314,118.867611,67.597861
0,3315,118.867139,67.665927
0,3316,118.852199,67.811937
0,3317,118.848583,67.830459
0,3318,118.845693,67.925647
0,3319,118.830293,68.050280
0,3320,118.829112,68.062753
0,3321,118.822858,68.183434
0,3322,118.808817,68.282781
0,3323,118.807956,68.311857
0,3324,118.798532,68.431396
0,3325,118.788952,68.504711
0,3326,118.784536,68.575441
0,3327,118.775080,68.658690
0,3328,118.771664,68.710108
0,3329,118.762813,68.826060
0,3330,118.750768,68.924200
0,3331,118.741348,69.015641
0,3332,118.732565,69.071368
0,3333,118.728978,69.134390
0,3334,118.717841,69.230716
0,3335,118.710384,69.312207
0,3336,118.699045,69.406074
0,3337,118.692063,69.467545
0,3338,118.681838,69.570370
0,3339,118.667118,69.672454
0,3340,118.662159,69.708017
0,3341,118.653588,69.805307
0,3342,118.639903,69.894728
0,3343,118.635580,69.944050
0,3344,118.622313,70.060972
0,3345,118.609045,70.147365
0,3346,118.604589,70.184088
0,3347,118.593382,70.296790
0,3348,118.579443,70.378195
0,3349,118.575112,70.431545
0,3350,118.560297,70.544949
0,3351,118.547910,70.629452
0,3352,118.538554,70.695890
0,3353,118.530672,70.757506
0,3354,118.519169,70.855903
0,3355,118.505840,70.941805
0,3356,118.494314,71.032428
0,3357,118.480955,71.108772
0,3358,118.474799,71.163198
0,3359,118.461556,71.260578
0,3360,118.446910,71.358926
0,3361,118.435425,71.427503
0,3362,118.428604,71.480064
0,3363,118.416676,71.574315
0,3364,118.399869,71.682990
0,3365,118.385977,71.764460
0,3366,118.374835,71.834220
0,3367,118.363449,71.906886
0,3368,118.349157,72.001113
0,3369,118.335985,72.073720
0,3370,118.325082,72.151203
0,3371,118.310892,72.231348
0,3372,118.299474,72.310953
0,3373,118.281756,72.411545
0,3374,118.271935,72.465773
0,3375,118.260117,72.549338
0,3376,118.241885,72.650111
0,3377,118.232908,72.700543
0,3378,118.220181,72.789818
0,3379,118.201583,72.889522
0,3380,118.190638,72.953124
0,3381,118.176242,73.039206
0,3382,118.159417,73.130857
0,3383,118.145977,73.202614
0,3384,118.131409,73.286345
0,3385,118.113725,73.377531
0,3386,118.101172,73.442162
0,3387,118.091073,73.500750
0,3388,118.073973,73.604125
0,3389,118.052580,73.707169
0,3390,118.038414,73.777859
0,3391,118.022424,73.858151
0,3392,118.010382,73.916274
0,3393,118.000258,73.977855
0,3394,117.981955,74.080810
0,3395,117.964636,74.165562
0,3396,117.950678,74.240517
0,3397,117.932417,74.332099
0,3398,117.916183,74.410424
0,3399,117.898356,74.499256
0,3400,117.876325,74.598055
0,3401,117.862614,74.655908
0,3402,117.852448,74.710179
0,3403,117.834801,74.800769
0,3404,117.817412,74.883283
0,3405,117.799305,74.972813
0,3406,117.777993,75.066498
0,3407,117.762530,75.134811
0,3408,117.745142,75.216219
0,3409,117.728380,75.288451
0,3410,117.711220,75.372059
0,3411,117.693609,75.445174
0,3412,117.682884,75.501061
0,3413,117.661834,75.603650
0,3414,117.637972,75.705679
0,3415,117.622272,75.769987
0,3416,117.606867,75.842335
0,3417,117.584732,75.937525
0,3418,117.568352,76.004987
0,3419,117.551601,76.082382
0,3420,117.529595,76.174279
0,3421,117.511780,76.248760
0,3422,117.491466,76.334982
0,3423,117.474889,76.399902
0,3424,117.458283,76.477256
0,3425,117.433309,76.577417
0,3426,117.413852,76.654880
0,3427,117.395026,76.729804
0,3428,117.375651,76.808283
0,3429,117.355115,76.889616
0,3430,117.335751,76.966159
0,3431,117.316831,77.041559
0,3432,117.298563,77.114785
0,3433,117.279229,77.194062
0,3434,117.255380,77.288532
0,3435,117.233698,77.368521
0,3436,117.216086,77.437298
0,3437,117.194142,77.522543
0,3438,117.173202,77.600318
0,3439,117.156009,77.667004
0,3440,117.133221,77.757135
0,3441,117.110294,77.839639
0,3442,117.088604,77.922610
0,3443,117.063748,78.009283
0,3444,117.046706,78.070796
0,3445,117.025085,78.153094
0,3446,117.001321,78.236694
0,3447,116.983571,78.301718
0,3448,116.960613,78.388099
0,3449,116.932375,78.486304
0,3450,116.911323,78.556152
0,3451,116.895619,78.613115
0,3452,116.872866,78.698080
0,3453,116.845684,78.792175
0,3454,116.826423,78.856966
0,3455,116.807246,78.928248
0,3456,116.779962,79.023706
0,3457,116.756728,79.100943
0,3458,116.732588,79.184832
0,3459,116.705291,79.272409
0,3460,116.687973,79.328681
0,3461,116.665936,79.407652
0,3462,116.642115,79.484729
0,3463,116.617894,79.570711
0,3464,116.588483,79.662114
0,3465,116.571875,79.716467
0,3466,116.545284,79.808329
0,3467,116.514414,79.902362
0,3468,116.493687,79.967691
0,3469,116.476645,80.021767
0,3470,116.451993,80.109059
0,3471,116.420252,80.206309
0,3472,116.401693,80.265013
0,3473,116.379025,80.340619
0,3474,116.352490,80.425155
0,3475,116.325930,80.509678
0,3476,116.297617,80.596007
0,3477,116.271084,80.676015
0,3478,116.244702,80.754687
0,3479,116.219376,80.829942
0,3480,116.199361,80.889507
0,3481,116.173428,80.973204
0,3482,116.139923,81.070366
0,3483,116.116329,81.138491
0,3484,116.094123,81.205029
0,3485,116.070192,81.277605
0,3486,116.044481,81.355948
0,3487,116.017150,81.437830
0,3488,115.990915,81.515332
0,3489,115.965776,81.589975
0,3490,115.940574,81.664867
0,3491,115.908558,81.759870
0,3492,115.872398,81.857992
0,3493,115.850801,81.914873
0,3494,115.833413,81.966855
0,3495,115.808971,82.040004
0,3496,115.780758,82.124478
0,3497,115.745902,82.224111
0,3498,115.716146,82.303342
0,3499,115.688924,82.379589
0,3500,115.659711,82.456962
0,3501,115.636482,82.521311
0,3502,115.608708,82.598793
0,3503,115.578564,82.681292
0,3504,115.555409,82.743296
0,3505,115.528423,82.821977
0,3506,115.496781,82.906248
0,3507,115.465798,82.992113
0,3508,115.437255,83.064037
0,3509,115.410171,83.140322
0,3510,115.378749,83.219546
0,3511,115.351743,83.293868
0,3512,115.319959,83.374275
0,3513,115.291817,83.449430
0,3514,115.265894,83.514402
0,3515,115.241993,83.581602
0,3516,115.206119,83.675701
0,3517,115.175197,83.754483
0,3518,115.146061,83.829206
0,3519,115.112771,83.913824
0,3520,115.079805,83.994558
0,3521,115.052301,84.062376
0,3522,115.025344,84.130295
0,3523,114.994203,84.209374
0,3524,114.960225,84.293180
0,3525,114.932487,84.360480
0,3526,114.906980,84.425456
0,3527,114.874834,84.506987
0,3528,114.841427,84.589236
0,3529,114.813962,84.656283
0,3530,114.780939,84.739931
0,3531,114.746037,84.822021
0,3532,114.719010,84.888120
0,3533,114.689315,84.960271
0,3534,114.653442,85.048299
0,3535,114.621846,85.120402
0,3536,114.590002,85.199025
0,3537,114.557289,85.272305
0,3538,114.535422,85.326935
0,3539,114.496815,85.420883
0,3540,114.463361,85.496637
0,3541,114.434109,85.567312
0,3542,114.400805,85.643771
0,3543,114.368252,85.721110
0,3544,114.328573,85.810821
0,3545,114.297451,85.879522
0,3546,114.273781,85.933943
0,3547,114.243190,86.007444
0,3548,114.201033,86.104415
0,3549,114.164881,86.182835
0,3550,114.138517,86.242052
0,3551,114.098517,86.333456
0,3552,114.062935,86.407488
0,3553,114.040951,86.458124
0,3554,114.004245,86.542020
0,3555,113.973419,86.608963
0,3556,113.937356,86.693138
0,3557,113.902604,86.765508
0,3558,113.874443,86.831965
0,3559,113.828385,86.931154
0,3560,113.786257,87.019109
0,3561,113.762663,87.065309
0,3562,113.740246,87.118777
0,3563,113.696514,87.214419
0,3564,113.656624,87.298732
0,3565,113.630164,87.353126
0,3566,113.596347,87.430045
0,3567,113.551493,87.522291
0,3568,113.519676,87.588738
0,3569,113.481040,87.669459
0,3570,113.440135,87.751934
0,3571,113.416602,87.798226
0,3572,113.389009,87.860664
0,3573,113.341243,87.960589
0,3574,113.299994,88.042972
0,3575,113.265645,88.111512
0,3576,113.231692,88.180068
0,3577,113.194055,88.256133
0,3578,113.155458,88.332683
0,3579,113.119981,88.402892
0,3580,113.086162,88.470273
0,3581,113.050472,88.542120
0,3582,113.013592,88.615550
0,3583,112.978095,88.686433
0,3584,112.943628,88.755224
0,3585,112.909519,88.824120
0,3586,112.873018,88.897824
0,3587,112.834522,88.974910
0,3588,112.797541,89.047908
0,3589,112.763731,89.115159
0,3590,112.729413,89.184092
0,3591,112.685387,89.272342
0,3592,112.637342,89.362789
0,3593,112.606080,89.420509
0,3594,112.575390,89.481405
0,3595,112.534875,89.559788
0,3596,112.496807,89.632816
0,3597,112.448573,89.724856
0,3598,112.413197,89.786859
0,3599,112.389694,89.834191
0,3600,112.347379,89.916275
0,3601,112.301514,90.002963
0,3602,112.257048,90.083936
0,3603,112.223170,90.145161
0,3604,112.184475,90.218012
0,3605,112.141165,90.295854
0,3606,112.116303,90.340786
0,3607,112.072019,90.427876
0,3608,112.016935,90.523571
0,3609,111.989671,90.572153
0,3610,111.948541,90.648764
0,3611,111.909178,90.717249
0,3612,111.870064,90.790433
0,3613,111.824094,90.869948
0,3614,111.797277,90.918123
0,3615,111.753005,91.000880
0,3616,111.711362,91.072311
0,3617,111.674840,91.140376
0,3618,111.623293,91.229825
0,3619,111.584625,91.296163
0,3620,111.543997,91.367165
0,3621,111.506895,91.430328
0,3622,111.472742,91.491563
0,3623,111.427763,91.570878
0,3624,111.386421,91.642063
0,3625,111.341070,91.721234
0,3626,111.297702,91.793182
0,3627,111.268044,91.844395
0,3628,111.224394,91.921865
0,3629,111.176871,92.001622
0,3630,111.131463,92.078772
0,3631,111.096935,92.134298
0,3632,111.060706,92.199354
0,3633,111.009400,92.284456
0,3634,110.972231,92.346711
0,3635,110.927065,92.423089
0,3636,110.884987,92.491533
0,3637,110.841323,92.565254
0,3638,110.795302,92.638844
0,3639,110.760253,92.696854
0,3640,110.715754,92.770763
0,3641,110.671913,92.841757
0,3642,110.636299,92.900244
0,3643,110.588096,92.981034
0,3644,110.540805,93.055380
0,3645,110.500344,93.121651
0,3646,110.456834,93.190413
0,3647,110.417149,93.255121
0,3648,110.365980,93.336983
0,3649,110.327941,93.395460
0,3650,110.289378,93.459484
0,3651,110.243070,93.532289
0,3652,110.197036,93.606817
0,3653,110.147639,93.682629
0,3654,110.104381,93.750417
0,3655,110.065290,93.810053
0,3656,110.024944,93.875183
0,3657,109.974913,93.952630
0,3658,109.935190,94.014150
0,3659,109.892362,94.081827
0,3660,109.841082,94.161225
0,3661,109.790736,94.237153
0,3662,109.745497,94.304753
0,3663,109.703174,94.368269
0,3664,109.658288,94.436130
0,3665,109.611988,94.505323
0,3666,109.571568,94.565768
0,3667,109.539479,94.614744
0,3668,109.490972,94.692237
0,3669,109.423586,94.791917
0,3670,109.381100,94.851636
0,3671,109.346390,94.904215
0,3672,109.299991,94.973230
0,3673,109.257878,95.036029
0,3674,109.214444,95.101545
0,3675,109.168642,95.170163
0,3676,109.125958,95.234019
0,3677,109.066578,95.323263
0,3678,109.012340,95.398119
0,3679,108.977972,95.448318
0,3680,108.927672,95.521609
0,3681,108.879299,95.590046
0,3682,108.840709,95.645641
0,3683,108.798421,95.707830
0,3684,108.747165,95.782755
0,3685,108.694641,95.857428
0,3686,108.643028,95.930240
0,3687,108.599087,95.990812
0,3688,108.561024,96.045505
0,3689,108.505358,96.125393
0,3690,108.459835,96.187152
0,3691,108.411523,96.257227
0,3692,108.360242,96.325963
0,3693,108.325311,96.376112
0,3694,108.266639,96.459072
0,3695,108.218914,96.522748
0,3696,108.171841,96.589533
0,3697,108.115262,96.664886
0,3698,108.073302,96.721896
0,3699,108.028261,96.783409
0,3700,107.979574,96.850283
0,3701,107.929497,96.918102
0,3702,107.878546,96.987141
0,3703,107.826104,97.056906
0,3704,107.777738,97.121002
0,3705,107.731249,97.182768
0,3706,107.686493,97.242565
0,3707,107.638057,97.307974
0,3708,107.587521,97.375224
0,3709,107.536830,97.442799
0,3710,107.488331,97.506438
0,3711,107.446533,97.562168
0,3712,107.398357,97.627421
0,3713,107.347896,97.694488
0,3714,107.288019,97.774317
0,3715,107.230701,97.846221
0,3716,107.195008,97.892223
0,3717,107.152368,97.949299
0,3718,107.091802,98.029341
0,3719,107.036658,98.098719
0,3720,106.993013,98.155048
0,3721,106.936477,98.227867
0,3722,106.879947,98.298191
0,3723,106.828306,98.362715
0,3724,106.786428,98.414146
0,3725,106.746499,98.466355
0,3726,106.681577,98.549640
0,3727,106.633169,98.607857
0,3728,106.588514,98.666267
0,3729,106.525487,98.743940
0,3730,106.484872,98.793602
0,3731,106.433658,98.859556
0,3732,106.379726,98.925111
0,3733,106.330793,98.987277
0,3734,106.267847,99.063964
0,3735,106.221706,99.119149
0,3736,106.183016,99.167471
0,3737,106.118802,99.248249
0,3738,106.063962,99.312119
0,3739,106.011798,99.377155
0,3740,105.963466,99.432549
0,3741,105.922667,99.484935
0,3742,105.861667,99.558271
0,3743,105.803815,99.628442
0,3744,105.754522,99.685496
0,3745,105.712157,99.737887
0,3746,105.639773,99.824691
0,3747,105.587857,99.882515
0,3748,105.542406,99.937845
0,3749,105.484000,100.004750
0,3750,105.451296,100.043221
0,3751,105.386226,100.123651
0,3752,105.327160,100.188991
0,3753,105.279132,100.247677
0,3754,105.224556,100.308517
0,3755,105.167342,100.377505
0,3756,105.111011,100.438562
0,3757,105.063156,100.496226
0,3758,104.999530,100.566461
0,3759,104.968473,100.602085
0,3760,104.901046,100.682860
0,3761,104.834469,100.754449
0,3762,104.807597,100.785549
0,3763,104.750955,100.853160
0,3764,104.686449,100.925661
0,3765,104.626043,100.994171
0,3766,104.557032,101.069010
0,3767,104.530027,101.096597
0,3768,104.488309,101.148353
0,3769,104.394807,101.252243
0,3770,104.356137,101.290831
0,3771,104.313627,101.342368
0,3772,104.234344,101.427647
0,3773,104.178566,101.487477
0,3774,104.144332,101.523116
0,3775,104.093673,101.582721
0,3776,104.018319,101.663538
0,3777,103.960792,101.725242
0,3778,103.927966,101.758910
0,3779,103.868220,101.829007
0,3780,103.785550,101.914123
0,3781,103.740871,101.961356
0,3782,103.685296,102.020230
0,3783,103.657881,102.048064
0,3784,103.595244,102.122034
0,3785,103.496942,102.222246
0,3786,103.448284,102.270838
0,3787,103.407629,102.312880
0,3788,103.365548,102.357754
0,3789,103.330165,102.396226
0,3790,103.263110,102.473093
0,3791,103.173231,102.565927
0,3792,103.111242,102.627946
0,3793,103.054674,102.684514
0,3794,102.998105,102.741083
0,3795,102.941537,102.797651
0,3796,102.884968,102.854220
0,3797,102.843156,102.895800
0,3798,102.814924,102.925920
0,3799,102.747387,103.001018
0,3800,102.663871,103.085317
0,3801,102.607302,103.141886
0,3802,102.550734,103.198454
0,3803,102.494165,103.255023
0,3804,102.437596,103.311592
0,3805,102.381028,103.368160
0,3806,102.324460,103.424728
0,3807,102.267891,103.481297
0,3808,102.211322,103.537866
0,3809,102.154754,103.594434
0,3810,102.098185,103.651003
0,3811,102.025093,103.723814
0,3812,101.940023,103.803416
0,3813,101.897479,103.841011
0,3814,101.867086,103.872102
0,3815,101.810518,103.928670
0,3816,101.753949,103.985239
0,3817,101.697380,104.041808
0,3818,101.640812,104.098376
0,3819,101.584244,104.154944
0,3820,101.487894,104.249701
0,3821,101.408103,104.318455
0,3822,101.377300,104.347430
0,3823,101.326747,104.395462
0,3824,101.277081,104.442898
0,3825,101.230870,104.488299
0,3826,101.170766,104.548358
0,3827,101.074035,104.641068
0,3828,101.007618,104.697903
0,3829,100.974678,104.729696
0,3830,100.918636,104.782533
0,3831,100.872427,104.826564
0,3832,100.783378,104.913082
0,3833,100.708404,104.976623
0,3834,100.677028,105.006736
0,3835,100.626263,105.054018
0,3836,100.540584,105.135602
0,3837,100.471940,105.193123
0,3838,100.442347,105.221745
0,3839,100.390305,105.270308
0,3840,100.305616,105.350840
0,3841,100.241074,105.405031
0,3842,100.193414,105.450876
0,3843,100.103375,105.529772
0,3844,100.064836,105.561590
0,3845,100.027204,105.598231
0,3846,99.931051,105.685824
0,3847,99.883722,105.723824
0,3848,99.831574,105.774843
0,3849,99.734568,105.857366
0,3850,99.684342,105.899640
0,3851,99.626041,105.950713
0,3852,99.582681,105.987029
0,3853,99.520486,106.045228
0,3854,99.435506,106.116966
0,3855,99.403422,106.143985
0,3856,99.337696,106.205188
0,3857,99.264185,106.266717
0,3858,99.202846,106.321441
0,3859,99.136239,106.376520
0,3860,99.065489,106.438110
0,3861,99.005600,106.485353
0,3862,98.950500,106.534353
0,3863,98.891533,106.581751
0,3864,98.843075,106.625613
0,3865,98.769764,106.687580
0,3866,98.694234,106.751862
0,3867,98.636911,106.797245
0,3868,98.577577,106.849046
0,3869,98.505314,106.906968
0,3870,98.465406,106.940583
0,3871,98.391004,107.004736
0,3872,98.311482,107.068314
0,3873,98.272525,107.099715
0,3874,98.209438,107.154510
0,3875,98.130309,107.218380
0,3876,98.056994,107.277956
0,3877,98.005513,107.317111
0,3878,97.950101,107.364609
0,3879,97.884061,107.416531
0,3880,97.826463,107.465182
0,3881,97.759132,107.518858
0,3882,97.692002,107.574305
0,3883,97.616260,107.633466
0,3884,97.553736,107.682730
0,3885,97.499580,107.724840
0,3886,97.432730,107.779257
0,3887,97.362010,107.833480
0,3888,97.311116,107.873922
0,3889,97.250188,107.922701
0,3890,97.174775,107.982757
0,3891,97.096930,108.042116
0,3892,97.044557,108.081544
0,3893,96.981906,108.131377
0,3894,96.908933,108.186584
0,3895,96.848213,108.233227
0,3896,96.790819,108.276967
0,3897,96.725077,108.328633
0,3898,96.651704,108.384055
0,3899,96.587630,108.432635
0,3900,96.518282,108.484860
0,3901,96.450907,108.534889
0,3902,96.392593,108.578260
0,3903,96.332386,108.623996
0,3904,96.266189,108.673925
0,3905,96.198698,108.724706
0,3906,96.130918,108.775132
0,3907,96.072648,108.818345
0,3908,96.013091,108.863703
0,3909,95.945726,108.914498
0,3910,95.878935,108.964652
0,3911,95.807434,109.017956
0,3912,95.735435,109.070523
0,3913,95.675059,109.114263
0,3914,95.606202,109.165308
0,3915,95.534064,109.216740
0,3916,95.477647,109.257500
0,3917,95.415164,109.303459
0,3918,95.343727,109.355459
0,3919,95.266715,109.410605
0,3920,95.197591,109.458678
0,3921,95.148952,109.492981
0,3922,95.082692,109.542044
0,3923,95.008272,109.594381
0,3924,94.936583,109.645633
0,3925,94.874964,109.687683
0,3926,94.806908,109.737158
0,3927,94.726830,109.791425
0,3928,94.666085,109.833419
0,3929,94.611516,109.870864
0,3930,94.547673,109.916950
0,3931,94.469821,109.970812
0,3932,94.412599,110.010184
0,3933,94.340805,110.061334
0,3934,94.256138,110.118337
0,3935,94.185798,110.165170
0,3936,94.120286,110.208513
0,3937,94.058017,110.250167
0,3938,93.996080,110.291817
0,3939,93.935364,110.333133
0,3940,93.872832,110.376080
0,3941,93.811577,110.418305
0,3942,93.724323,110.478877
0,3943,93.633416,110.536872
0,3944,93.569886,110.577477
0,3945,93.510185,110.615847
0,3946,93.453521,110.653151
0,3947,93.390971,110.694997
0,3948,93.321107,110.741678
0,3949,93.253854,110.786081
0,3950,93.190879,110.828089
0,3951,93.112929,110.880171
0,3952,93.032330,110.931686
0,3953,92.970632,110.970916
0,3954,92.909676,111.010702
0,3955,92.842674,111.054344
0,3956,92.765730,111.104472
0,3957,92.694026,111.149446
0,3958,92.630953,111.189990
0,3959,92.550172,111.241380
0,3960,92.486526,111.280127
0,3961,92.417379,111.324922
0,3962,92.346509,111.367857
0,3963,92.277049,111.412435
0,3964,92.212489,111.451075
0,3965,92.145155,111.494996
0,3966,92.065837,111.542733
0,3967,92.011253,111.576980
0,3968,91.939143,111.622454
0,3969,91.850757,111.676747
0,3970,91.771706,111.722917
0,3971,91.719902,111.753485
0,3972,91.666653,111.786751
0,3973,91.584338,111.838189
0,3974,91.506892,111.883867
0,3975,91.439466,111.924766
0,3976,91.373204,111.963869
0,3977,91.307228,112.004312
0,3978,91.231556,112.049419
0,3979,91.166375,112.088277
0,3980,91.083077,112.138395
0,3981,91.018824,112.174387
0,3982,90.962338,112.209470
0,3983,90.884435,112.255416
0,3984,90.803309,112.303598
0,3985,90.725032,112.347573
0,3986,90.659536,112.385324
0,3987,90.596342,112.421237
0,3988,90.520787,112.465744
0,3989,90.456628,112.501165
0,3990,90.385103,112.544266
0,3991,90.305665,112.587948
0,3992,90.253689,112.618355
0,3993,90.162236,112.671606
0,3994,90.086595,112.711981
0,3995,90.031423,112.743861
0,3996,89.940480,112.794974
0,3997,89.873367,112.830296
0,3998,89.830329,112.855100
0,3999,89.742843,112.906059
0,4000,89.667466,112.946172
0,4001,89.599866,112.985115
0,4002,89.526786,113.024201
0,4003,89.455422,113.064831
0,4004,89.361987,113.114531
0,4005,89.298509,113.147480
0,4006,89.257471,113.169820
0,4007,89.170058,113.220370
0,4008,89.092412,113.259923
0,4009,89.039593,113.290430
0,4010,88.943837,113.342373
0,4011,88.853548,113.388921
0,4012,88.796127,113.417538
0,4013,88.750731,113.442480
0,4014,88.677424,113.483158
0,4015,88.587206,113.531612
0,4016,88.499762,113.576495
0,4017,88.452307,113.599947
0,4018,88.385888,113.637518
0,4019,88.284513,113.689516
0,4020,88.209908,113.726806
0,4021,88.134327,113.764833
0,4022,88.061157,113.800780
0,4023,87.993073,113.834865
0,4024,87.921341,113.870605
0,4025,87.852905,113.904835
0,4026,87.782685,113.940278
0,4027,87.709339,113.977148
0,4028,87.633851,114.014950
0,4029,87.563161,114.049902
0,4030,87.491284,114.086049
0,4031,87.419754,114.121359
0,4032,87.349664,114.156642
0,4033,87.276456,114.192988
0,4034,87.208361,114.227041
0,4035,87.139455,114.261743
0,4036,87.066498,114.298610
0,4037,86.989733,114.337019
0,4038,86.917687,114.372649
0,4039,86.825998,114.418203
0,4040,86.741656,114.456680
0,4041,86.691585,114.480525
0,4042,86.622605,114.514926
0,4043,86.539032,114.555190
0,4044,86.464572,114.590559
0,4045,86.368492,114.636080
0,4046,86.305094,114.662918
0,4047,86.258592,114.686610
0,4048,86.174523,114.726810
0,4049,86.078485,114.772024
0,4050,86.014199,114.799493
0,4051,85.941287,114.835295
0,4052,85.845268,114.876906
0,4053,85.793934,114.899813
0,4054,85.732627,114.928765
0,4055,85.641667,114.971246
0,4056,85.569242,115.002705
0,4057,85.489085,115.040251
0,4058,85.411852,115.072739
0,4059,85.366097,115.094193
0,4060,85.272775,115.137928
0,4061,85.191658,115.172367
0,4062,85.117627,115.206188
0,4063,85.043582,115.237310
0,4064,84.966748,115.272302
0,4065,84.900564,115.299406
0,4066,84.825976,115.334519
0,4067,84.739603,115.370095
0,4068,84.669520,115.401518
0,4069,84.595302,115.432233
0,4070,84.519022,115.466271
0,4071,84.448232,115.495057
0,4072,84.375845,115.527883
0,4073,84.289328,115.563429
0,4074,84.220302,115.593103
0,4075,84.132156,115.629831
0,4076,84.066480,115.656165
0,4077,84.002223,115.684085
0,4078,83.911579,115.722084
0,4079,83.850626,115.746328
0,4080,83.774127,115.780273
0,4081,83.677270,115.818821
0,4082,83.600685,115.849622
0,4083,83.535130,115.875118
0,4084,83.467090,115.903697
0,4085,83.384904,115.936690
0,4086,83.312086,115.966125
0,4087,83.233177,115.997946
0,4088,83.162499,116.025871
0,4089,83.079447,116.059839
0,4090,82.994048,116.092298
0,4091,82.932247,116.116447
0,4092,82.864401,116.143742
0,4093,82.787897,116.174531
0,4094,82.693625,116.211895
0,4095,82.618866,116.239256
0,4096,82.553900,116.265248
0,4097,82.474136,116.295824
0,4098,82.398182,116.325372
0,4099,82.305432,116.360582
0,4100,82.235321,116.385507
0,4101,82.160776,116.414570
0,4102,82.083508,116.442145
0,4103,82.017732,116.467658
0,4104,81.940077,116.496585
0,4105,81.859574,116.527255
0,4106,81.773169,116.558578
0,4107,81.709578,116.581496
0,4108,81.637280,116.609197
0,4109,81.554586,116.639471
0,4110,81.469927,116.670662
0,4111,81.387312,116.699507
0,4112,81.328838,116.720296
0,4113,81.255836,116.747951
0,4114,81.156633,116.783610
0,4115,81.066499,116.813984
0,4116,81.008999,116.833067
0,4117,80.950238,116.854876
0,4118,80.863936,116.886215
0,4119,80.773671,116.917703
0,4120,80.691200,116.945555
0,4121,80.612638,116.972029
0,4122,80.532046,116.998844
0,4123,80.455445,117.024039
0,4124,80.383201,117.048000
0,4125,80.323778,117.067836
0,4126,80.256846,117.092037
0,4127,80.167360,117.123316
0,4128,80.082790,117.151736
0,4129,80.007955,117.176760
0,4130,79.906747,117.210601
0,4131,79.823632,117.234912
0,4132,79.770438,117.252469
0,4133,79.698286,117.276271
0,4134,79.624497,117.300857
0,4135,79.551830,117.325091
0,4136,79.468937,117.353133
0,4137,79.380086,117.381716
0,4138,79.284506,117.411888
0,4139,79.208482,117.433807
0,4140,79.157309,117.450203
0,4141,79.067675,117.479712
0,4142,78.972721,117.507910
0,4143,78.911568,117.526197
0,4144,78.853363,117.544947
0,4145,78.763977,117.574369
0,4146,78.662417,117.604806
0,4147,78.578767,117.628951
0,4148,78.517026,117.646561
0,4149,78.455577,117.665956
0,4150,78.362035,117.695041
0,4151,78.281579,117.718004
0,4152,78.206862,117.740888
0,4153,78.122225,117.765296
0,4154,78.037676,117.790020
0,4155,77.970032,117.808489
0,4156,77.893120,117.832240
0,4157,77.800129,117.857895
0,4158,77.735889,117.876019
0,4159,77.659106,117.898685
0,4160,77.580967,117.920747
0,4161,77.503605,117.943432
0,4162,77.412139,117.969151
0,4163,77.328584,117.991664
0,4164,77.269883,118.007431
0,4165,77.186904,118.032211
0,4166,77.084317,118.059147
0,4167,77.021016,118.075400
0,4168,76.951666,118.095137
0,4169,76.875403,118.115782
0,4170,76.788705,118.140390
0,4171,76.695453,118.164274
0,4172,76.619694,118.183914
0,4173,76.541943,118.203928
0,4174,76.459638,118.225211
0,4175,76.393101,118.241710
0,4176,76.321127,118.261699
0,4177,76.224216,118.286717
0,4178,76.146591,118.305741
0,4179,76.068829,118.325800
0,4180,75.985775,118.346137
0,4181,75.908731,118.365345
0,4182,75.829851,118.384712
0,4183,75.757730,118.402544
0,4184,75.682873,118.421601
0,4185,75.601260,118.442140
0,4186,75.521806,118.461842
0,4187,75.440093,118.482159
0,4188,75.352778,118.503228
0,4189,75.272904,118.521868
0,4190,75.193426,118.540783
0,4191,75.100316,118.562220
0,4192,75.030328,118.577091
0,4193,74.966766,118.592715
0,4194,74.886998,118.611583
0,4195,74.798490,118.632814
0,4196,74.725135,118.648840
0,4197,74.645871,118.668493
0,4198,74.550519,118.689304
0,4199,74.477678,118.705372
0,4200,74.390459,118.724948
0,4201,74.316231,118.740196
0,4202,74.240130,118.757837
0,4203,74.142761,118.778252
0,4204,74.075976,118.791593
0,4205,74.006857,118.807394
0,4206,73.909218,118.828381
0,4207,73.835322,118.842850
0,4208,73.766355,118.858282
0,4209,73.672625,118.878041
0,4210,73.585661,118.895287
0,4211,73.522472,118.907668
0,4212,73.447439,118.924370
0,4213,73.358460,118.942429
0,4214,73.280071,118.958523
0,4215,73.202169,118.974272
0,4216,73.111594,118.992853
0,4217,73.030084,119.007793
0,4218,72.947930,119.024306
0,4219,72.863254,119.039360
0,4220,72.783122,119.054752
0,4221,72.717906,119.065943
0,4222,72.649352,119.080736
0,4223,72.543748,119.100796
0,4224,72.473086,119.112793
0,4225,72.408614,119.125966
0,4226,72.309945,119.144936
0,4227,72.218624,119.160598
0,4228,72.149137,119.172614
0,4229,72.058138,119.189326
0,4230,71.998827,119.198014
0,4231,71.912898,119.216312
0,4232,71.809397,119.231682
0,4233,71.756270,119.241353
0,4234,71.663559,119.258076
0,4235,71.581278,119.270979
0,4236,71.518710,119.282078
0,4237,71.419168,119.299912
0,4238,71.332857,119.312460
0,4239,71.267572,119.323688
0,4240,71.174865,119.338915
0,4241,71.106014,119.349050
0,4242,71.014833,119.365249
0,4243,70.937938,119.375171
0,4244,70.855810,119.390201
0,4245,70.757513,119.402842
0,4246,70.701456,119.411680
0,4247,70.636408,119.422004
0,4248,70.538001,119.439040
0,4249,70.427384,119.453693
0,4250,70.377018,119.459824
0,4251,70.294512,119.474025
0,4252,70.209898,119.484528
0,4253,70.123101,119.498656
0,4254,70.029790,119.509292
0,4255,69.986827,119.515580
0,4256,69.890995,119.531145
0,4257,69.816818,119.539775
0,4258,69.738638,119.553348
0,4259,69.621540,119.567763
0,4260,69.547259,119.576324
0,4261,69.503837,119.581542
0,4262,69.423248,119.595228
0,4263,69.302760,119.610479
0,4264,69.237595,119.617275
0,4265,69.159901,119.628634
0,4266,69.079800,119.637399
0,4267,68.997187,119.649305
0,4268,68.908091,119.658707
0,4269,68.814639,119.670609
0,4270,68.751576,119.675307
0,4271,68.669282,119.687981
0,4272,68.588965,119.694225
0,4273,68.501058,119.707423
0,4274,68.419263,119.712761
0,4275,68.360593,119.722369
0,4276,68.259537,119.732380
0,4277,68.199972,119.739535
0,4278,68.099285,119.751841
0,4279,68.005508,119.760142
0,4280,67.916181,119.769206
0,4281,67.863196,119.772321
0,4282,67.782906,119.783784
0,4283,67.691746,119.790505
0,4284,67.639397,119.797597
0,4285,67.512402,119.811084
0,4286,67.443542,119.814509
0,4287,67.385461,119.822452
0,4288,67.296707,119.830233
0,4289,67.195056,119.841198
0,4290,67.075985,119.848081
0,4291,67.034146,119.849821
0,4292,66.977398,119.856485
0,4293,66.867185,119.866152
0,4294,66.812770,119.869058
0,4295,66.732363,119.879156
0,4296,66.644674,119.884816
0,4297,66.580215,119.892471
0,4298,66.460024,119.902555
0,4299,66.379325,119.906874
0,4300,66.315578,119.912294
0,4301,66.217305,119.919735
0,4302,66.110996,119.925608
0,4303,66.086100,119.924909
0,4304,66.022544,119.934354
0,4305,65.884986,119.943593
0,4306,65.778428,119.948886
0,4307,65.738656,119.948484
0,4308,65.674142,119.956244
0,4309,65.551798,119.962173
0,4310,65.467438,119.966173
0,4311,65.438709,119.965901
0,4312,65.351112,119.976392
0,4313,65.217648,119.981056
0,4314,65.151836,119.984048
0,4315,65.108978,119.985393
0,4316,65.028069,119.993410
0,4317,64.890205,119.999507
0,4318,64.807744,120.000620
0,4319,64.745269,120.003048
0,4320,64.669027,120.006021
0,4321,64.642726,120.006178
0,4322,64.534840,120.017632
0,4323,64.378659,120.019995
0,4324,64.318935,120.020230
0,4325,64.262847,120.021996
0,4326,64.198527,120.024626
0,4327,64.159638,120.026322
0,4328,64.057012,120.036040
0,4329,63.908420,120.039940
0,4330,63.815715,120.040000
0,4331,63.736390,120.040000
0,4332,63.714849,120.038784
0,4333,63.665649,120.044025
0,4334,63.544997,120.049801
0,4335,63.454522,120.052234
0,4336,63.377774,120.054580
0,4337,63.296378,120.057098
0,4338,63.195842,120.059823
0,4339,63.096678,120.060000
0,4340,63.016366,120.060000
0,4341,62.936366,120.060000
0,4342,62.856366,120.060000
0,4343,62.776366,120.060000
0,4344,62.696366,120.060000
0,4345,62.616366,120.060000
0,4346,62.536366,120.060000
0,4347,62.456366,120.060000
0,4348,62.376366,120.060000
0,4349,62.296366,120.060000
0,4350,62.216366,120.060000
0,4351,62.136366,120.060000
0,4352,62.056366,120.060000
0,4353,61.976366,120.060000
0,4354,61.896366,120.060000
0,4355,61.816366,120.060000
0,4356,61.736366,120.060000
0,4357,61.656366,120.060000
0,4358,61.576366,120.060000
0,4359,61.496366,120.060000
0,4360,61.416366,120.060000
0,4361,61.336366,120.060000
0,4362,61.256366,120.060000
0,4363,61.176366,120.060000
0,4364,61.096366,120.060000
0,4365,60.997354,120.059866
0,4366,60.895848,120.057138
0,4367,60.813738,120.054518
0,4368,60.737464,120.052122
0,4369,60.672820,120.050362
0,4370,60.615454,120.049976
0,END,nan,nan
1,BEGIN,nan,nan
1,0,60.730479,117.356320
1,1,60.605727,117.342715
1,2,60.441440,117.340000
1,3,60.360993,117.340000
1,4,60.298590,117.340115
1,5,60.287861,117.340705
1,6,60.224993,117.333703
1,7,60.102455,117.327046
1,8,60.008493,117.323356
1,9,59.903370,117.320321
1,10,59.803870,117.320001
1,11,59.810734,117.322840
1,12,59.760725,117.314666
1,13,59.617930,117.307096
1,14,59.530763,117.303831
1,15,59.428174,117.300542
1,16,59.383919,117.301375
1,17,59.338489,117.296441
1,18,59.229744,117.290421
1,19,59.143360,117.286637
1,20,59.049244,117.282553
1,21,59.024192,117.283705
1,22,58.949141,117.274004
1,23,58.818217,117.268768
1,24,58.749177,117.265236
1,25,58.720314,117.265064
1,26,58.623311,117.253637
1,27,58.496012,117.249644
1,28,58.452724,117.247041
1,29,58.413976,117.244532
1,30,58.319009,117.233856
1,31,58.194669,117.227041
1,32,58.130333,117.223862
1,33,58.064522,117.219066
1,34,58.004515,117.214951
1,35,57.954324,117.209784
1,36,57.831353,117.196655
1,37,57.710600,117.191354
1,38,57.673229,117.189617
1,39,57.623225,117.184326
1,40,57.519656,117.174357
1,41,57.457693,117.170894
1,42,57.378788,117.161021
1,43,57.296757,117.155738
1,44,57.219855,117.146321
1,45,57.102074,117.137963
1,46,57.079419,117.137783
1,47,57.005640,117.126282
1,48,56.870123,117.115421
1,49,56.823872,117.112710
1,50,56.747921,117.103328
1,51,56.679376,117.098595
1,52,56.598370,117.087364
1,53,56.528641,117.082822
1,54,56.455765,117.071314
1,55,56.327896,117.060181
1,56,56.272947,117.055890
1,57,56.207032,117.047996
1,58,56.146697,117.042162
1,59,56.073449,117.031330
1,60,55.965592,117.019230
1,61,55.883552,117.010790
1,62,55.838690,117.006399
1,63,55.741373,116.991851
1,64,55.654061,116.984685
1,65,55.573255,116.973123
1,66,55.505778,116.968423
1,67,55.432040,116.956246
1,68,55.328898,116.946860
1,69,55.308492,116.944325
1,70,55.227706,116.930398
1,71,55.116770,116.916278
1,72,55.039267,116.906610
1,73,54.961970,116.896833
1,74,54.872395,116.885450
1,75,54.824683,116.880796
1,76,54.750780,116.867672
1,77,54.662572,116.857004
1,78,54.603476,116.847155
1,79,54.491168,116.830664
1,80,54.422784,116.823329
1,81,54.348622,116.810921
1,82,54.275576,116.802455
1,83,54.203827,116.789693
1,84,54.105227,116.776685
1,85,54.043863,116.767724
1,86,53.980692,116.757887
1,87,53.894615,116.743355
1,88,53.820381,116.732686
1,89,53.734567,116.717610
1,90,53.630831,116.703421
1,91,53.576710,116.696024
1,92,53.506035,116.683769
1,93,53.421282,116.670838
1,94,53.362829,116.661357
1,95,53.275110,116.645375
1,96,53.187367,116.632175
1,97,53.129745,116.622317
1,98,53.060136,116.609644
1,99,52.949026,116.589627
1,100,52.872572,116.579631
1,101,52.804712,116.566575
1,102,52.739759,116.557315
1,103,52.674771,116.543273
1,104,52.586894,116.528307
1,105,52.495505,116.510588
1,106,52.398191,116.495822
1,107,52.346240,116.487087
1,108,52.289931,116.476346
1,109,52.198453,116.457926
1,110,52.113712,116.443476
1,111,52.059282,116.432876
1,112,51.977780,116.416028
1,113,51.898701,116.401112
1,114,51.830759,116.387047
1,115,51.717290,116.364259
1,116,51.633636,116.351464
1,117,51.585409,116.341584
1,118,51.505315,116.325681
1,119,51.432427,116.311487
1,120,51.370063,116.298566
1,121,51.285449,116.279996
1,122,51.209763,116.265121
1,123,51.137838,116.248897
1,124,51.042067,116.229070
1,125,50.960583,116.213004
1,126,50.885970,116.197935
1,127,50.812227,116.182981
1,128,50.751648,116.170374
1,129,50.669963,116.151564
1,130,50.593449,116.136035
1,131,50.520166,116.118839
1,132,50.447657,116.103653
1,133,50.367021,116.084105
1,134,50.273211,116.064596
1,135,50.200605,116.048719
1,136,50.134750,116.034667
1,137,50.059904,116.016817
1,138,49.982086,115.999750
1,139,49.915306,115.983767
1,140,49.840604,115.966069
1,141,49.764560,115.947544
1,142,49.665667,115.923979
1,143,49.576419,115.905139
1,144,49.526220,115.894123
1,145,49.466613,115.878797
1,146,49.385395,115.858409
1,147,49.296575,115.836371
1,148,49.214573,115.817243
1,149,49.147436,115.801001
1,150,49.074001,115.782628
1,151,48.996522,115.763363
1,152,48.919898,115.744183
1,153,48.842158,115.724731
1,154,48.763023,115.704941
1,155,48.682071,115.684886
1,156,48.625983,115.671382
1,157,48.558876,115.652232
1,158,48.464652,115.627592
1,159,48.386290,115.607571
1,160,48.311632,115.588208
1,161,48.242258,115.570194
1,162,48.171235,115.550814
1,163,48.084599,115.527442
1,164,48.001286,115.506000
1,165,47.943944,115.491194
1,166,47.868784,115.469362
1,167,47.775398,115.444677
1,168,47.711022,115.427769
1,169,47.638850,115.407190
1,170,47.569101,115.388328
1,171,47.493035,115.365733
1,172,47.408789,115.342712
1,173,47.332545,115.320965
1,174,47.259682,115.301062
1,175,47.186590,115.279671
1,176,47.101869,115.255949
1,177,47.035861,115.237558
1,178,46.966841,115.216933
1,179,46.897744,115.196796
1,180,46.812372,115.170362
1,181,46.736096,115.149239
1,182,46.664935,115.126930
1,183,46.588474,115.105086
1,184,46.521929,115.084154
1,185,46.423814,115.054578
1,186,46.351480,115.034615
1,187,46.287820,115.014721
1,188,46.204858,114.989955
1,189,46.149026,114.973398
1,190,46.078990,114.949949
1,191,45.981771,114.919793
1,192,45.904284,114.896690
1,193,45.839358,114.876683
1,194,45.762944,114.852411
1,195,45.694114,114.831288
1,196,45.626266,114.808791
1,197,45.541282,114.781449
1,198,45.467712,114.758253
1,199,45.399352,114.735927
1,200,45.323786,114.711090
1,201,45.249598,114.686827
1,202,45.159026,114.656896
1,203,45.097577,114.638659
1,204,45.047946,114.620441
1,205,44.957260,114.589032
1,206,44.874136,114.561428
1,207,44.801147,114.537055
1,208,44.724597,114.511278
1,209,44.644193,114.484531
1,210,44.566350,114.458923
1,211,44.494696,114.435323
1,212,44.425588,114.412067
1,213,44.360435,114.389865
1,214,44.299225,114.368128
1,215,44.227817,114.341964
1,216,44.133907,114.308120
1,217,44.045234,114.278462
1,218,43.991689,114.260454
1,219,43.932665,114.238321
1,220,43.843582,114.205646
1,221,43.751590,114.173637
1,222,43.696584,114.155308
1,223,43.630837,114.129860
1,224,43.536273,114.096246
1,225,43.473189,114.074247
1,226,43.408163,114.049695
1,227,43.331514,114.021509
1,228,43.264312,113.996418
1,229,43.176949,113.963202
1,230,43.096660,113.934968
1,231,43.044040,113.915318
1,232,42.978167,113.889526
1,233,42.902184,113.859993
1,234,42.811510,113.824900
1,235,42.740601,113.799479
1,236,42.663649,113.769035
1,237,42.589308,113.742676
1,238,42.535219,113.720883
1,239,42.466944,113.694194
1,240,42.379597,113.658617
1,241,42.302997,113.630459
1,242,42.242390,113.605616
1,243,42.160899,113.573662
1,244,42.095466,113.547918
1,245,42.006219,113.511688
1,246,41.939814,113.487590
1,247,41.884233,113.463606
1,248,41.800905,113.430267
1,249,41.726813,113.400062
1,250,41.644132,113.367059
1,251,41.570162,113.338054
1,252,41.513181,113.315329
1,253,41.439203,113.283940
1,254,41.365991,113.254715
1,255,41.305621,113.228878
1,256,41.225719,113.195008
1,257,41.147490,113.162568
1,258,41.089934,113.138749
1,259,41.008648,113.102683
1,260,40.927197,113.069936
1,261,40.863977,113.042523
1,262,40.777582,113.006278
1,263,40.716044,112.981326
1,264,40.666876,112.959373
1,265,40.597289,112.927789
1,266,40.503644,112.885856
1,267,40.425355,112.853383
1,268,40.352297,112.821155
1,269,40.281009,112.791670
1,270,40.216616,112.762841
1,271,40.145933,112.732429
1,272,40.066672,112.696739
1,273,40.011962,112.674329
1,274,39.957185,112.647076
1,275,39.851773,112.599385
1,276,39.791494,112.574024
1,277,39.724062,112.541678
1,278,39.637377,112.503838
1,279,39.581705,112.478685
1,280,39.500129,112.440638
1,281,39.419961,112.405764
1,282,39.378924,112.387281
1,283,39.299535,112.348026
1,284,39.208608,112.307746
1,285,39.154352,112.282673
1,286,39.097676,112.255743
1,287,39.007159,112.211480
1,288,38.933374,112.179135
1,289,38.885526,112.155259
1,290,38.805135,112.116213
1,291,38.727564,112.079397
1,292,38.667647,112.050999
1,293,38.580938,112.007989
1,294,38.501678,111.972572
1,295,38.453028,111.948678
1,296,38.382674,111.914092
1,297,38.316451,111.881690
1,298,38.253475,111.849985
1,299,38.181389,111.813430
1,300,38.105367,111.775296
1,301,38.032926,111.739236
1,302,37.962435,111.703998
1,303,37.891909,111.668739
1,304,37.818084,111.631685
1,305,37.742166,111.594090
1,306,37.675014,111.560983
1,307,37.608934,111.527623
1,308,37.537009,111.491353
1,309,37.462604,111.453888
1,310,37.387868,111.416654
1,311,37.317654,111.381753
1,312,37.249381,111.347541
1,313,37.176284,111.310719
1,314,37.128284,111.287196
1,315,37.068682,111.253929
1,316,36.978110,111.206765
1,317,36.909650,111.171727
1,318,36.845331,111.137933
1,319,36.790440,111.109201
1,320,36.716953,111.068141
1,321,36.620338,111.017928
1,322,36.554812,110.984912
1,323,36.504262,110.958059
1,324,36.455452,110.931384
1,325,36.365040,110.879730
1,326,36.279979,110.836616
1,327,36.239288,110.814133
1,328,36.155743,110.767089
1,329,36.093215,110.734989
1,330,36.034913,110.700574
1,331,35.934263,110.646014
1,332,35.883962,110.620398
1,333,35.831429,110.589178
1,334,35.741081,110.538997
1,335,35.682253,110.507337
1,336,35.604737,110.462566
1,337,35.526656,110.421580
1,338,35.477400,110.393602
1,339,35.413321,110.357244
1,340,35.344648,110.317656
1,341,35.267974,110.274050
1,342,35.199988,110.235975
1,343,35.147772,110.206123
1,344,35.071358,110.160454
1,345,35.002216,110.122087
1,346,34.932023,110.079916
1,347,34.849536,110.034206
1,348,34.803705,110.008014
1,349,34.731626,109.964462
1,350,34.654301,109.920691
1,351,34.601339,109.889546
1,352,34.535699,109.850060
1,353,34.467524,109.809567
1,354,34.387747,109.761607
1,355,34.312953,109.719046
1,356,34.264485,109.690439
1,357,34.195801,109.648177
1,358,34.120414,109.603704
1,359,34.070487,109.573843
1,360,34.002750,109.530933
1,361,33.922844,109.482899
1,362,33.848976,109.438143
1,363,33.774820,109.394585
1,364,33.714533,109.358769
1,365,33.663932,109.328149
1,366,33.601819,109.288533
1,367,33.533442,109.246166
1,368,33.475219,109.209128
1,369,33.397009,109.159003
1,370,33.327030,109.116344
1,371,33.255151,109.070552
1,372,33.186076,109.029191
1,373,33.131035,108.993985
1,374,33.063993,108.951848
1,375,33.003672,108.913323
1,376,32.940907,108.872768
1,377,32.864947,108.823487
1,378,32.794396,108.779424
1,379,32.737469,108.742796
1,380,32.672280,108.700436
1,381,32.591501,108.648224
1,382,32.529808,108.610336
1,383,32.484382,108.579965
1,384,32.416921,108.534821
1,385,32.348837,108.489807
1,386,32.285534,108.447660
1,387,32.218961,108.403087
1,388,32.149115,108.356603
1,389,32.066549,108.302135
1,390,32.012506,108.268674
1,391,31.967390,108.236775
1,392,31.890313,108.184489
1,393,31.821491,108.138500
1,394,31.754825,108.093696
1,395,31.685774,108.047608
1,396,31.619848,108.003729
1,397,31.553467,107.959309
1,398,31.487570,107.915432
1,399,31.442780,107.885631
1,400,31.379852,107.840060
1,401,31.298956,107.785189
1,402,31.234245,107.740917
1,403,31.178766,107.703335
1,404,31.118653,107.660423
1,405,31.045493,107.609722
1,406,30.974724,107.560712
1,407,30.918234,107.522469
1,408,30.864096,107.483410
1,409,30.796413,107.435467
1,410,30.722943,107.383196
1,411,30.667830,107.345623
1,412,30.609064,107.301856
1,413,30.527361,107.244464
1,414,30.467424,107.202671
1,415,30.414308,107.164629
1,416,30.358237,107.123664
1,417,30.285461,107.069909
1,418,30.227331,107.028976
1,419,30.168544,106.984158
1,420,30.093686,106.930104
1,421,30.023939,106.879100
1,422,29.963253,106.836327
1,423,29.915666,106.800740
1,424,29.857588,106.757026
1,425,29.793890,106.708489
1,426,29.725510,106.657027
1,427,29.657254,106.605911
1,428,29.593190,106.558486
1,429,29.537841,106.517011
1,430,29.473844,106.468030
1,431,29.404166,106.415871
1,432,29.338145,106.366426
1,433,29.273443,106.318387
1,434,29.217265,106.276414
1,435,29.152966,106.227209
1,436,29.093572,106.183004
1,437,29.040511,106.141548
1,438,28.971658,106.088230
1,439,28.905097,106.037453
1,440,28.849688,105.995061
1,441,28.785397,105.944483
1,442,28.710394,105.887342
1,443,28.659511,105.849196
1,444,28.614615,105.813078
1,445,28.556248,105.766027
1,446,28.485142,105.708348
1,447,28.412792,105.651953
1,448,28.347275,105.600602
1,449,28.284858,105.552516
1,450,28.227829,105.507620
1,451,28.180354,105.470385
1,452,28.120061,105.420031
1,453,28.057932,105.370879
1,454,27.996580,105.319546
1,455,27.931518,105.268014
1,456,27.881944,105.226802
1,457,27.806776,105.164624
1,458,27.746175,105.117048
1,459,27.697888,105.076454
1,460,27.622878,105.014484
1,461,27.573110,104.975338
1,462,27.520362,104.929215
1,463,27.452838,104.873876
1,464,27.383189,104.814826
1,465,27.311914,104.758323
1,466,27.263324,104.718241
1,467,27.207919,104.672162
1,468,27.154554,104.627193
1,469,27.108520,104.587808
1,470,27.034023,104.521736
1,471,26.969189,104.469240
1,472,26.911077,104.417821
1,473,26.853044,104.370731
1,474,26.788640,104.313169
1,475,26.728883,104.265597
1,476,26.679714,104.220536
1,477,26.612004,104.164058
1,478,26.571155,104.127711
1,479,26.493840,104.058781
1,480,26.440730,104.015368
1,481,26.388079,103.966277
1,482,26.315424,103.904571
1,483,26.266927,103.861496
1,484,26.186566,103.790857
1,485,26.148335,103.760892
1,486,26.091818,103.706013
1,487,26.011071,103.638782
1,488,25.989697,103.619255
1,489,25.912682,103.546601
1,490,25.830903,103.477654
1,491,25.805282,103.455279
1,492,25.736347,103.389956
1,493,25.673140,103.336616
1,494,25.640083,103.304533
1,495,25.580913,103.249382
1,496,25.496109,103.170106
1,497,25.440255,103.123684
1,498,25.409650,103.093042
1,499,25.344277,103.031942
1,500,25.257758,102.951573
1,501,25.210926,102.913483
1,502,25.187067,102.888051
1,503,25.116389,102.820562
1,504,25.056262,102.763863
1,505,24.970600,102.683574
1,506,24.917752,102.639483
1,507,24.902112,102.622954
1,508,24.848899,102.569716
1,509,24.778115,102.499688
1,510,24.701359,102.427161
1,511,24.628748,102.360454
1,512,24.567925,102.306136
1,513,24.536881,102.278167
1,514,24.501834,102.242646
1,515,24.445266,102.186078
1,516,24.388697,102.129509
1,517,24.332128,102.072940
1,518,24.275560,102.016372
1,519,24.218992,101.959804
1,520,24.149838,101.890813
1,521,24.061747,101.807349
1,522,24.014344,101.765972
1,523,23.987432,101.738244
1,524,23.931324,101.682136
1,525,23.874755,101.625567
1,526,23.818186,101.568998
1,527,23.761618,101.512430
1,528,23.705050,101.455862
1,529,23.648481,101.399293
1,530,23.591912,101.342724
1,531,23.535344,101.286156
1,532,23.479471,101.230283
1,533,23.453383,101.205077
1,534,23.410137,101.155267
1,535,23.324780,101.065709
1,536,23.257674,100.998486
1,537,23.201106,100.941918
1,538,23.144538,100.885350
1,539,23.087969,100.828781
1,540,23.031400,100.772212
1,541,22.974832,100.715644
1,542,22.939170,100.680450
1,543,22.914148,100.652697
1,544,22.854692,100.585450
1,545,22.782163,100.508204
1,546,22.720414,100.443383
1,547,22.653285,100.374156
1,548,22.589257,100.310069
1,549,22.574577,100.297313
1,550,22.534916,100.248759
1,551,22.451962,100.160469
1,552,22.397637,100.102911
1,553,22.332065,100.033849
1,554,22.304136,100.007064
1,555,22.259781,99.953534
1,556,22.180386,99.869620
1,557,22.130325,99.815857
1,558,22.098007,99.782156
1,559,22.043717,99.717983
1,560,21.965997,99.635451
1,561,21.914520,99.580200
1,562,21.884812,99.549406
1,563,21.824645,99.477982
1,564,21.751641,99.402208
1,565,21.738887,99.388199
1,566,21.677856,99.314046
1,567,21.594823,99.224766
1,568,21.560272,99.187594
1,569,21.511396,99.130959
1,570,21.466432,99.081875
1,571,21.424020,99.030474
1,572,21.346110,98.941462
1,573,21.305444,98.898540
1,574,21.266451,98.850363
1,575,21.202054,98.777139
1,576,21.148328,98.715098
1,577,21.085149,98.644021
1,578,21.044666,98.599676
1,579,21.008361,98.555942
1,580,20.951615,98.488801
1,581,20.886307,98.412785
1,582,20.847554,98.370310
1,583,20.809597,98.322338
1,584,20.737388,98.237185
1,585,20.689587,98.183128
1,586,20.635307,98.117818
1,587,20.581087,98.057221
1,588,20.552429,98.022528
1,589,20.493923,97.950252
1,590,20.437437,97.884863
1,591,20.397006,97.835539
1,592,20.355318,97.785151
1,593,20.294219,97.708051
1,594,20.239465,97.645125
1,595,20.190641,97.583678
1,596,20.140135,97.525590
1,597,20.107141,97.483135
1,598,20.043710,97.404168
1,599,19.992713,97.343531
1,600,19.961063,97.303914
1,601,19.896195,97.220420
1,602,19.836190,97.150582
1,603,19.802621,97.108126
1,604,19.745777,97.037119
1,605,19.694911,96.975495
1,606,19.661385,96.933677
1,607,19.612976,96.870143
1,608,19.554384,96.796728
1,609,19.513370,96.745234
1,610,19.460851,96.676781
1,611,19.400315,96.601890
1,612,19.360791,96.552917
1,613,19.319662,96.499354
1,614,19.265065,96.428932
1,615,19.221169,96.373597
1,616,19.182341,96.321891
1,617,19.128113,96.250136
1,618,19.068176,96.172956
1,619,19.026022,96.120303
1,620,18.991010,96.073197
1,621,18.943355,96.009396
1,622,18.896206,95.946260
1,623,18.843935,95.876068
1,624,18.793608,95.810196
1,625,18.748783,95.750481
1,626,18.703128,95.689772
1,627,18.659800,95.631345
1,628,18.609651,95.563164
1,629,18.556594,95.492612
1,630,18.509400,95.430050
1,631,18.463499,95.368733
1,632,18.416509,95.305782
1,633,18.375806,95.251253
1,634,18.331829,95.190058
1,635,18.279177,95.118378
1,636,18.227592,95.048640
1,637,18.187183,94.994958
1,638,18.140107,94.928746
1,639,18.093578,94.867042
1,640,18.062792,94.823081
1,641,18.005936,94.741511
1,642,17.958663,94.678410
1,643,17.918320,94.619814
1,644,17.870095,94.553577
1,645,17.823869,94.487148
1,646,17.772018,94.416060
1,647,17.734886,94.364020
1,648,17.694080,94.305238
1,649,17.651334,94.243729
1,650,17.609116,94.181960
1,651,17.554967,94.102897
1,652,17.509321,94.039421
1,653,17.471659,93.983811
1,654,17.423583,93.914140
1,655,17.370094,93.836720
1,656,17.330291,93.781869
1,657,17.300379,93.736311
1,658,17.254291,93.667066
1,659,17.210078,93.601099
1,660,17.167789,93.537434
1,661,17.122419,93.468965
1,662,17.066157,93.385062
1,663,17.018041,93.317065
1,664,16.982393,93.264191
1,665,16.939240,93.200056
1,666,16.910416,93.157548
1,667,16.870110,93.091681
1,668,16.810858,93.002094
1,669,16.766043,92.935224
1,670,16.723882,92.871867
1,671,16.678799,92.803757
1,672,16.632558,92.734636
1,673,16.590686,92.672025
1,674,16.558727,92.623728
1,675,16.519075,92.559904
1,676,16.470109,92.484338
1,677,16.426151,92.415992
1,678,16.387659,92.357032
1,679,16.347609,92.292702
1,680,16.299231,92.217380
1,681,16.262368,92.160149
1,682,16.217483,92.087642
1,683,16.179745,92.030310
1,684,16.140930,91.964934
1,685,16.096795,91.896551
1,686,16.058657,91.832604
1,687,16.007243,91.751330
1,688,15.971307,91.694458
1,689,15.927845,91.623061
1,690,15.887290,91.559656
1,691,15.856115,91.507302
1,692,15.811171,91.432367
1,693,15.763803,91.355145
1,694,15.724127,91.291305
1,695,15.688393,91.232077
1,696,15.646102,91.161504
1,697,15.604597,91.093290
1,698,15.564119,91.025690
1,699,15.527538,90.965448
1,700,15.484254,90.890952
1,701,15.446511,90.830227
1,702,15.411968,90.768565
1,703,15.359445,90.680769
1,704,15.320947,90.617463
1,705,15.280981,90.549483
1,706,15.242936,90.486747
1,707,15.212373,90.433428
1,708,15.172554,90.363378
1,709,15.134032,90.296543
1,710,15.092586,90.222967
1,711,15.048195,90.147007
1,712,15.012450,90.085239
1,713,14.977018,90.022854
1,714,14.934305,89.946980
1,715,14.889390,89.869747
1,716,14.859358,89.818331
1,717,14.819785,89.745469
1,718,14.784342,89.685471
1,719,14.753649,89.626208
1,720,14.699507,89.529426
1,721,14.663759,89.468279
1,722,14.625072,89.397053
1,723,14.592185,89.341465
1,724,14.557852,89.274386
1,725,14.506882,89.185132
1,726,14.486467,89.149080
1,727,14.452768,89.081725
1,728,14.398118,88.981643
1,729,14.363215,88.920253
1,730,14.328302,88.854274
1,731,14.285504,88.777230
1,732,14.253957,88.719494
1,733,14.224432,88.663683
1,734,14.190364,88.597363
1,735,14.144467,88.509132
1,736,14.105569,88.438540
1,737,14.076814,88.383047
1,738,14.040742,88.313384
1,739,14.007439,88.249039
1,740,13.963538,88.162333
1,741,13.917503,88.078223
1,742,13.893343,88.033215
1,743,13.866928,87.979562
1,744,13.830240,87.905574
1,745,13.792258,87.829654
1,746,13.755569,87.756984
1,747,13.720957,87.688161
1,748,13.686590,87.619343
1,749,13.650036,87.545834
1,750,13.614028,87.474289
1,751,13.579543,87.404949
1,752,13.544024,87.333711
1,753,13.508250,87.261691
1,754,13.470883,87.186867
1,755,13.433460,87.112529
1,756,13.398091,87.042548
1,757,13.365360,86.977161
1,758,13.329760,86.904902
1,759,13.291196,86.827993
1,760,13.255753,86.757648
1,761,13.236700,86.720545
1,762,13.206845,86.651559
1,763,13.157670,86.550478
1,764,13.125106,86.484482
1,765,13.093911,86.419260
1,766,13.057257,86.342749
1,767,13.025022,86.276716
1,768,12.996865,86.216334
1,769,12.958750,86.134210
1,770,12.927933,86.071148
1,771,12.907483,86.024870
1,772,12.868891,85.936342
1,773,12.823960,85.841411
1,774,12.789473,85.769337
1,775,12.766953,85.722578
1,776,12.736021,85.650291
1,777,12.702222,85.578910
1,778,12.673864,85.512123
1,779,12.630768,85.418102
1,780,12.603376,85.359950
1,781,12.573779,85.291266
1,782,12.540391,85.218521
1,783,12.513004,85.154936
1,784,12.474326,85.067105
1,785,12.440866,84.994437
1,786,12.417526,84.941371
1,787,12.387923,84.871084
1,788,12.343218,84.768485
1,789,12.309916,84.699011
1,790,12.293062,84.658976
1,791,12.259834,84.578812
1,792,12.228171,84.506920
1,793,12.197304,84.431909
1,794,12.165614,84.360292
1,795,12.142609,84.303607
1,796,12.105097,84.212267
1,797,12.074250,84.142507
1,798,12.045392,84.070763
1,799,12.010676,83.991043
1,800,11.987494,83.935079
1,801,11.952391,83.848298
1,802,11.921201,83.777330
1,803,11.901231,83.726697
1,804,11.870171,83.647995
1,805,11.836270,83.564565
1,806,11.805641,83.490177
1,807,11.774579,83.413937
1,808,11.739529,83.329659
1,809,11.719275,83.283393
1,810,11.698704,83.226049
1,811,11.665802,83.142295
1,812,11.635833,83.064007
1,813,11.600553,82.975835
1,814,11.571602,82.904945
1,815,11.546005,82.840032
1,816,11.519415,82.771976
1,817,11.491896,82.700082
1,818,11.461621,82.621568
1,819,11.436613,82.557641
1,820,11.412310,82.491126
1,821,11.377709,82.398893
1,822,11.350037,82.329506
1,823,11.323297,82.256273
1,824,11.295744,82.186615
1,825,11.270536,82.115794
1,826,11.241573,82.040784
1,827,11.216106,81.969459
1,828,11.190030,81.900867
1,829,11.164635,81.827554
1,830,11.131717,81.739450
1,831,11.106038,81.670119
1,832,11.080883,81.601134
1,833,11.052994,81.523543
1,834,11.022439,81.440668
1,835,10.997266,81.373375
1,836,10.976068,81.313605
1,837,10.954256,81.250535
1,838,10.930206,81.178314
1,839,10.898414,81.084854
1,840,10.862326,80.985677
1,841,10.838453,80.923675
1,842,10.821145,80.872370
1,843,10.797360,80.802177
1,844,10.772764,80.728085
1,845,10.746842,80.650835
1,846,10.722182,80.577109
1,847,10.698142,80.504674
1,848,10.671453,80.423472
1,849,10.638198,80.326124
1,850,10.610823,80.251427
1,851,10.591460,80.194235
1,852,10.572568,80.137946
1,853,10.552047,80.070684
1,854,10.522051,79.976445
1,855,10.494057,79.893315
1,856,10.470731,79.822735
1,857,10.446084,79.747588
1,858,10.421045,79.671496
1,859,10.399424,79.605737
1,860,10.381460,79.548038
1,861,10.358726,79.471326
1,862,10.328576,79.374599
1,863,10.304276,79.301285
1,864,10.288325,79.249199
1,865,10.265219,79.169513
1,866,10.233501,79.067764
1,867,10.213271,79.007809
1,868,10.196336,78.947379
1,869,10.166519,78.849450
1,870,10.146502,78.787741
1,871,10.126672,78.716635
1,872,10.100924,78.633581
1,873,10.078214,78.555712
1,874,10.053842,78.477772
1,875,10.035949,78.416804
1,876,10.012006,78.333351
1,877,9.989364,78.259246
1,878,9.972658,78.199829
1,879,9.948404,78.112223
1,880,9.925776,78.036820
1,881,9.907791,77.970826
1,882,9.883140,77.883215
1,883,9.860340,77.805012
1,884,9.838833,77.729166
1,885,9.820017,77.664591
1,886,9.800856,77.591635
1,887,9.777786,77.509846
1,888,9.759870,77.443774
1,889,9.737176,77.358077
1,890,9.714161,77.277241
1,891,9.696967,77.213628
1,892,9.675067,77.130401
1,893,9.654687,77.057861
1,894,9.638769,76.995181
1,895,9.617907,76.913696
1,896,9.598010,76.837754
1,897,9.576913,76.754705
1,898,9.553579,76.668431
1,899,9.536181,76.603822
1,900,9.520252,76.540002
1,901,9.501057,76.461991
1,902,9.481077,76.382336
1,903,9.461633,76.304375
1,904,9.442778,76.229410
1,905,9.424172,76.153496
1,906,9.403614,76.070796
1,907,9.383229,75.990328
1,908,9.364325,75.915715
1,909,9.350217,75.859513
1,910,9.334303,75.786482
1,911,9.311669,75.692081
1,912,9.293044,75.616239
1,913,9.275413,75.541981
1,914,9.259750,75.476975
1,915,9.242495,75.397561
1,916,9.221285,75.309510
1,917,9.206599,75.246754
1,918,9.188252,75.162719
1,919,9.168116,75.079670
1,920,9.155237,75.022707
1,921,9.138085,74.941001
1,922,9.120964,74.867325
1,923,9.108555,74.805494
1,924,9.089268,74.711944
1,925,9.066793,74.612673
1,926,9.051121,74.547797
1,927,9.036935,74.478480
1,928,9.019781,74.402279
1,929,9.006455,74.336457
1,930,8.991636,74.264309
1,931,8.977223,74.189847
1,932,8.957278,74.090127
1,933,8.936294,73.997293
1,934,8.922214,73.934170
1,935,8.907880,73.863536
1,936,8.892110,73.788538
1,937,8.879252,73.723770
1,938,8.864233,73.644168
1,939,8.849741,73.572087
1,940,8.835277,73.491319
1,941,8.820245,73.417785
1,942,8.806059,73.335316
1,943,8.787728,73.246973
1,944,8.774631,73.176565
1,945,8.760538,73.105085
1,946,8.747161,73.028988
1,947,8.731456,72.947268
1,948,8.719714,72.882404
1,949,8.705702,72.800531
1,950,8.688108,72.705883
1,951,8.674262,72.635556
1,952,8.663360,72.572214
1,953,8.650220,72.495753
1,954,8.634968,72.406308
1,955,8.622938,72.343809
1,956,8.613638,72.278198
1,957,8.595930,72.172386
1,958,8.583752,72.108378
1,959,8.574088,72.040500
1,960,8.556661,71.937206
1,961,8.544723,71.872888
1,962,8.534310,71.801419
1,963,8.517555,71.702971
1,964,8.507901,71.650608
1,965,8.498697,71.578932
1,966,8.480721,71.469473
1,967,8.470827,71.416033
1,968,8.460469,71.334977
1,969,8.443835,71.240980
1,970,8.436746,71.193344
1,971,8.427144,71.120535
1,972,8.414957,71.033958
1,973,8.404259,70.959675
1,974,8.391315,70.864097
1,975,8.379762,70.797301
1,976,8.370332,70.715917
1,977,8.357009,70.638764
1,978,8.348903,70.565354
1,979,8.334590,70.476050
1,980,8.328399,70.426582
1,981,8.316924,70.330448
1,982,8.304041,70.246498
1,983,8.296151,70.182300
1,984,8.286778,70.111330
1,985,8.275433,70.013287
1,986,8.262366,69.930971
1,987,8.255186,69.867886
1,988,8.245708,69.798695
1,989,8.238789,69.729992
1,990,8.225075,69.616041
1,991,8.213758,69.544217
1,992,8.210484,69.511276
1,993,8.202289,69.417574
1,994,8.187350,69.299669
1,995,8.178034,69.236289
1,996,8.171586,69.173049
1,997,8.161559,69.088624
1,998,8.154499,69.026801
1,999,8.145715,68.933996
1,1000,8.138223,68.885037
1,1001,8.132828,68.788228
1,1002,8.117885,68.687764
1,1003,8.113247,68.622921
1,1004,8.103174,68.550620
1,1005,8.101148,68.510816
1,1006,8.092884,68.404543
1,1007,8.084582,68.329104
1,1008,8.077541,68.234654
1,1009,8.064194,68.128852
1,1010,8.060017,68.093608
1,1011,8.053887,68.003224
1,1012,8.045405,67.941276
1,1013,8.042430,67.863419
1,1014,8.029541,67.751006
1,1015,8.027790,67.736464
1,1016,8.024327,67.635279
1,1017,8.009853,67.503139
1,1018,8.005983,67.470621
1,1019,8.001155,67.380606
1,1020,7.990681,67.290952
1,1021,7.990024,67.278708
1,1022,7.985276,67.147031
1,1023,7.971544,67.041485
1,1024,7.971804,67.026585
1,1025,7.967232,66.930889
1,1026,7.959477,66.834620
1,1027,7.955269,66.775847
1,1028,7.952091,66.713116
1,1029,7.945085,66.582869
1,1030,7.936256,66.518956
1,1031,7.937287,66.490663
1,1032,7.932669,66.395144
1,1033,7.925761,66.266447
1,1034,7.917460,66.205492
1,1035,7.918624,66.178666
1,1036,7.914500,66.080863
1,1037,7.910969,66.003985
1,1038,7.905145,65.877951
1,1039,7.897627,65.821975
1,1040,7.899380,65.795335
1,1041,7.895910,65.691906
1,1042,7.892689,65.609850
1,1043,7.885701,65.466701
1,1044,7.877040,65.412961
1,1045,7.880000,65.422686
1,1046,7.879850,65.323049
1,1047,7.876672,65.212773
1,1048,7.872323,65.115582
1,1049,7.866498,65.012101
1,1050,7.860768,64.942692
1,1051,7.859729,64.916836
1,1052,7.860000,64.863860
1,1053,7.860000,64.783826
1,1054,7.859126,64.655405
1,1055,7.851621,64.539729
1,1056,7.849114,64.495469
1,1057,7.848081,64.431906
1,1058,7.845520,64.343234
1,1059,7.842920,64.261983
1,1060,7.840773,64.194228
1,1061,7.839967,64.135136
1,1062,7.840000,64.064528
1,1063,7.840000,63.984528
1,1064,7.840000,63.904528
1,1065,7.840000,63.824528
1,1066,7.840000,63.744528
1,1067,7.840000,63.664528
1,1068,7.840000,63.584528
1,1069,7.840000,63.504528
1,1070,7.840000,63.424528
1,1071,7.840000,63.344528
1,1072,7.840000,63.264528
1,1073,7.840000,63.184528
1,1074,7.840000,63.104528
1,1075,7.840000,63.024528
1,1076,7.840000,62.944528
1,1077,7.840000,62.864528
1,1078,7.840000,62.784528
1,1079,7.840000,62.704528
1,1080,7.840000,62.624528
1,1081,7.840000,62.544528
1,1082,7.840000,62.464528
1,1083,7.840000,62.384528
1,1084,7.840000,62.304528
1,1085,7.840000,62.224528
1,1086,7.840000,62.144528
1,1087,7.839936,62.077658
1,1088,7.841116,62.019002
1,1089,7.843392,61.947782
1,1090,7.846051,61.865664
1,1091,7.848654,61.772720
1,1092,7.848816,61.721195
1,1093,7.852991,61.669466
1,1094,7.859497,61.542036
1,1095,7.860000,61.425190
1,1096,7.860000,61.345190
1,1097,7.859622,61.297153
1,1098,7.861104,61.270410
1,1099,7.867079,61.195467
1,1100,7.872718,61.093762
1,1101,7.877316,60.992801
1,1102,7.879908,60.881600
1,1103,7.879984,60.792403
1,1104,7.877416,60.801072
1,1105,7.886415,60.740872
1,1106,7.893258,60.598523
1,1107,7.896475,60.515573
1,1108,7.899815,60.409422
1,1109,7.897384,60.391052
1,1110,7.905575,60.336194
1,1111,7.911630,60.203562
1,1112,7.915188,60.127274
1,1113,7.918748,60.040728
1,1114,7.919564,60.000294
1,1115,7.927011,59.927708
1,1116,7.932766,59.814081
1,1117,7.936527,59.738045
1,1118,7.938404,59.693952
1,1119,7.946776,59.611801
1,1120,7.952761,59.497117
1,1121,7.954698,59.451409
1,1122,7.962542,59.372122
1,1123,7.968579,59.260692
1,1124,7.972505,59.184350
1,1125,7.972521,59.163347
1,1126,7.985310,59.065156
1,1127,7.990150,58.946647
1,1128,7.990648,58.940400
1,1129,8.006030,58.811729
1,1130,8.007022,58.726793
1,1131,8.011387,58.711537
1,1132,8.026217,58.558102
1,1133,8.027197,58.486844
1,1134,8.030715,58.470389
1,1135,8.045248,58.331545
1,1136,8.046452,58.265216
1,1137,8.054446,58.214736
1,1138,8.061397,58.121199
1,1139,8.067122,58.073378
1,1140,8.080264,57.956706
1,1141,8.084460,57.881273
1,1142,8.093235,57.813534
1,1143,8.102162,57.698918
1,1144,8.105558,57.647365
1,1145,8.111423,57.599935
1,1146,8.120317,57.525556
1,1147,8.133880,57.412299
1,1148,8.138199,57.343892
1,1149,8.148817,57.270237
1,1150,8.156350,57.176746
1,1151,8.163412,57.120744
1,1152,8.174066,57.025152
1,1153,8.179529,56.965148
1,1154,8.186916,56.915352
1,1155,8.202765,56.798681
1,1156,8.211822,56.696570
1,1157,8.214742,56.665716
1,1158,8.225646,56.598356
1,1159,8.241124,56.473280
1,1160,8.244987,56.420962
1,1161,8.256826,56.351396
1,1162,8.265312,56.269293
1,1163,8.278525,56.186687
1,1164,8.287780,56.094701
1,1165,8.296333,56.036865
1,1166,8.306853,55.955493
1,1167,8.317591,55.878487
1,1168,8.330074,55.783668
1,1169,8.335943,55.728944
1,1170,8.349507,55.648888
1,1171,8.358201,55.571681
1,1172,8.370131,55.504523
1,1173,8.384500,55.397136
1,1174,8.392545,55.334341
1,1175,8.403385,55.265559
1,1176,8.416316,55.176834
1,1177,8.429909,55.080201
1,1178,8.436344,55.022508
1,1179,8.444953,54.976106
1,1180,8.463510,54.863830
1,1181,8.473423,54.783627
1,1182,8.480722,54.741609
1,1183,8.497850,54.644985
1,1184,8.509868,54.559521
1,1185,8.519272,54.505071
1,1186,8.535412,54.413149
1,1187,8.547493,54.332547
1,1188,8.558438,54.270379
1,1189,8.575183,54.174095
1,1190,8.586586,54.096563
1,1191,8.597594,54.035435
1,1192,8.614930,53.935256
1,1193,8.625648,53.860613
1,1194,8.637173,53.798193
1,1195,8.650886,53.717402
1,1196,8.664090,53.643398
1,1197,8.676422,53.573435
1,1198,8.689832,53.503770
1,1199,8.708396,53.405682
1,1200,8.720788,53.328784
1,1201,8.734886,53.256389
1,1202,8.749677,53.170274
1,1203,8.759994,53.113307
1,1204,8.773346,53.048498
1,1205,8.791244,52.960350
1,1206,8.807937,52.872376
1,1207,8.822583,52.794715
1,1208,8.838498,52.711217
1,1209,8.852029,52.636291
1,1210,8.865622,52.567395
1,1211,8.881341,52.487138
1,1212,8.894238,52.420278
1,1213,8.909601,52.348777
1,1214,8.924918,52.273685
1,1215,8.939096,52.209163
1,1216,8.958944,52.120953
1,1217,8.979429,52.020395
1,1218,8.993410,51.946911
1,1219,9.009659,51.870023
1,1220,9.020948,51.809961
1,1221,9.038578,51.737081
1,1222,9.055341,51.653957
1,1223,9.069444,51.594109
1,1224,9.090963,51.499941
1,1225,9.111132,51.402900
1,1226,9.123662,51.339413
1,1227,9.139342,51.272005
1,1228,9.156452,51.192937
1,1229,9.170532,51.131520
1,1230,9.190941,51.047212
1,1231,9.209777,50.961424
1,1232,9.224761,50.896440
1,1233,9.245428,50.809857
1,1234,9.262317,50.731813
1,1235,9.277758,50.667726
1,1236,9.295664,50.592582
1,1237,9.314141,50.516849
1,1238,9.336274,50.424955
1,1239,9.352469,50.351507
1,1240,9.367272,50.292510
1,1241,9.386624,50.215485
1,1242,9.405921,50.138235
1,1243,9.425195,50.061701
1,1244,9.445478,49.981035
1,1245,9.464723,49.903067
1,1246,9.483297,49.829073
1,1247,9.503426,49.749388
1,1248,9.523049,49.670128
1,1249,9.538575,49.607732
1,1250,9.558505,49.534707
1,1251,9.580256,49.450119
1,1252,9.599260,49.377217
1,1253,9.620015,49.298616
1,1254,9.643158,49.209028
1,1255,9.657272,49.150120
1,1256,9.676369,49.084889
1,1257,9.697813,49.003587
1,1258,9.718149,48.931877
1,1259,9.741979,48.844269
1,1260,9.759155,48.779259
1,1261,9.781197,48.703901
1,1262,9.806574,48.609566
1,1263,9.822397,48.549049
1,1264,9.845990,48.469157
1,1265,9.866053,48.391622
1,1266,9.884602,48.329551
1,1267,9.908250,48.246048
1,1268,9.927661,48.177825
1,1269,9.952906,48.092674
1,1270,9.974875,48.011704
1,1271,9.991128,47.955990
1,1272,10.017036,47.871002
1,1273,10.036744,47.799521
1,1274,10.057296,47.734891
1,1275,10.085457,47.640025
1,1276,10.104908,47.571453
1,1277,10.128243,47.496375
1,1278,10.147589,47.428480
1,1279,10.170802,47.357514
1,1280,10.200145,47.258668
1,1281,10.216147,47.202310
1,1282,10.235909,47.143209
1,1283,10.263031,47.057726
1,1284,10.292216,46.964632
1,1285,10.311893,46.895982
1,1286,10.334081,46.828879
1,1287,10.362174,46.736645
1,1288,10.383469,46.666004
1,1289,10.405047,46.597281
1,1290,10.424595,46.534916
1,1291,10.446454,46.470406
1,1292,10.472228,46.393273
1,1293,10.497490,46.317974
1,1294,10.523743,46.239621
1,1295,10.556243,46.140940
1,1296,10.580703,46.058633
1,1297,10.590176,46.028187
1,1298,10.614291,45.964626
1,1299,10.648451,45.864981
1,1300,10.675694,45.783241
1,1301,10.700817,45.707364
1,1302,10.725022,45.634742
1,1303,10.750524,45.559019
1,1304,10.777371,45.478506
1,1305,10.802721,45.401406
1,1306,10.817382,45.356084
1,1307,10.841617,45.293423
1,1308,10.874178,45.201448
1,1309,10.902101,45.122383
1,1310,10.931908,45.036264
1,1311,10.955969,44.964312
1,1312,10.973764,44.913792
1,1313,11.003069,44.836367
1,1314,11.029898,44.759435
1,1315,11.056427,44.689108
1,1316,11.087192,44.602949
1,1317,11.112463,44.532168
1,1318,11.136824,44.465337
1,1319,11.169232,44.377910
1,1320,11.193584,44.306587
1,1321,11.217454,44.244177
1,1322,11.240931,44.179379
1,1323,11.271868,44.101630
1,1324,11.298151,44.028127
1,1325,11.327601,43.954939
1,1326,11.355956,43.876344
1,1327,11.382469,43.809659
1,1328,11.416492,43.718803
1,1329,11.442073,43.649019
1,1330,11.467962,43.581586
1,1331,11.494760,43.511049
1,1332,11.520885,43.444274
1,1333,11.549945,43.370555
1,1334,11.577365,43.300624
1,1335,11.603841,43.234879
1,1336,11.634936,43.158635
1,1337,11.667622,43.076637
1,1338,11.695647,43.005423
1,1339,11.722563,42.938908
1,1340,11.754405,42.860803
1,1341,11.786751,42.779358
1,1342,11.814268,42.709604
1,1343,11.841499,42.642500
1,1344,11.874005,42.562721
1,1345,11.906069,42.481598
1,1346,11.926980,42.428187
1,1347,11.957253,42.358634
1,1348,11.987879,42.282566
1,1349,12.014843,42.220194
1,1350,12.050215,42.136573
1,1351,12.075929,42.073832
1,1352,12.111467,41.993576
1,1353,12.146927,41.905138
1,1354,12.169911,41.850145
1,1355,12.199976,41.780898
1,1356,12.233040,41.703204
1,1357,12.262485,41.634064
1,1358,12.293257,41.563154
1,1359,12.318110,41.505132
1,1360,12.351308,41.433579
1,1361,12.392780,41.337971
1,1362,12.424718,41.262101
1,1363,12.444235,41.215977
1,1364,12.476606,41.147846
1,1365,12.515234,41.059753
1,1366,12.541677,41.000233
1,1367,12.572513,40.933713
1,1368,12.612165,40.846775
1,1369,12.643584,40.774566
1,1370,12.681127,40.692391
1,1371,12.706646,40.630467
1,1372,12.739389,40.562857
1,1373,12.775572,40.478419
1,1374,12.795704,40.434938
1,1375,12.822153,40.380256
1,1376,12.864913,40.293577
1,1377,12.912036,40.189923
1,1378,12.937560,40.130692
1,1379,12.968166,40.067380
1,1380,13.002581,39.991300
1,1381,13.027858,39.938079
1,1382,13.061737,39.868967
1,1383,13.099520,39.790245
1,1384,13.130886,39.724362
1,1385,13.165736,39.653644
1,1386,13.213615,39.553178
1,1387,13.239945,39.492068
1,1388,13.259008,39.455326
1,1389,13.295080,39.384057
1,1390,13.332966,39.308816
1,1391,13.370041,39.234413
1,1392,13.404380,39.165418
1,1393,13.438871,39.096952
1,1394,13.475927,39.023409
1,1395,13.515965,38.943188
1,1396,13.550431,38.872268
1,1397,13.581475,38.810409
1,1398,13.617084,38.740034
1,1399,13.654604,38.665517
1,1400,13.691819,38.591028
1,1401,13.727257,38.519791
1,1402,13.761915,38.450531
1,1403,13.797568,38.379532
1,1404,13.836020,38.302818
1,1405,13.872050,38.229513
1,1406,13.895650,38.181722
1,1407,13.922525,38.132503
1,1408,13.970063,38.044653
1,1409,14.013654,37.958492
1,1410,14.045789,37.895692
1,1411,14.082118,37.826053
1,1412,14.105222,37.780302
1,1413,14.146262,37.709069
1,1414,14.197195,37.610216
1,1415,14.229736,37.547254
1,1416,14.258118,37.493312
1,1417,14.294093,37.428381
1,1418,14.337936,37.346955
1,1419,14.369768,37.286604
1,1420,14.402446,37.228547
1,1421,14.455148,37.133050
1,1422,14.484765,37.073733
1,1423,14.514300,37.023881
1,1424,14.559529,36.941468
1,1425,14.592244,36.882384
1,1426,14.638051,36.801933
1,1427,14.673434,36.735018
1,1428,14.707404,36.676797
1,1429,14.756457,36.588360
1,1430,14.787938,36.529625
1,1431,14.827652,36.461197
1,1432,14.868046,36.386591
1,1433,14.895018,36.339432
1,1434,14.938758,36.265222
1,1435,14.973967,36.201963
1,1436,15.014534,36.135030
1,1437,15.064853,36.045851
1,1438,15.103100,35.977681
1,1439,15.136469,35.918606
1,1440,15.176293,35.850532
1,1441,15.210645,35.789811
1,1442,15.250970,35.723243
1,1443,15.295319,35.645873
1,1444,15.328166,35.589899
1,1445,15.361414,35.534664
1,1446,15.416339,35.445078
1,1447,15.457250,35.371228
1,1448,15.486688,35.323453
1,1449,15.531361,35.248952
1,1450,15.569426,35.184940
1,1451,15.614270,35.111414
1,1452,15.649187,35.051206
1,1453,15.684852,34.995107
1,1454,15.734824,34.913235
1,1455,15.775934,34.844655
1,1456,15.815712,34.779458
1,1457,15.858289,34.709284
1,1458,15.891637,34.654041
1,1459,15.936001,34.584501
1,1460,15.977571,34.515308
1,1461,16.015419,34.456056
1,1462,16.061422,34.381942
1,1463,16.099554,34.320590
1,1464,16.149405,34.242010
1,1465,16.187315,34.178143
1,1466,16.223714,34.122351
1,1467,16.265704,34.054882
1,1468,16.303545,33.996716
1,1469,16.356943,33.913680
1,1470,16.396009,33.849568
1,1471,16.430148,33.797724
1,1472,16.473952,33.730092
1,1473,16.526551,33.649362
1,1474,16.565309,33.586040
1,1475,16.594883,33.542013
1,1476,16.640219,33.474363
1,1477,16.685370,33.406219
1,1478,16.728184,33.341980
1,1479,16.773721,33.273856
1,1480,16.818927,33.205607
1,1481,16.874312,33.121955
1,1482,16.915482,33.055477
1,1483,16.944126,33.012952
1,1484,16.981046,32.958659
1,1485,17.029221,32.889728
1,1486,17.082969,32.809792
1,1487,17.127567,32.742632
1,1488,17.170582,32.678455
1,1489,17.216949,32.609233
1,1490,17.262687,32.540264
1,1491,17.304478,32.477315
1,1492,17.334727,32.432047
1,1493,17.375943,32.375005
1,1494,17.429655,32.297636
1,1495,17.472312,32.235655
1,1496,17.516172,32.173371
1,1497,17.564365,32.104222
1,1498,17.615183,32.031000
1,1499,17.651096,31.977623
1,1500,17.693557,31.919607
1,1501,17.752439,31.834945
1,1502,17.788755,31.781096
1,1503,17.831280,31.722873
1,1504,17.878862,31.654490
1,1505,17.922436,31.594082
1,1506,17.965013,31.533816
1,1507,18.016076,31.464187
1,1508,18.063953,31.395216
1,1509,18.101256,31.343940
1,1510,18.148796,31.278837
1,1511,18.193470,31.217121
1,1512,18.238725,31.155896
1,1513,18.285897,31.091529
1,1514,18.335104,31.024958
1,1515,18.380145,30.962932
1,1516,18.424886,30.903072
1,1517,18.473438,30.837330
1,1518,18.516507,30.779339
1,1519,18.562860,30.718071
1,1520,18.611167,30.653681
1,1521,18.660874,30.587849
1,1522,18.712455,30.518570
1,1523,18.757469,30.457755
1,1524,18.800695,30.400478
1,1525,18.849492,30.336224
1,1526,18.900842,30.268016
1,1527,18.952134,30.199344
1,1528,18.996389,30.139467
1,1529,19.031902,30.092676
1,1530,19.075328,30.037758
1,1531,19.135674,29.960563
1,1532,19.192952,29.884040
1,1533,19.226714,29.838472
1,1534,19.267502,29.787914
1,1535,19.312795,29.729865
1,1536,19.367741,29.662525
1,1537,19.419478,29.595023
1,1538,19.460253,29.544559
1,1539,19.519760,29.470162
1,1540,19.575424,29.397844
1,1541,19.622109,29.337526
1,1542,19.661030,29.287324
1,1543,19.701739,29.237429
1,1544,19.758887,29.167222
1,1545,19.808440,29.104325
1,1546,19.841997,29.063056
1,1547,19.904711,28.989180
1,1548,19.967964,28.908020
1,1549,20.003836,28.862985
1,1550,20.049521,28.807899
1,1551,20.112039,28.731331
1,1552,20.151454,28.680495
1,1553,20.194826,28.630268
1,1554,20.243566,28.570383
1,1555,20.302606,28.501784
1,1556,20.361083,28.428063
1,1557,20.399831,28.381440
1,1558,20.446526,28.325628
1,1559,20.500511,28.261816
1,1560,20.558702,28.191522
1,1561,20.592269,28.149955
1,1562,20.645269,28.090805
1,1563,20.699671,28.024593
1,1564,20.738357,27.980965
1,1565,20.799164,27.911383
1,1566,20.859638,27.840132
1,1567,20.909149,27.781154
1,1568,20.950044,27.733322
1,1569,21.014984,27.659418
1,1570,21.052238,27.612480
1,1571,21.102038,27.559744
1,1572,21.166090,27.483121
1,1573,21.200400,27.444548
1,1574,21.275720,27.360134
1,1575,21.318117,27.306515
1,1576,21.363516,27.258517
1,1577,21.422441,27.188314
1,1578,21.450536,27.157411
1,1579,21.523366,27.078765
1,1580,21.581146,27.009586
1,1581,21.610535,26.977654
1,1582,21.680904,26.901194
1,1583,21.733949,26.838459
1,1584,21.759083,26.811479
1,1585,21.837379,26.728819
1,1586,21.894538,26.660532
1,1587,21.924277,26.629533
1,1588,21.979261,26.570336
1,1589,22.048949,26.495279
1,1590,22.099619,26.436873
1,1591,22.138383,26.395954
1,1592,22.193827,26.336472
1,1593,22.266594,26.258245
1,1594,22.306598,26.210989
1,1595,22.340495,26.177627
1,1596,22.405699,26.108921
1,1597,22.459871,26.051531
1,1598,22.542497,25.963632
1,1599,22.582299,25.915008
1,1600,22.597344,25.901844
1,1601,22.657736,25.841437
1,1602,22.728164,25.769750
1,1603,22.798660,25.694925
1,1604,22.867331,25.620171
1,1605,22.916779,25.564056
1,1606,22.942615,25.536295
1,1607,22.983005,25.496183
1,1608,23.039574,25.439614
1,1609,23.096142,25.383046
1,1610,23.152710,25.326478
1,1611,23.209279,25.269909
1,1612,23.265848,25.213340
1,1613,23.337555,25.141390
1,1614,23.418402,25.055302
1,1615,23.456943,25.011485
1,1616,23.486940,24.982248
1,1617,23.543508,24.925680
1,1618,23.600077,24.869111
1,1619,23.656645,24.812543
1,1620,23.713214,24.755974
1,1621,23.769782,24.699406
1,1622,23.826351,24.642837
1,1623,23.882919,24.586269
1,1624,23.939488,24.529700
1,1625,23.987827,24.481291
1,1626,24.011463,24.457886
1,1627,24.079273,24.398467
1,1628,24.169592,24.309595
1,1629,24.227153,24.252035
1,1630,24.283722,24.195466
1,1631,24.340290,24.138898
1,1632,24.396858,24.082330
1,1633,24.453427,24.025761
1,1634,24.509338,23.969850
1,1635,24.527752,23.950069
1,1636,24.566923,23.917679
1,1637,24.649342,23.842526
1,1638,24.719623,23.776585
1,1639,24.792639,23.706415
1,1640,24.858974,23.640214
1,1641,24.885790,23.612490
1,1642,24.926221,23.577513
1,1643,25.001416,23.508053
1,1644,25.064458,23.448532
1,1645,25.127397,23.389119
1,1646,25.176558,23.341620
1,1647,25.220833,23.301437
1,1648,25.286620,23.241678
1,1649,25.351808,23.180702
1,1650,25.414413,23.122273
1,1651,25.447752,23.089730
1,1652,25.503604,23.042821
1,1653,25.585871,22.966646
1,1654,25.630306,22.925187
1,1655,25.685533,22.876634
1,1656,25.756912,22.811583
1,1657,25.817594,22.755417
1,1658,25.851834,22.723458
1,1659,25.919606,22.666344
1,1660,25.985968,22.604088
1,1661,26.022157,22.573123
1,1662,26.104455,22.502079
1,1663,26.161928,22.447782
1,1664,26.201709,22.414306
1,1665,26.259461,22.364116
1,1666,26.329221,22.304930
1,1667,26.404490,22.237438
1,1668,26.444394,22.201120
1,1669,26.494227,22.159942
1,1670,26.568030,22.096457
1,1671,26.627956,22.043932
1,1672,26.695078,21.986074
1,1673,26.737741,21.947134
1,1674,26.797644,21.899023
1,1675,26.858253,21.845053
1,1676,26.922801,21.792815
1,1677,26.980973,21.740425
1,1678,27.042178,21.691296
1,1679,27.108967,21.631764
1,1680,27.151060,21.597301
1,1681,27.223056,21.537471
1,1682,27.279340,21.488877
1,1683,27.321842,21.454328
1,1684,27.403029,21.389040
1,1685,27.464221,21.335382
1,1686,27.521762,21.289379
1,1687,27.585743,21.234367
1,1688,27.636863,21.192966
1,1689,27.700076,21.140799
1,1690,27.750389,21.099563
1,1691,27.808354,21.053891
1,1692,27.886471,20.991075
1,1693,27.945808,20.941256
1,1694,27.999878,20.898282
1,1695,28.068922,20.842236
1,1696,28.116165,20.803320
1,1697,28.184434,20.750828
1,1698,28.257151,20.690445
1,1699,28.299432,20.656564
1,1700,28.352085,20.616000
1,1701,28.431382,20.554795
1,1702,28.502243,20.496816
1,1703,28.550876,20.458076
1,1704,28.612762,20.409963
1,1705,28.676488,20.359438
1,1706,28.729864,20.317744
1,1707,28.793209,20.269361
1,1708,28.859456,20.217688
1,1709,28.915379,20.174418
1,1710,28.973454,20.130391
1,1711,29.044713,20.076420
1,1712,29.110006,20.025473
1,1713,29.168213,19.981058
1,1714,29.226377,19.936558
1,1715,29.284683,19.892984
1,1716,29.347073,19.846319
1,1717,29.411791,19.798235
1,1718,29.483521,19.744460
1,1719,29.546221,19.696463
1,1720,29.604062,19.653282
1,1721,29.667384,19.605964
1,1722,29.731702,19.558055
1,1723,29.802571,19.505039
1,1724,29.866364,19.456259
1,1725,29.907898,19.424990
1,1726,29.976496,19.376827
1,1727,30.048644,19.322374
1,1728,30.105729,19.281114
1,1729,30.178870,19.227327
1,1730,30.235700,19.184680
1,1731,30.293269,19.143599
1,1732,30.359620,19.095312
1,1733,30.405762,19.061936
1,1734,30.476296,19.014087
1,1735,30.545739,18.963404
1,1736,30.611974,18.917701
1,1737,30.675719,18.870980
1,1738,30.733091,18.831655
1,1739,30.817697,18.771609
1,1740,30.879013,18.726118
1,1741,30.928143,18.691817
1,1742,30.983755,18.653067
1,1743,31.044473,18.612155
1,1744,31.126903,18.555883
1,1745,31.196246,18.506161
1,1746,31.250766,18.468438
1,1747,31.312465,18.426004
1,1748,31.392357,18.371369
1,1749,31.452509,18.327643
1,1750,31.498123,18.297377
1,1751,31.560611,18.255537
1,1752,31.626575,18.212040
1,1753,31.697143,18.164956
1,1754,31.762986,18.120855
1,1755,31.827416,18.077966
1,1756,31.896894,18.031811
1,1757,31.966477,17.984988
1,1758,32.027880,17.943680
1,1759,32.092676,17.900912
1,1760,32.162633,17.854226
1,1761,32.226862,17.811255
1,1762,32.292120,17.768083
1,1763,32.362074,17.721549
1,1764,32.428656,17.676925
1,1765,32.483526,17.640348
1,1766,32.539781,17.604380
1,1767,32.610019,17.559583
1,1768,32.679835,17.514388
1,1769,32.743168,17.473579
1,1770,32.806549,17.433164
1,1771,32.876523,17.388774
1,1772,32.948017,17.342760
1,1773,33.010710,17.302323
1,1774,33.074562,17.261952
1,1775,33.139924,17.220403
1,1776,33.199736,17.182881
1,1777,33.271645,17.138539
1,1778,33.331174,17.100521
1,1779,33.400415,17.059157
1,1780,33.481629,17.007508
1,1781,33.550278,16.964229
1,1782,33.597468,16.933654
1,1783,33.659294,16.897829
1,1784,33.733809,16.851531
1,1785,33.795436,16.814751
1,1786,33.870294,16.769386
1,1787,33.935939,16.729128
1,1788,34.011280,16.683850
1,1789,34.085610,16.637142
1,1790,34.132738,16.607990
1,1791,34.200148,16.568949
1,1792,34.278727,16.520989
1,1793,34.325647,16.492474
1,1794,34.387770,16.457700
1,1795,34.473582,16.407441
1,1796,34.544360,16.364963
1,1797,34.614882,16.323252
1,1798,34.666591,16.291736
1,1799,34.732086,16.255609
1,1800,34.818863,16.204263
1,1801,34.867423,16.175169
1,1802,34.942217,16.134063
1,1803,35.011583,16.092124
1,1804,35.076405,16.056595
1,1805,35.145504,16.015642
1,1806,35.214784,15.977505
1,1807,35.283150,15.937094
1,1808,35.348229,15.901408
1,1809,35.419797,15.859969
1,1810,35.486834,15.822787
1,1811,35.547275,15.788035
1,1812,35.605269,15.757129
1,1813,35.697505,15.706691
1,1814,35.767380,15.665875
1,1815,35.833570,15.629732
1,1816,35.888226,15.597962
1,1817,35.956707,15.562750
1,1818,36.048333,15.510915
1,1819,36.089808,15.487180
1,1820,36.156605,15.453372
1,1821,36.255145,15.399028
1,1822,36.304189,15.370671
1,1823,36.382103,15.330765
1,1824,36.463854,15.283342
1,1825,36.505534,15.261198
1,1826,36.556799,15.234408
1,1827,36.637770,15.194141
1,1828,36.732924,15.142872
1,1829,36.792201,15.110270
1,1830,36.851884,15.079453
1,1831,36.924725,15.041303
1,1832,36.988126,15.008169
1,1833,37.077227,14.962617
1,1834,37.143086,14.925575
1,1835,37.188248,14.903423
1,1836,37.262508,14.865979
1,1837,37.331605,14.831030
1,1838,37.399568,14.797087
1,1839,37.472144,14.760923
1,1840,37.545022,14.724374
1,1841,37.613516,14.690047
1,1842,37.682357,14.655956
1,1843,37.756359,14.619300
1,1844,37.831496,14.581728
1,1845,37.904883,14.544835
1,1846,37.976328,14.508824
1,1847,38.044377,14.474610
1,1848,38.114675,14.439678
1,1849,38.187226,14.403407
1,1850,38.258887,14.367647
1,1851,38.328970,14.332594
1,1852,38.398126,14.298292
1,1853,38.445828,14.274399
1,1854,38.511844,14.244979
1,1855,38.607003,14.199339
1,1856,38.676385,14.165044
1,1857,38.740726,14.134449
1,1858,38.819527,14.096766
1,1859,38.881877,14.066143
1,1860,38.939685,14.039726
1,1861,39.024674,14.000577
1,1862,39.106994,13.960831
1,1863,39.169741,13.930652
1,1864,39.226277,13.904369
1,1865,39.315241,13.864193
1,1866,39.378042,13.832717
1,1867,39.418416,13.815831
1,1868,39.515958,13.773429
1,1869,39.589441,13.738287
1,1870,39.647182,13.713423
1,1871,39.747762,13.668194
1,1872,39.814729,13.635340
1,1873,39.866270,13.613063
1,1874,39.958644,13.571769
1,1875,40.020840,13.541947
1,1876,40.080492,13.516749
1,1877,40.158796,13.481644
1,1878,40.220550,13.454676
1,1879,40.291103,13.424569
1,1880,40.360995,13.394430
1,1881,40.430345,13.365304
1,1882,40.522766,13.326098
1,1883,40.599629,13.291092
1,1884,40.671335,13.260245
1,1885,40.732315,13.232423
1,1886,40.792313,13.208170
1,1887,40.873581,13.173596
1,1888,40.933945,13.148030
1,1889,41.022618,13.112228
1,1890,41.100023,13.077490
1,1891,41.157501,13.054171
1,1892,41.245396,13.017361
1,1893,41.316503,12.986337
1,1894,41.375751,12.961845
1,1895,41.445843,12.933225
1,1896,41.520069,12.903017
1,1897,41.586568,12.875808
1,1898,41.652707,12.849849
1,1899,41.731494,12.818854
1,1900,41.814194,12.785689
1,1901,41.882547,12.757696
1,1902,41.948122,12.732133
1,1903,42.034957,12.697994
1,1904,42.112679,12.665893
1,1905,42.176221,12.640530
1,1906,42.253716,12.610020
1,1907,42.321920,12.582335
1,1908,42.390203,12.556260
1,1909,42.470236,12.524792
1,1910,42.545236,12.495323
1,1911,42.607405,12.470727
1,1912,42.673252,12.446393
1,1913,42.742888,12.420053
1,1914,42.826814,12.389619
1,1915,42.915526,12.354841
1,1916,42.986863,12.327221
1,1917,43.055786,12.300490
1,1918,43.109067,12.280311
1,1919,43.186578,12.253230
1,1920,43.276639,12.219098
1,1921,43.342049,12.194460
1,1922,43.419520,12.166283
1,1923,43.479973,12.143069
1,1924,43.544846,12.121302
1,1925,43.644013,12.085525
1,1926,43.706433,12.061565
1,1927,43.763129,12.042572
1,1928,43.853746,12.011098
1,1929,43.948262,11.976552
1,1930,44.004568,11.954773
1,1931,44.054870,11.938348
1,1932,44.148197,11.906865
1,1933,44.242260,11.872753
1,1934,44.310427,11.847515
1,1935,44.364360,11.828545
1,1936,44.432172,11.806105
1,1937,44.508525,11.780351
1,1938,44.580952,11.756263
1,1939,44.659025,11.730395
1,1940,44.736380,11.704382
1,1941,44.809198,11.680066
1,1942,44.881987,11.655972
1,1943,44.965167,11.628619
1,1944,45.062427,11.595171
1,1945,45.110850,11.576808
1,1946,45.168436,11.560179
1,1947,45.263284,11.528765
1,1948,45.335354,11.504998
1,1949,45.401295,11.483447
1,1950,45.472306,11.461287
1,1951,45.560365,11.433320
1,1952,45.647467,11.404375
1,1953,45.700674,11.386202
1,1954,45.776408,11.363957
1,1955,45.851035,11.338936
1,1956,45.906594,11.322980
1,1957,45.998453,11.295490
1,1958,46.093168,11.265434
1,1959,46.147826,11.247051
1,1960,46.213580,11.228755
1,1961,46.316133,11.196941
1,1962,46.370143,11.178971
1,1963,46.434618,11.161560
1,1964,46.513419,11.137604
1,1965,46.593196,11.115401
1,1966,46.686669,11.086660
1,1967,46.751049,11.066885
1,1968,46.830577,11.043905
1,1969,46.903580,11.021157
1,1970,46.965453,11.003765
1,1971,47.051188,10.979247
1,1972,47.125503,10.957100
1,1973,47.197375,10.936876
1,1974,47.269127,10.916095
1,1975,47.341896,10.896226
1,1976,47.415771,10.875380
1,1977,47.505931,10.851035
1,1978,47.579126,10.828757
1,1979,47.647625,10.810907
1,1980,47.724571,10.788695
1,1981,47.781267,10.773877
1,1982,47.860414,10.753715
1,1983,47.957390,10.727907
1,1984,48.034930,10.705657
1,1985,48.096787,10.689221
1,1986,48.184339,10.666250
1,1987,48.253045,10.646658
1,1988,48.319091,10.630414
1,1989,48.403744,10.608074
1,1990,48.475879,10.589312
1,1991,48.547618,10.570967
1,1992,48.638016,10.548203
1,1993,48.718732,10.525911
1,1994,48.777862,10.510783
1,1995,48.852104,10.492479
1,1996,48.929848,10.472962
1,1997,49.005606,10.454254
1,1998,49.063944,10.439628
1,1999,49.145127,10.422043
1,2000,49.244900,10.397026
1,2001,49.319367,10.378279
1,2002,49.389902,10.360791
1,2003,49.457641,10.344516
1,2004,49.539827,10.325452
1,2005,49.606771,10.308782
1,2006,49.682556,10.292561
1,2007,49.775510,10.270071
1,2008,49.854152,10.251281
1,2009,49.924639,10.233994
1,2010,49.993440,10.218400
1,2011,50.074313,10.199807
1,2012,50.142026,10.184040
1,2013,50.218146,10.167796
1,2014,50.290008,10.151294
1,2015,50.375275,10.133799
1,2016,50.452939,10.115169
1,2017,50.532900,10.098841
1,2018,50.614007,10.079243
1,2019,50.677397,10.066142
1,2020,50.763980,10.047222
1,2021,50.823729,10.033756
1,2022,50.885971,10.022110
1,2023,50.972734,10.005029
1,2024,51.063153,9.986671
1,2025,51.152121,9.967482
1,2026,51.213355,9.953874
1,2027,51.297797,9.937785
1,2028,51.385252,9.917901
1,2029,51.436529,9.907475
1,2030,51.511784,9.893470
1,2031,51.600451,9.875842
1,2032,51.660369,9.863539
1,2033,51.726624,9.852402
1,2034,51.822503,9.834861
1,2035,51.907343,9.818167
1,2036,51.993361,9.801536
1,2037,52.064808,9.786534
1,2038,52.140804,9.772722
1,2039,52.204322,9.759468
1,2040,52.281542,9.747211
1,2041,52.362054,9.730978
1,2042,52.414372,9.722729
1,2043,52.517976,9.705808
1,2044,52.606101,9.688256
1,2045,52.671263,9.676892
1,2046,52.748514,9.663005
1,2047,52.824956,9.649712
1,2048,52.891541,9.637921
1,2049,52.967855,9.626094
1,2050,53.050674,9.611873
1,2051,53.123181,9.600185
1,2052,53.209743,9.586121
1,2053,53.294403,9.571469
1,2054,53.378998,9.556959
1,2055,53.428982,9.547368
1,2056,53.500153,9.538507
1,2057,53.594504,9.522728
1,2058,53.653611,9.513830
1,2059,53.751541,9.499931
1,2060,53.847312,9.482934
1,2061,53.893483,9.475110
1,2062,53.961397,9.466446
1,2063,54.078046,9.448974
1,2064,54.138430,9.437164
1,2065,54.201632,9.429983
1,2066,54.281177,9.417054
1,2067,54.361477,9.407278
1,2068,54.436695,9.394838
1,2069,54.501211,9.387638
1,2070,54.619626,9.370801
1,2071,54.694036,9.357610
1,2072,54.728322,9.353151
1,2073,54.796816,9.345853
1,2074,54.918822,9.330976
1,2075,54.998950,9.317158
1,2076,55.042805,9.312356
1,2077,55.144963,9.299979
1,2078,55.198946,9.290955
1,2079,55.284626,9.283728
1,2080,55.371010,9.269870
1,2081,55.448487,9.262748
1,2082,55.527470,9.250080
1,2083,55.593776,9.244284
1,2084,55.680419,9.232304
1,2085,55.755152,9.224561
1,2086,55.825126,9.215088
1,2087,55.903020,9.208066
1,2088,55.984897,9.197444
1,2089,56.082394,9.187784
1,2090,56.147895,9.176936
1,2091,56.210123,9.172929
1,2092,56.286487,9.162808
1,2093,56.349547,9.158774
1,2094,56.479901,9.144878
1,2095,56.522764,9.137333
1,2096,56.600070,9.133453
1,2097,56.691797,9.120831
1,2098,56.774631,9.114852
1,2099,56.834686,9.105101
1,2100,56.863968,9.105544
1,2101,57.015140,9.093837
1,2102,57.074747,9.084001
1,2103,57.132794,9.082494
1,2104,57.248534,9.069831
1,2105,57.292223,9.065455
1,2106,57.381640,9.059613
1,2107,57.468363,9.050096
1,2108,57.538361,9.045068
1,2109,57.635788,9.035656
1,2110,57.685512,9.030255
1,2111,57.730024,9.028283
1,2112,57.853958,9.021492
1,2113,57.957727,9.009803
1,2114,58.027234,9.004066
1,2115,58.082051,8.997924
1,2116,58.127230,8.996251
1,2117,58.204601,8.992237
1,2118,58.334341,8.985352
1,2119,58.410410,8.975599
1,2120,58.441449,8.975559
1,2121,58.518941,8.971420
1,2122,58.646522,8.965507
1,2123,58.723851,8.955788
1,2124,58.754332,8.956060
1,2125,58.838463,8.951840
1,2126,58.969094,8.945344
1,2127,59.037907,8.936153
1,2128,59.064797,8.937093
1,2129,59.157417,8.932819
1,2130,59.264702,8.927760
1,2131,59.345714,8.920677
1,2132,59.372406,8.919477
1,2133,59.443938,8.918959
1,2134,59.542871,8.915694
1,2135,59.625061,8.912635
1,2136,59.769545,8.905690
1,2137,59.823358,8.897018
1,2138,59.815619,8.899999
1,2139,59.919152,8.899530
1,2140,60.029601,8.895820
1,2141,60.127963,8.891083
1,2142,60.240192,8.883927
1,2143,60.281911,8.878719
1,2144,60.297013,8.879994
1,2145,60.372963,8.880000
1,2146,60.453545,8.880000
1,2147,60.598200,8.878354
1,2148,60.701700,8.869332
1,2149,60.734773,8.868710
1,2150,60.811150,8.866708
1,2151,60.894561,8.864124
1,2152,60.972692,8.861661
1,2153,61.031407,8.859865
1,2154,61.092302,8.860000
1,2155,61.172302,8.860000
1,2156,61.252302,8.860000
1,2157,61.332302,8.860000
1,2158,61.412302,8.860000
1,2159,61.492302,8.860000
1,2160,61.572302,8.860000
1,2161,61.652302,8.860000
1,2162,61.732302,8.860000
1,2163,61.812302,8.860000
1,2164,61.892302,8.860000
1,2165,61.972302,8.860000
1,2166,62.052302,8.860000
1,2167,62.132302,8.860000
1,2168,62.212302,8.860000
1,2169,62.292302,8.860000
1,2170,62.372302,8.860000
1,2171,62.452302,8.860000
1,2172,62.532302,8.860000
1,2173,62.612302,8.860000
1,2174,62.692302,8.860000
1,2175,62.772302,8.860000
1,2176,62.852302,8.860000
1,2177,62.932302,8.860000
1,2178,63.012302,8.860000
1,2179,63.092268,8.860000
1,2180,63.152902,8.859865
1,2181,63.211752,8.861691
1,2182,63.290270,8.864154
1,2183,63.373665,8.866722
1,2184,63.446174,8.868588
1,2185,63.482779,8.869766
1,2186,63.590146,8.878540
1,2187,63.731163,8.880000
1,2188,63.811652,8.880000
1,2189,63.885348,8.879985
1,2190,63.898169,8.878747
1,2191,63.944715,8.884489
1,2192,64.061395,8.891562
1,2193,64.158806,8.895941
1,2194,64.265179,8.899296
1,2195,64.367054,8.899994
1,2196,64.374931,8.897860
1,2197,64.421642,8.904614
1,2198,64.551131,8.911513
1,2199,64.638110,8.914934
1,2200,64.735321,8.918476
1,2201,64.801232,8.919129
1,2202,64.835071,8.921357
1,2203,64.924541,8.928493
1,2204,65.029375,8.933299
1,2205,65.122959,8.937369
1,2206,65.151727,8.936527
1,2207,65.224137,8.945601
1,2208,65.351427,8.951041
1,2209,65.423421,8.954686
1,2210,65.455081,8.955109
1,2211,65.545237,8.965664
1,2212,65.671700,8.970601
1,2213,65.738340,8.974203
1,2214,65.766658,8.974445
1,2215,65.858467,8.985794
1,2216,65.988364,8.991117
1,2217,66.039696,8.994015
1,2218,66.091894,8.997674
1,2219,66.187939,9.006602
1,2220,66.266848,9.010218
1,2221,66.305376,9.014405
1,2222,66.415912,9.025782
1,2223,66.482491,9.028738
1,2224,66.547129,9.037459
1,2225,66.653124,9.045651
1,2226,66.714224,9.051040
1,2227,66.811626,9.060560
1,2228,66.887818,9.065160
1,2229,66.934214,9.070382
1,2230,67.059407,9.083352
1,2231,67.118014,9.084582
1,2232,67.167135,9.092866
1,2233,67.310153,9.105002
1,2234,67.349352,9.105574
1,2235,67.413406,9.115376
1,2236,67.497268,9.121406
1,2237,67.571113,9.131688
1,2238,67.684688,9.141096
1,2239,67.748354,9.146538
1,2240,67.810203,9.152865
1,2241,67.868540,9.159329
1,2242,67.967842,9.172247
1,2243,68.031748,9.176955
1,2244,68.124645,9.191011
1,2245,68.210090,9.196463
1,2246,68.258678,9.204715
1,2247,68.357104,9.215471
1,2248,68.437626,9.225139
1,2249,68.489663,9.230084
1,2250,68.583680,9.244799
1,2251,68.680074,9.253254
1,2252,68.745252,9.262469
1,2253,68.816893,9.269698
1,2254,68.897931,9.281683
1,2255,68.990676,9.291199
1,2256,69.030656,9.296321
1,2257,69.109760,9.308895
1,2258,69.210462,9.321974
1,2259,69.297740,9.332984
1,2260,69.346050,9.338086
1,2261,69.422706,9.351440
1,2262,69.509710,9.362032
1,2263,69.572460,9.372413
1,2264,69.682824,9.388232
1,2265,69.746905,9.395196
1,2266,69.823567,9.408120
1,2267,69.896515,9.416483
1,2268,69.976816,9.430704
1,2269,70.071615,9.441971
1,2270,70.120027,9.449672
1,2271,70.200669,9.462673
1,2272,70.278548,9.474443
1,2273,70.380277,9.490696
1,2274,70.443754,9.497623
1,2275,70.503313,9.509341
1,2276,70.585707,9.521372
1,2277,70.672174,9.536991
1,2278,70.756222,9.548297
1,2279,70.806433,9.557380
1,2280,70.904108,9.574521
1,2281,70.987063,9.586679
1,2282,71.042171,9.596196
1,2283,71.134657,9.612915
1,2284,71.219424,9.625691
1,2285,71.276065,9.635600
1,2286,71.352546,9.649678
1,2287,71.440043,9.665155
1,2288,71.518745,9.678563
1,2289,71.599119,9.692771
1,2290,71.670364,9.704676
1,2291,71.748780,9.719470
1,2292,71.821654,9.731636
1,2293,71.898686,9.746908
1,2294,71.987239,9.762077
1,2295,72.054674,9.774418
1,2296,72.113230,9.785302
1,2297,72.189754,9.801708
1,2298,72.274050,9.817794
1,2299,72.375805,9.838276
1,2300,72.462952,9.851863
1,2301,72.518709,9.862835
1,2302,72.591261,9.876533
1,2303,72.657138,9.889846
1,2304,72.733965,9.905887
1,2305,72.820019,9.923445
1,2306,72.882938,9.935662
1,2307,72.961663,9.953648
1,2308,73.051674,9.971378
1,2309,73.122236,9.986258
1,2310,73.198365,10.002057
1,2311,73.292444,10.022027
1,2312,73.364365,10.035036
1,2313,73.417703,10.047283
1,2314,73.505938,10.066807
1,2315,73.571428,10.080302
1,2316,73.649992,10.099293
1,2317,73.748617,10.119901
1,2318,73.810134,10.132704
1,2319,73.878847,10.148828
1,2320,73.965901,10.168356
1,2321,74.039731,10.184515
1,2322,74.118260,10.202657
1,2323,74.190296,10.218320
1,2324,74.256990,10.234454
1,2325,74.331998,10.252139
1,2326,74.425079,10.274810
1,2327,74.502929,10.291253
1,2328,74.566026,10.306940
1,2329,74.646734,10.325886
1,2330,74.720631,10.343732
1,2331,74.809188,10.365014
1,2332,74.882551,10.381406
1,2333,74.945143,10.397035
1,2334,75.021710,10.416046
1,2335,75.096574,10.434760
1,2336,75.172381,10.453921
1,2337,75.253575,10.474443
1,2338,75.334491,10.494421
1,2339,75.409462,10.512979
1,2340,75.487492,10.532577
1,2341,75.566286,10.552028
1,2342,75.625759,10.566747
1,2343,75.701697,10.587756
1,2344,75.789483,10.609898
1,2345,75.858550,10.627842
1,2346,75.932287,10.647376
1,2347,75.997663,10.664685
1,2348,76.078414,10.687623
1,2349,76.170991,10.711723
1,2350,76.243350,10.730500
1,2351,76.310043,10.748342
1,2352,76.375791,10.766557
1,2353,76.456182,10.789550
1,2354,76.542870,10.813094
1,2355,76.624750,10.835242
1,2356,76.694320,10.853523
1,2357,76.758346,10.871732
1,2358,76.831161,10.892468
1,2359,76.900097,10.912472
1,2360,76.980788,10.936499
1,2361,77.066924,10.960952
1,2362,77.138395,10.981138
1,2363,77.212452,11.002825
1,2364,77.287743,11.024438
1,2365,77.367435,11.047954
1,2366,77.439800,11.068334
1,2367,77.514747,11.091064
1,2368,77.591688,11.112981
1,2369,77.651222,11.131051
1,2370,77.735201,11.157318
1,2371,77.812625,11.179785
1,2372,77.892975,11.204839
1,2373,77.963990,11.224864
1,2374,78.017992,11.242509
1,2375,78.112120,11.272588
1,2376,78.203863,11.299498
1,2377,78.253093,11.313778
1,2378,78.326568,11.338720
1,2379,78.414047,11.365076
1,2380,78.477328,11.385396
1,2381,78.552817,11.409658
1,2382,78.626627,11.433367
1,2383,78.697655,11.456484
1,2384,78.770616,11.480560
1,2385,78.845887,11.505449
1,2386,78.934952,11.534864
1,2387,79.020010,11.561140
1,2388,79.080950,11.580378
1,2389,79.148639,11.603059
1,2390,79.228625,11.629488
1,2391,79.277268,11.645048
1,2392,79.345634,11.671084
1,2393,79.445848,11.705238
1,2394,79.524841,11.731736
1,2395,79.603062,11.757793
1,2396,79.678299,11.782726
1,2397,79.749250,11.806444
1,2398,79.825068,11.832219
1,2399,79.896293,11.856000
1,2400,79.953061,11.875737
1,2401,80.020552,11.900574
1,2402,80.114183,11.934332
1,2403,80.194007,11.961101
1,2404,80.244741,11.979067
1,2405,80.315950,12.006055
1,2406,80.413394,12.041207
1,2407,80.476542,12.062406
1,2408,80.539594,12.086793
1,2409,80.639773,12.122840
1,2410,80.702767,12.144009
1,2411,80.764287,12.167746
1,2412,80.851995,12.199600
1,2413,80.915230,12.222284
1,2414,80.992878,12.252075
1,2415,81.063071,12.276880
1,2416,81.136796,12.305915
1,2417,81.216618,12.334397
1,2418,81.286291,12.361322
1,2419,81.359139,12.387860
1,2420,81.420164,12.411732
1,2421,81.498980,12.442390
1,2422,81.566880,12.468274
1,2423,81.632942,12.494856
1,2424,81.727880,12.532389
1,2425,81.798088,12.557853
1,2426,81.857928,12.582357
1,2427,81.939048,12.614022
1,2428,82.020710,12.646145
1,2429,82.086022,12.670629
1,2430,82.150736,12.697379
1,2431,82.229039,12.728231
1,2432,82.298228,12.756216
1,2433,82.373533,12.786548
1,2434,82.439360,12.812985
1,2435,82.519049,12.846269
1,2436,82.600160,12.878072
1,2437,82.673707,12.907945
1,2438,82.729709,12.929628
1,2439,82.796905,12.959385
1,2440,82.881204,12.993529
1,2441,82.941269,13.018893
1,2442,83.025333,13.054871
1,2443,83.102627,13.085956
1,2444,83.164460,13.112191
1,2445,83.245837,13.146657
1,2446,83.304580,13.170432
1,2447,83.377907,13.203658
1,2448,83.453312,13.234431
1,2449,83.524909,13.266725
1,2450,83.602782,13.298740
1,2451,83.655607,13.322290
1,2452,83.723991,13.353001
1,2453,83.813573,13.393331
1,2454,83.895988,13.427807
1,2455,83.963324,13.457165
1,2456,84.023587,13.482846
1,2457,84.101543,13.518684
1,2458,84.179570,13.551394
1,2459,84.232817,13.575653
1,2460,84.320046,13.615308
1,2461,84.389060,13.644538
1,2462,84.453708,13.674728
1,2463,84.524284,13.705732
1,2464,84.581450,13.732732
1,2465,84.671251,13.774774
1,2466,84.750835,13.809555
1,2467,84.792493,13.828472
1,2468,84.876532,13.869973
1,2469,84.971525,13.911571
1,2470,85.021268,13.934174
1,2471,85.070177,13.957581
1,2472,85.164182,14.004210
1,2473,85.244465,14.039241
1,2474,85.294859,14.064150
1,2475,85.373890,14.101806
1,2476,85.444814,14.135391
1,2477,85.501229,14.162335
1,2478,85.596153,14.209735
1,2479,85.671093,14.242188
1,2480,85.708751,14.261727
1,2481,85.783380,14.299049
1,2482,85.853709,14.333925
1,2483,85.921585,14.368066
1,2484,85.995708,14.405373
1,2485,86.070472,14.442561
1,2486,86.143333,14.478764
1,2487,86.212001,14.512735
1,2488,86.278697,14.546298
1,2489,86.350985,14.582781
1,2490,86.426112,14.620441
1,2491,86.498579,14.656474
1,2492,86.565894,14.690098
1,2493,86.636441,14.725798
1,2494,86.713643,14.764493
1,2495,86.790640,14.802552
1,2496,86.858222,14.835675
1,2497,86.921542,14.867541
1,2498,86.993756,14.904166
1,2499,87.066095,14.940422
1,2500,87.108063,14.961245
1,2501,87.182442,15.003058
1,2502,87.274584,15.049174
1,2503,87.326996,15.076473
1,2504,87.377403,15.103345
1,2505,87.445190,15.141589
1,2506,87.542206,15.193793
1,2507,87.628623,15.237664
1,2508,87.680239,15.263617
1,2509,87.723282,15.287385
1,2510,87.808409,15.335258
1,2511,87.873221,15.368435
1,2512,87.926230,15.399548
1,2513,88.025231,15.453951
1,2514,88.110203,15.497936
1,2515,88.154506,15.520642
1,2516,88.212258,15.554038
1,2517,88.282977,15.592603
1,2518,88.362111,15.637753
1,2519,88.434007,15.675442
1,2520,88.478189,15.700890
1,2521,88.562520,15.749598
1,2522,88.638522,15.790502
1,2523,88.694869,15.822585
1,2524,88.765882,15.862786
1,2525,88.844244,15.906974
1,2526,88.902865,15.938841
1,2527,88.968201,15.977497
1,2528,89.032807,16.013204
1,2529,89.099415,16.053407
1,2530,89.183744,16.100717
1,2531,89.248071,16.137361
1,2532,89.303423,16.168821
1,2533,89.369645,16.208718
1,2534,89.449005,16.254464
1,2535,89.513323,16.291675
1,2536,89.567931,16.323657
1,2537,89.635293,16.364904
1,2538,89.709617,16.408706
1,2539,89.790353,16.456950
1,2540,89.857672,16.494666
1,2541,89.900960,16.521050
1,2542,89.978579,16.569008
1,2543,90.048050,16.609483
1,2544,90.119719,16.653746
1,2545,90.187250,16.692476
1,2546,90.235274,16.722645
1,2547,90.318686,16.774313
1,2548,90.396742,16.820179
1,2549,90.457439,16.856586
1,2550,90.512032,16.889516
1,2551,90.572093,16.927584
1,2552,90.637085,16.968039
1,2553,90.695581,17.005488
1,2554,90.784814,17.062658
1,2555,90.863380,17.108976
1,2556,90.913874,17.140471
1,2557,90.981236,17.182798
1,2558,91.055507,17.229006
1,2559,91.106712,17.260135
1,2560,91.157811,17.294322
1,2561,91.231563,17.342370
1,2562,91.315375,17.396469
1,2563,91.376500,17.433617
1,2564,91.427663,17.467915
1,2565,91.503247,17.516951
1,2566,91.585592,17.569843
1,2567,91.643262,17.604869
1,2568,91.689693,17.636322
1,2569,91.757171,17.680946
1,2570,91.820831,17.723482
1,2571,91.891024,17.770403
1,2572,91.957828,17.814403
1,2573,92.027707,17.861102
1,2574,92.107117,17.912743
1,2575,92.170742,17.953270
1,2576,92.205639,17.975998
1,2577,92.266329,18.019844
1,2578,92.355370,18.079771
1,2579,92.421407,18.123399
1,2580,92.483694,18.165292
1,2581,92.554009,18.212485
1,2582,92.622838,18.258079
1,2583,92.684360,18.299031
1,2584,92.740480,18.336917
1,2585,92.794050,18.374013
1,2586,92.862347,18.422324
1,2587,92.941129,18.476277
1,2588,92.993655,18.511476
1,2589,93.055526,18.556180
1,2590,93.134173,18.609932
1,2591,93.189271,18.647773
1,2592,93.249090,18.690324
1,2593,93.322913,18.742135
1,2594,93.388018,18.786926
1,2595,93.449638,18.830336
1,2596,93.501197,18.866156
1,2597,93.559061,18.909257
1,2598,93.642652,18.969086
1,2599,93.707528,19.013950
1,2600,93.759155,19.051078
1,2601,93.821888,19.096765
1,2602,93.887638,19.144334
1,2603,93.945341,19.186171
1,2604,94.008151,19.232864
1,2605,94.078521,19.284209
1,2606,94.152793,19.338152
1,2607,94.207996,19.376765
1,2608,94.255251,19.412730
1,2609,94.317764,19.459581
1,2610,94.379428,19.506464
1,2611,94.451033,19.560531
1,2612,94.517301,19.609428
1,2613,94.575300,19.652935
1,2614,94.637303,19.699743
1,2615,94.700816,19.747712
1,2616,94.770381,19.800265
1,2617,94.837631,19.849959
1,2618,94.895794,19.893431
1,2619,94.956408,19.939241
1,2620,95.023123,19.989716
1,2621,95.077076,20.029905
1,2622,95.131653,20.072957
1,2623,95.204505,20.129158
1,2624,95.273150,20.181224
1,2625,95.324335,20.219840
1,2626,95.384105,20.267468
1,2627,95.451431,20.319020
1,2628,95.506097,20.361927
1,2629,95.574509,20.415924
1,2630,95.631068,20.459211
1,2631,95.684657,20.502816
1,2632,95.754677,20.558363
1,2633,95.822852,20.612098
1,2634,95.881116,20.657302
1,2635,95.927481,20.694570
1,2636,96.000359,20.754557
1,2637,96.067449,20.806237
1,2638,96.111978,20.842677
1,2639,96.181595,20.899898
1,2640,96.240752,20.946546
1,2641,96.308127,21.002612
1,2642,96.379780,21.058095
1,2643,96.430939,21.099551
1,2644,96.475605,21.135242
1,2645,96.536089,21.187593
1,2646,96.616564,21.252657
1,2647,96.657222,21.285081
1,2648,96.709054,21.330716
1,2649,96.795701,21.402921
1,2650,96.845281,21.441844
1,2651,96.904111,21.493478
1,2652,96.971730,21.547556
1,2653,97.018732,21.588241
1,2654,97.071006,21.632057
1,2655,97.140632,21.693710
1,2656,97.200581,21.742095
1,2657,97.252123,21.788682
1,2658,97.339470,21.861840
1,2659,97.401814,21.912393
1,2660,97.431148,21.936393
1,2661,97.493825,21.993833
1,2662,97.561738,22.049889
1,2663,97.599656,22.084352
1,2664,97.684348,22.159663
1,2665,97.736025,22.201110
1,2666,97.779716,22.242577
1,2667,97.859160,22.311386
1,2668,97.921021,22.364906
1,2669,97.982385,22.417483
1,2670,98.017442,22.447251
1,2671,98.080712,22.506990
1,2672,98.162094,22.576409
1,2673,98.193297,22.603409
1,2674,98.255225,22.661982
1,2675,98.340222,22.735688
1,2676,98.377209,22.767033
1,2677,98.442022,22.828007
1,2678,98.498766,22.875286
1,2679,98.529938,22.906353
1,2680,98.594591,22.966720
1,2681,98.672899,23.039805
1,2682,98.734520,23.092861
1,2683,98.772670,23.128907
1,2684,98.830321,23.182744
1,2685,98.913095,23.259762
1,2686,98.963523,23.301853
1,2687,98.991158,23.330065
1,2688,99.057858,23.393769
1,2689,99.118349,23.450821
1,2690,99.183164,23.512073
1,2691,99.254920,23.577943
1,2692,99.293024,23.611524
1,2693,99.326033,23.645215
1,2694,99.393146,23.711596
1,2695,99.462698,23.778289
1,2696,99.530321,23.842048
1,2697,99.614852,23.919651
1,2698,99.655421,23.953053
1,2699,99.672678,23.971866
1,2700,99.729247,24.028435
1,2701,99.785816,24.085004
1,2702,99.842384,24.141572
1,2703,99.898953,24.198141
1,2704,99.955521,24.254709
1,2705,100.020170,24.319291
1,2706,100.112183,24.407644
1,2707,100.164761,24.452852
1,2708,100.187143,24.476331
1,2709,100.243179,24.532367
1,2710,100.299748,24.588936
1,2711,100.356316,24.645504
1,2712,100.412885,24.702073
1,2713,100.469453,24.758641
1,2714,100.526022,24.815210
1,2715,100.582590,24.871778
1,2716,100.639159,24.928347
1,2717,100.695728,24.984916
1,2718,100.749713,25.038894
1,2719,100.772107,25.060460
1,2720,100.822062,25.118410
1,2721,100.911798,25.210960
1,2722,100.973396,25.272584
1,2723,101.029964,25.329152
1,2724,101.086533,25.385721
1,2725,101.143102,25.442290
1,2726,101.199670,25.498858
1,2727,101.253306,25.552485
1,2728,101.271007,25.569009
1,2729,101.307894,25.613592
1,2730,101.386889,25.699431
1,2731,101.450808,25.767092
1,2732,101.518941,25.837875
1,2733,101.584693,25.903881
1,2734,101.600243,25.917529
1,2735,101.639957,25.966088
1,2736,101.722714,26.054141
1,2737,101.776924,26.111571
1,2738,101.842221,26.180368
1,2739,101.874227,26.211657
1,2740,101.915674,26.260966
1,2741,101.990555,26.341006
1,2742,102.044253,26.398626
1,2743,102.081024,26.437324
1,2744,102.131578,26.496126
1,2745,102.204144,26.574305
1,2746,102.260057,26.634281
1,2747,102.291292,26.666820
1,2748,102.352468,26.738907
1,2749,102.421911,26.810622
1,2750,102.437662,26.828539
1,2751,102.501500,26.904761
1,2752,102.576049,26.984607
1,2753,102.600271,27.010984
1,2754,102.659693,27.082239
1,2755,102.731534,27.159461
1,2756,102.757255,27.188081
1,2757,102.818866,27.261649
1,2758,102.869743,27.315676
1,2759,102.906798,27.361927
1,2760,102.980207,27.445597
1,2761,103.022202,27.492140
1,2762,103.079008,27.559765
1,2763,103.131560,27.616837
1,2764,103.176875,27.671692
1,2765,103.232277,27.733607
1,2766,103.283875,27.795140
1,2767,103.328404,27.844334
1,2768,103.363291,27.888361
1,2769,103.435938,27.975170
1,2770,103.486748,28.032213
1,2771,103.538266,28.094537
1,2772,103.590488,28.153041
1,2773,103.627437,28.198384
1,2774,103.679411,28.260511
1,2775,103.717978,28.307128
1,2776,103.778191,28.382997
1,2777,103.836312,28.450221
1,2778,103.884931,28.510285
1,2779,103.935071,28.568432
1,2780,103.985594,28.631353
1,2781,104.038563,28.692763
1,2782,104.074156,28.737251
1,2783,104.122476,28.797241
1,2784,104.176597,28.864979
1,2785,104.218373,28.915523
1,2786,104.278638,28.993615
1,2787,104.330920,29.053737
1,2788,104.371217,29.107084
1,2789,104.431482,29.179567
1,2790,104.464969,29.221618
1,2791,104.522453,29.295787
1,2792,104.572737,29.356195
1,2793,104.605800,29.399618
1,2794,104.662450,29.473091
1,2795,104.722301,29.548053
1,2796,104.764908,29.600600
1,2797,104.815839,29.666674
1,2798,104.868879,29.731673
1,2799,104.900025,29.771681
1,2800,104.953480,29.843016
1,2801,105.003531,29.905478
1,2802,105.044976,29.961156
1,2803,105.096896,30.028130
1,2804,105.149289,30.097120
1,2805,105.195847,30.155819
1,2806,105.230445,30.202365
1,2807,105.281117,30.270793
1,2808,105.333330,30.339639
1,2809,105.379856,30.401267
1,2810,105.426583,30.463374
1,2811,105.470786,30.522319
1,2812,105.517396,30.585497
1,2813,105.567781,30.653019
1,2814,105.619000,30.721510
1,2815,105.666237,30.783720
1,2816,105.709425,30.841848
1,2817,105.759409,30.909235
1,2818,105.801124,30.964546
1,2819,105.844583,31.025219
1,2820,105.898686,31.098382
1,2821,105.946874,31.163299
1,2822,105.987569,31.218054
1,2823,106.033460,31.282199
1,2824,106.081288,31.346878
1,2825,106.116613,31.396173
1,2826,106.168190,31.470075
1,2827,106.216604,31.535561
1,2828,106.250766,31.584616
1,2829,106.303408,31.660298
1,2830,106.354394,31.730564
1,2831,106.394470,31.787085
1,2832,106.435061,31.844828
1,2833,106.486972,31.920024
1,2834,106.532741,31.982823
1,2835,106.567808,32.034362
1,2836,106.617291,32.106179
1,2837,106.666083,32.175935
1,2838,106.708574,32.236591
1,2839,106.751952,32.299783
1,2840,106.800443,32.369771
1,2841,106.846059,32.435129
1,2842,106.883541,32.489188
1,2843,106.919857,32.543706
1,2844,106.963962,32.610434
1,2845,107.010729,32.680540
1,2846,107.054212,32.745424
1,2847,107.097225,32.810300
1,2848,107.150461,32.890150
1,2849,107.203210,32.965893
1,2850,107.229725,33.003568
1,2851,107.264255,33.059261
1,2852,107.319313,33.142759
1,2853,107.363918,33.209581
1,2854,107.407721,33.275793
1,2855,107.454241,33.345619
1,2856,107.497899,33.410783
1,2857,107.539893,33.474139
1,2858,107.581048,33.536348
1,2859,107.612988,33.585200
1,2860,107.654276,33.652217
1,2861,107.709032,33.736765
1,2862,107.745824,33.792336
1,2863,107.787028,33.858730
1,2864,107.835909,33.933419
1,2865,107.875845,33.995837
1,2866,107.910826,34.050013
1,2867,107.951603,34.117087
1,2868,107.997395,34.188690
1,2869,108.040043,34.257634
1,2870,108.084623,34.327036
1,2871,108.120704,34.384955
1,2872,108.165763,34.457784
1,2873,108.205507,34.520245
1,2874,108.246188,34.587386
1,2875,108.288115,34.653663
1,2876,108.323247,34.712068
1,2877,108.368725,34.786845
1,2878,108.407835,34.850030
1,2879,108.444004,34.910731
1,2880,108.483280,34.976233
1,2881,108.526965,35.050275
1,2882,108.576647,35.131584
1,2883,108.617430,35.197301
1,2884,108.646700,35.245418
1,2885,108.682377,35.307849
1,2886,108.730184,35.388912
1,2887,108.774129,35.462058
1,2888,108.815921,35.531620
1,2889,108.857884,35.601171
1,2890,108.891985,35.657550
1,2891,108.919889,35.706131
1,2892,108.967517,35.791309
1,2893,109.015291,35.869929
1,2894,109.046933,35.924710
1,2895,109.076490,35.975648
1,2896,109.117488,36.051547
1,2897,109.168937,36.139309
1,2898,109.203165,36.198206
1,2899,109.246711,36.274997
1,2900,109.287581,36.343402
1,2901,109.311529,36.385777
1,2902,109.344358,36.447154
1,2903,109.393087,36.536312
1,2904,109.437172,36.612706
1,2905,109.474759,36.679699
1,2906,109.505911,36.733793
1,2907,109.546033,36.809591
1,2908,109.588089,36.881818
1,2909,109.626296,36.953261
1,2910,109.669960,37.028058
1,2911,109.688922,37.062672
1,2912,109.721671,37.127408
1,2913,109.775511,37.228229
1,2914,109.817607,37.301795
1,2915,109.848684,37.359324
1,2916,109.889175,37.433631
1,2917,109.923254,37.495351
1,2918,109.951445,37.548959
1,2919,109.984518,37.613317
1,2920,110.033807,37.708843
1,2921,110.074929,37.781528
1,2922,110.099408,37.829163
1,2923,110.135859,37.899779
1,2924,110.168204,37.962096
1,2925,110.210612,38.046810
1,2926,110.259834,38.137401
1,2927,110.286455,38.186193
1,2928,110.311131,38.235901
1,2929,110.346763,38.307816
1,2930,110.384040,38.382254
1,2931,110.418173,38.450304
1,2932,110.453931,38.522728
1,2933,110.490368,38.595177
1,2934,110.525672,38.666395
1,2935,110.563913,38.742573
1,2936,110.599957,38.813883
1,2937,110.633537,38.880791
1,2938,110.668675,38.951647
1,2939,110.705793,39.025860
1,2940,110.741458,39.096984
1,2941,110.776670,39.167496
1,2942,110.811140,39.236525
1,2943,110.846910,39.308903
1,2944,110.885621,39.386225
1,2945,110.921251,39.456611
1,2946,110.939204,39.491515
1,2947,110.971130,39.565303
1,2948,111.021032,39.666348
1,2949,111.051413,39.728164
1,2950,111.081906,39.791845
1,2951,111.116984,39.865815
1,2952,111.141615,39.916191
1,2953,111.178527,40.000935
1,2954,111.224644,40.093268
1,2955,111.245647,40.137809
1,2956,111.269372,40.190646
1,2957,111.311644,40.287136
1,2958,111.358266,40.382135
1,2959,111.387679,40.443502
1,2960,111.408963,40.487781
1,2961,111.443321,40.568245
1,2962,111.476719,40.636496
1,2963,111.500794,40.695115
1,2964,111.535514,40.771136
1,2965,111.564423,40.839500
1,2966,111.607923,40.936749
1,2967,111.640271,41.005295
1,2968,111.665310,41.062502
1,2969,111.704687,41.151739
1,2970,111.736816,41.219751
1,2971,111.758514,41.270496
1,2972,111.788986,41.341826
1,2973,111.828037,41.432888
1,2974,111.864858,41.512960
1,2975,111.889503,41.568827
1,2976,111.918548,41.636788
1,2977,111.948581,41.706468
1,2978,111.981486,41.784624
1,2979,112.009806,41.848809
1,2980,112.033598,41.908147
1,2981,112.067902,41.991550
1,2982,112.103710,42.076535
1,2983,112.137621,42.154956
1,2984,112.163370,42.214537
1,2985,112.190177,42.280655
1,2986,112.220580,42.353768
1,2987,112.252954,42.433583
1,2988,112.282435,42.502570
1,2989,112.308514,42.568552
1,2990,112.340115,42.645529
1,2991,112.366242,42.710495
1,2992,112.394534,42.782395
1,2993,112.427762,42.865939
1,2994,112.459029,42.942101
1,2995,112.485113,43.007077
1,2996,112.512872,43.077634
1,2997,112.543353,43.154926
1,2998,112.576055,43.236888
1,2999,112.605264,43.308345
1,3000,112.629540,43.369990
1,3001,112.657866,43.443575
1,3002,112.686958,43.517762
1,3003,112.708566,43.573730
1,3004,112.736545,43.651684
1,3005,112.772116,43.743390
1,3006,112.801093,43.817792
1,3007,112.826529,43.883074
1,3008,112.856841,43.964236
1,3009,112.882980,44.029067
1,3010,112.907133,44.097352
1,3011,112.936867,44.174155
1,3012,112.962552,44.245688
1,3013,112.987331,44.310364
1,3014,113.010754,44.379187
1,3015,113.044510,44.471070
1,3016,113.071080,44.542497
1,3017,113.095062,44.608747
1,3018,113.124586,44.691584
1,3019,113.154618,44.771671
1,3020,113.179394,44.839552
1,3021,113.203146,44.904988
1,3022,113.225169,44.968367
1,3023,113.249016,45.038306
1,3024,113.274643,45.114180
1,3025,113.309444,45.215469
1,3026,113.340529,45.296924
1,3027,113.358394,45.347792
1,3028,113.380061,45.411685
1,3029,113.404888,45.486390
1,3030,113.431098,45.564100
1,3031,113.456460,45.639653
1,3032,113.481302,45.713396
1,3033,113.505661,45.786759
1,3034,113.531661,45.864977
1,3035,113.557346,45.941404
1,3036,113.581496,46.013835
1,3037,113.605825,46.087547
1,3038,113.631574,46.165685
1,3039,113.658423,46.246116
1,3040,113.684705,46.324020
1,3041,113.709830,46.398469
1,3042,113.731256,46.462275
1,3043,113.751421,46.526105
1,3044,113.776197,46.605072
1,3045,113.798631,46.674795
1,3046,113.819404,46.743573
1,3047,113.847468,46.834546
1,3048,113.868916,46.899549
1,3049,113.887574,46.964612
1,3050,113.917614,47.062338
1,3051,113.946527,47.151339
1,3052,113.964365,47.204653
1,3053,113.980673,47.262386
1,3054,114.010696,47.363068
1,3055,114.033845,47.433453
1,3056,114.052533,47.499044
1,3057,114.076484,47.576771
1,3058,114.095868,47.643870
1,3059,114.122844,47.736000
1,3060,114.145858,47.808791
1,3061,114.166521,47.881215
1,3062,114.189629,47.956202
1,3063,114.204599,48.009161
1,3064,114.226466,48.090603
1,3065,114.252446,48.180273
1,3066,114.270327,48.241761
1,3067,114.289789,48.315302
1,3068,114.317651,48.413735
1,3069,114.339968,48.487826
1,3070,114.357750,48.551851
1,3071,114.378065,48.624587
1,3072,114.400460,48.706885
1,3073,114.420934,48.777832
1,3074,114.438825,48.846431
1,3075,114.462799,48.934240
1,3076,114.483044,49.006566
1,3077,114.504232,49.086325
1,3078,114.522698,49.150806
1,3079,114.537420,49.211714
1,3080,114.560009,49.299977
1,3081,114.582143,49.384266
1,3082,114.600608,49.453141
1,3083,114.619054,49.527357
1,3084,114.642721,49.617805
1,3085,114.661624,49.687545
1,3086,114.678123,49.753904
1,3087,114.696678,49.827514
1,3088,114.715426,49.904623
1,3089,114.735852,49.986064
1,3090,114.755369,50.064316
1,3091,114.774852,50.141641
1,3092,114.792970,50.214392
1,3093,114.807947,50.275474
1,3094,114.826741,50.359660
1,3095,114.850086,50.452186
1,3096,114.865799,50.515843
1,3097,114.882990,50.590264
1,3098,114.899104,50.656767
1,3099,114.916635,50.738693
1,3100,114.939973,50.833990
1,3101,114.957143,50.905075
1,3102,114.972134,50.968432
1,3103,114.989709,51.048834
1,3104,115.010203,51.134588
1,3105,115.023972,51.193931
1,3106,115.035727,51.250096
1,3107,115.053933,51.342085
1,3108,115.074118,51.429911
1,3109,115.090669,51.508085
1,3110,115.108060,51.583133
1,3111,115.123758,51.659041
1,3112,115.144871,51.752098
1,3113,115.159039,51.812752
1,3114,115.171524,51.875863
1,3115,115.187521,51.953178
1,3116,115.201744,52.024833
1,3117,115.220303,52.118848
1,3118,115.239930,52.207229
1,3119,115.254725,52.276941
1,3120,115.271901,52.358815
1,3121,115.286476,52.425142
1,3122,115.299421,52.493412
1,3123,115.316085,52.575948
1,3124,115.327254,52.631680
1,3125,115.338351,52.699006
1,3126,115.356944,52.802109
1,3127,115.376997,52.900540
1,3128,115.391997,52.971368
1,3129,115.406336,53.045818
1,3130,115.417960,53.100876
1,3131,115.428181,53.167483
1,3132,115.447007,53.269667
1,3133,115.461789,53.345994
1,3134,115.474106,53.413742
1,3135,115.485267,53.476698
1,3136,115.499733,53.567384
1,3137,115.518899,53.666912
1,3138,115.530404,53.726861
1,3139,115.543497,53.805766
1,3140,115.555786,53.868743
1,3141,115.565040,53.935620
1,3142,115.583233,54.042351
1,3143,115.594576,54.102206
1,3144,115.604572,54.173317
1,3145,115.622665,54.278863
1,3146,115.633790,54.337939
1,3147,115.643824,54.409324
1,3148,115.657907,54.491522
1,3149,115.670019,54.573246
1,3150,115.684168,54.653791
1,3151,115.694216,54.721053
1,3152,115.706833,54.801057
1,3153,115.720476,54.890180
1,3154,115.735515,54.977260
1,3155,115.744012,55.027534
1,3156,115.752513,55.094279
1,3157,115.763308,55.167794
1,3158,115.773719,55.252959
1,3159,115.788510,55.349595
1,3160,115.798019,55.413485
1,3161,115.810391,55.506063
1,3162,115.821334,55.568419
1,3163,115.829615,55.646472
1,3164,115.844975,55.740904
1,3165,115.851295,55.790933
1,3166,115.862585,55.882585
1,3167,115.874299,55.960915
1,3168,115.883130,56.034404
1,3169,115.892787,56.102029
1,3170,115.902537,56.193375
1,3171,115.915483,56.275659
1,3172,115.921246,56.332046
1,3173,115.934790,56.440738
1,3174,115.945577,56.509666
1,3175,115.949723,56.550821
1,3176,115.961444,56.666081
1,3177,115.973097,56.735690
1,3178,115.977257,56.794761
1,3179,115.992513,56.914107
1,3180,116.001619,56.976520
1,3181,116.007011,57.029583
1,3182,116.016907,57.124876
1,3183,116.026499,57.198003
1,3184,116.032165,57.260916
1,3185,116.039019,57.324295
1,3186,116.047015,57.429675
1,3187,116.061469,57.535269
1,3188,116.068414,57.600547
1,3189,116.075022,57.650431
1,3190,116.077870,57.701651
1,3191,116.087172,57.816467
1,3192,116.095405,57.883803
1,3193,116.100618,57.966814
1,3194,116.111344,58.056398
1,3195,116.114512,58.102108
1,3196,116.124635,58.229375
1,3197,116.133901,58.283911
1,3198,116.134151,58.331400
1,3199,116.148357,58.478705
1,3200,116.153995,58.504850
1,3201,116.154291,58.566329
1,3202,116.169144,58.714342
1,3203,116.172817,58.726876
1,3204,116.174413,58.819044
1,3205,116.189785,58.943843
1,3206,116.189796,58.947106
1,3207,116.194779,59.069388
1,3208,116.208202,59.173002
1,3209,116.208314,59.189839
1,3210,116.212016,59.269612
1,3211,116.218589,59.373556
1,3212,116.224593,59.444758
1,3213,116.227287,59.501077
1,3214,116.233702,59.621532
1,3215,116.241950,59.693060
1,3216,116.242379,59.730094
1,3217,116.246504,59.817444
1,3218,116.251083,59.912191
1,3219,116.257961,60.012079
1,3220,116.262946,60.073784
1,3221,116.265331,60.133305
1,3222,116.268690,60.203198
1,3223,116.274008,60.336033
1,3224,116.282662,60.395820
1,3225,116.280123,60.409325
1,3226,116.282848,60.514062
1,3227,116.286036,60.601296
1,3228,116.291273,60.723087
1,3229,116.299748,60.810845
1,3230,116.300425,60.823742
1,3231,116.300041,60.880404
1,3232,116.301958,60.993677
1,3233,116.307158,61.102587
1,3234,116.312733,61.197378
1,3235,116.318298,61.274849
1,3236,116.320513,61.306471
1,3237,116.320000,61.349254
1,3238,116.320000,61.429254
1,3239,116.320134,61.528279
1,3240,116.324800,61.672049
1,3241,116.331827,61.742531
1,3242,116.331278,61.776779
1,3243,116.333692,61.867609
1,3244,116.336232,61.950069
1,3245,116.338542,62.025509
1,3246,116.340069,62.085166
1,3247,116.340000,62.148888
1,3248,116.340000,62.228610
1,3249,116.340000,62.308610
1,3250,116.340000,62.388610
1,3251,116.340000,62.468610
1,3252,116.340000,62.548610
1,3253,116.340000,62.628610
1,3254,116.340000,62.708610
1,3255,116.340000,62.788610
1,3256,116.340000,62.868610
1,3257,116.340000,62.948610
1,3258,116.340000,63.028610
1,3259,116.340000,63.108610
1,3260,116.340000,63.188610
1,3261,116.340000,63.268610
1,3262,116.340000,63.348610
1,3263,116.340000,63.428610
1,3264,116.340000,63.508610
1,3265,116.340000,63.588610
1,3266,116.340000,63.668610
1,3267,116.340000,63.748610
1,3268,116.340000,63.828610
1,3269,116.340000,63.908610
1,3270,116.340000,63.988610
1,3271,116.340000,64.068610
1,3272,116.340091,64.132940
1,3273,116.338641,64.191905
1,3274,116.336315,64.266281
1,3275,116.333721,64.348705
1,3276,116.331217,64.440950
1,3277,116.331779,64.476742
1,3278,116.325026,64.544628
1,3279,116.320158,64.687290
1,3280,116.320000,64.787946
1,3281,116.320000,64.867946
1,3282,116.320844,64.900214
1,3283,116.317737,64.932080
1,3284,116.311133,65.026116
1,3285,116.306100,65.126146
1,3286,116.302014,65.227514
1,3287,116.300054,65.335205
1,3288,116.300279,65.399818
1,3289,116.300398,65.407843
1,3290,116.291895,65.487693
1,3291,116.286090,65.614475
1,3292,116.282849,65.703110
1,3293,116.280123,65.807847
1,3294,116.282662,65.821361
1,3295,116.274010,65.881121
1,3296,116.268691,66.013897
1,3297,116.265326,66.083764
1,3298,116.262503,66.150781
1,3299,116.258818,66.205263
1,3300,116.251518,66.297653
1,3301,116.246489,66.399876
1,3302,116.242151,66.492782
1,3303,116.242333,66.528039
1,3304,116.234182,66.595328
1,3305,116.227857,66.717130
1,3306,116.225075,66.773713
1,3307,116.219698,66.839059
1,3308,116.212385,66.941196
1,3309,116.208223,67.029013
1,3310,116.208317,67.044992
1,3311,116.194545,67.151714
1,3312,116.190565,67.267779
1,3313,116.189630,67.272941
1,3314,116.174847,67.400331
1,3315,116.172737,67.492137
1,3316,116.169697,67.505045
1,3317,116.154929,67.645457
1,3318,116.154307,67.710145
1,3319,116.147741,67.743830
1,3320,116.134600,67.890691
1,3321,116.134798,67.929798
1,3322,116.124927,67.988267
1,3323,116.114866,68.118815
1,3324,116.112352,68.158568
1,3325,116.101576,68.243917
1,3326,116.095464,68.332771
1,3327,116.086780,68.407614
1,3328,116.078668,68.515762
1,3329,116.076015,68.559392
1,3330,116.068044,68.619248
1,3331,116.061430,68.686949
1,3332,116.047329,68.789390
1,3333,116.040426,68.886016
1,3334,116.032651,68.948308
1,3335,116.025636,69.025621
1,3336,116.017547,69.090526
1,3337,116.006609,69.187663
1,3338,116.001630,69.244054
1,3339,115.992916,69.300108
1,3340,115.977295,69.422517
1,3341,115.972692,69.484681
1,3342,115.961617,69.552988
1,3343,115.950260,69.662874
1,3344,115.945887,69.704960
1,3345,115.934615,69.776659
1,3346,115.919791,69.897980
1,3347,115.916492,69.944278
1,3348,115.903239,70.020517
1,3349,115.892408,70.126423
1,3350,115.886239,70.171567
1,3351,115.875372,70.245336
1,3352,115.862538,70.336808
1,3353,115.850226,70.433144
1,3354,115.843575,70.493693
1,3355,115.832148,70.565815
1,3356,115.823922,70.633668
1,3357,115.809833,70.714934
1,3358,115.796819,70.819074
1,3359,115.788528,70.879888
1,3360,115.779642,70.939778
1,3361,115.764993,71.029015
1,3362,115.750780,71.134732
1,3363,115.742880,71.199061
1,3364,115.735137,71.248012
1,3365,115.722143,71.324020
1,3366,115.708039,71.412082
1,3367,115.694675,71.497436
1,3368,115.685205,71.561387
1,3369,115.670097,71.645884
1,3370,115.658658,71.726727
1,3371,115.644930,71.803974
1,3372,115.633660,71.882657
1,3373,115.623344,71.939483
1,3374,115.605293,72.042671
1,3375,115.594877,72.117488
1,3376,115.584199,72.173977
1,3377,115.565700,72.281019
1,3378,115.556221,72.350134
1,3379,115.544951,72.407546
1,3380,115.528716,72.501274
1,3381,115.516848,72.572710
1,3382,115.504707,72.638395
1,3383,115.488765,72.723838
1,3384,115.476025,72.797537
1,3385,115.463131,72.863379
1,3386,115.445352,72.955728
1,3387,115.428163,73.054752
1,3388,115.419703,73.109303
1,3389,115.408076,73.162561
1,3390,115.390786,73.248651
1,3391,115.375558,73.325137
1,3392,115.355688,73.423730
1,3393,115.339374,73.519925
1,3394,115.329847,73.574528
1,3395,115.315006,73.646470
1,3396,115.299644,73.728637
1,3397,115.286605,73.793885
1,3398,115.270417,73.871982
1,3399,115.256926,73.939930
1,3400,115.244015,73.997265
1,3401,115.221476,74.095200
1,3402,115.201470,74.198013
1,3403,115.188609,74.264419
1,3404,115.172980,74.338327
1,3405,115.159563,74.405569
1,3406,115.145195,74.467854
1,3407,115.125392,74.555587
1,3408,115.109434,74.630515
1,3409,115.090160,74.714171
1,3410,115.075324,74.787211
1,3411,115.055653,74.869682
1,3412,115.035472,74.970771
1,3413,115.024614,75.024798
1,3414,115.011824,75.078509
1,3415,114.989856,75.169661
1,3416,114.971839,75.253581
1,3417,114.957664,75.314215
1,3418,114.936484,75.402269
1,3419,114.919421,75.481024
1,3420,114.904027,75.544685
1,3421,114.884626,75.625814
1,3422,114.868326,75.695346
1,3423,114.845723,75.785502
1,3424,114.828763,75.864370
1,3425,114.814725,75.919375
1,3426,114.795210,75.997072
1,3427,114.775052,76.077320
1,3428,114.756085,76.154163
1,3429,114.737443,76.227954
1,3430,114.717571,76.306509
1,3431,114.697553,76.386287
1,3432,114.677101,76.468301
1,3433,114.658539,76.544458
1,3434,114.643300,76.605130
1,3435,114.623106,76.679457
1,3436,114.600976,76.765582
1,3437,114.583074,76.835285
1,3438,114.562412,76.912004
1,3439,114.539631,77.000244
1,3440,114.523377,77.065247
1,3441,114.503394,77.136737
1,3442,114.484728,77.208586
1,3443,114.465324,77.275667
1,3444,114.439702,77.368280
1,3445,114.420749,77.440748
1,3446,114.400669,77.511014
1,3447,114.376283,77.600254
1,3448,114.358263,77.668537
1,3449,114.342237,77.723952
1,3450,114.317247,77.807304
1,3451,114.290255,77.904537
1,3452,114.271726,77.974154
1,3453,114.254420,78.033657
1,3454,114.228323,78.122202
1,3455,114.205808,78.205390
1,3456,114.189146,78.263658
1,3457,114.166282,78.339633
1,3458,114.146306,78.409496
1,3459,114.125873,78.474537
1,3460,114.096387,78.571263
1,3461,114.075480,78.646376
1,3462,114.052041,78.722159
1,3463,114.033178,78.790171
1,3464,114.013213,78.850950
1,3465,113.983067,78.949607
1,3466,113.965532,79.011533
1,3467,113.946114,79.069392
1,3468,113.918409,79.156555
1,3469,113.887749,79.255203
1,3470,113.869287,79.321897
1,3471,113.850900,79.376591
1,3472,113.821261,79.470425
1,3473,113.797973,79.548047
1,3474,113.776540,79.616151
1,3475,113.755186,79.684286
1,3476,113.733591,79.749973
1,3477,113.709762,79.821831
1,3478,113.685270,79.894855
1,3479,113.659564,79.971244
1,3480,113.628839,80.063421
1,3481,113.607630,80.132560
1,3482,113.588773,80.186266
1,3483,113.560053,80.269325
1,3484,113.531569,80.354545
1,3485,113.505392,80.433921
1,3486,113.481219,80.507602
1,3487,113.457890,80.577488
1,3488,113.432819,80.651536
1,3489,113.406888,80.728525
1,3490,113.381062,80.805277
1,3491,113.362230,80.861976
1,3492,113.342836,80.913896
1,3493,113.308097,81.006765
1,3494,113.274211,81.106341
1,3495,113.247941,81.184944
1,3496,113.225526,81.252246
1,3497,113.207638,81.303669
1,3498,113.181062,81.374176
1,3499,113.154520,81.448571
1,3500,113.127221,81.520748
1,3501,113.096054,81.606859
1,3502,113.069848,81.679995
1,3503,113.045092,81.747740
1,3504,113.012519,81.835714
1,3505,112.987679,81.908403
1,3506,112.962931,81.973722
1,3507,112.939834,82.038435
1,3508,112.909457,82.115231
1,3509,112.883047,82.189718
1,3510,112.855327,82.259158
1,3511,112.827697,82.335124
1,3512,112.800533,82.403457
1,3513,112.772571,82.478140
1,3514,112.739502,82.561856
1,3515,112.709531,82.645312
1,3516,112.688363,82.700555
1,3517,112.660835,82.770623
1,3518,112.631857,82.844942
1,3519,112.606627,82.909212
1,3520,112.579069,82.976562
1,3521,112.546469,83.056986
1,3522,112.514398,83.137749
1,3523,112.486953,83.207528
1,3524,112.460805,83.271956
1,3525,112.427657,83.352596
1,3526,112.394620,83.436492
1,3527,112.368122,83.503793
1,3528,112.341303,83.569736
1,3529,112.308186,83.650755
1,3530,112.282637,83.715973
1,3531,112.254855,83.780863
1,3532,112.221262,83.862814
1,3533,112.190069,83.938619
1,3534,112.165780,83.998757
1,3535,112.133238,84.073108
1,3536,112.105156,84.142835
1,3537,112.072669,84.215583
1,3538,112.034584,84.309189
1,3539,112.012565,84.363293
1,3540,111.981363,84.433771
1,3541,111.949361,84.510888
1,3542,111.918773,84.580985
1,3543,111.889316,84.651122
1,3544,111.864309,84.707463
1,3545,111.829469,84.784502
1,3546,111.789341,84.876797
1,3547,111.758454,84.950996
1,3548,111.736937,85.000679
1,3549,111.706065,85.067389
1,3550,111.667317,85.154314
1,3551,111.643567,85.209526
1,3552,111.609789,85.279624
1,3553,111.567503,85.375508
1,3554,111.540181,85.438214
1,3555,111.504231,85.516667
1,3556,111.477674,85.579602
1,3557,111.443188,85.651382
1,3558,111.408663,85.731995
1,3559,111.387111,85.777818
1,3560,111.360163,85.834175
1,3561,111.312433,85.931125
1,3562,111.271838,86.024719
1,3563,111.248930,86.074535
1,3564,111.220372,86.134828
1,3565,111.177388,86.224460
1,3566,111.147029,86.293893
1,3567,111.121529,86.345315
1,3568,111.084222,86.423164
1,3569,111.053840,86.486793
1,3570,111.023601,86.547624
1,3571,110.975550,86.644420
1,3572,110.938039,86.728078
1,3573,110.916741,86.772403
1,3574,110.886284,86.833012
1,3575,110.848955,86.907512
1,3576,110.811898,86.982322
1,3577,110.778613,87.049635
1,3578,110.745174,87.115913
1,3579,110.708493,87.188508
1,3580,110.670544,87.264127
1,3581,110.635052,87.335574
1,3582,110.600122,87.405110
1,3583,110.563993,87.477255
1,3584,110.526798,87.551508
1,3585,110.489915,87.625990
1,3586,110.455430,87.695630
1,3587,110.422462,87.761664
1,3588,110.387131,87.831388
1,3589,110.349075,87.907089
1,3590,110.312081,87.981384
1,3591,110.284879,88.036398
1,3592,110.257736,88.087063
1,3593,110.213072,88.170103
1,3594,110.171550,88.251951
1,3595,110.138581,88.315690
1,3596,110.102687,88.384540
1,3597,110.076939,88.434370
1,3598,110.033463,88.511373
1,3599,109.984866,88.606673
1,3600,109.953907,88.666759
1,3601,109.924986,88.721513
1,3602,109.892378,88.780732
1,3603,109.848986,88.859373
1,3604,109.812681,88.927820
1,3605,109.778103,88.989738
1,3606,109.726071,89.085082
1,3607,109.698485,89.140888
1,3608,109.673011,89.183413
1,3609,109.622019,89.274375
1,3610,109.587655,89.338720
1,3611,109.547320,89.408957
1,3612,109.511116,89.476901
1,3613,109.476818,89.535672
1,3614,109.425829,89.627297
1,3615,109.394951,89.685744
1,3616,109.355938,89.752471
1,3617,109.316736,89.825328
1,3618,109.288275,89.874211
1,3619,109.246401,89.946085
1,3620,109.207627,90.013881
1,3621,109.163835,90.088662
1,3622,109.119926,90.167081
1,3623,109.086005,90.226940
1,3624,109.047033,90.294005
1,3625,109.012992,90.353734
1,3626,108.973772,90.418646
1,3627,108.923204,90.505843
1,3628,108.888450,90.567847
1,3629,108.853965,90.625358
1,3630,108.818371,90.686074
1,3631,108.768913,90.766706
1,3632,108.727118,90.841278
1,3633,108.695544,90.893030
1,3634,108.650721,90.968093
1,3635,108.614543,91.029445
1,3636,108.572841,91.097267
1,3637,108.535069,91.161262
1,3638,108.496150,91.223252
1,3639,108.448455,91.302008
1,3640,108.410474,91.365173
1,3641,108.370241,91.430267
1,3642,108.322691,91.508402
1,3643,108.289172,91.565074
1,3644,108.250431,91.625628
1,3645,108.207518,91.695835
1,3646,108.165460,91.762267
1,3647,108.121495,91.833865
1,3648,108.087918,91.887695
1,3649,108.038955,91.963488
1,3650,107.994878,92.036364
1,3651,107.955220,92.098503
1,3652,107.917348,92.160091
1,3653,107.879259,92.218235
1,3654,107.836451,92.285327
1,3655,107.787974,92.359593
1,3656,107.744058,92.430345
1,3657,107.707179,92.487236
1,3658,107.660136,92.560146
1,3659,107.617438,92.627621
1,3660,107.581972,92.682569
1,3661,107.543866,92.739965
1,3662,107.500115,92.805333
1,3663,107.453720,92.874967
1,3664,107.410340,92.940558
1,3665,107.367654,93.004335
1,3666,107.319166,93.076914
1,3667,107.263715,93.161852
1,3668,107.227588,93.220133
1,3669,107.205176,93.252871
1,3670,107.155080,93.323620
1,3671,107.101310,93.404345
1,3672,107.058429,93.468106
1,3673,107.011436,93.538199
1,3674,106.966456,93.606035
1,3675,106.923428,93.670491
1,3676,106.877204,93.739659
1,3677,106.848386,93.783905
1,3678,106.808494,93.838291
1,3679,106.752206,93.919930
1,3680,106.712020,93.978595
1,3681,106.668031,94.040758
1,3682,106.615431,94.116543
1,3683,106.567727,94.186646
1,3684,106.528687,94.243807
1,3685,106.489165,94.299904
1,3686,106.448340,94.357554
1,3687,106.398425,94.426494
1,3688,106.344984,94.503051
1,3689,106.309346,94.554553
1,3690,106.260071,94.621572
1,3691,106.217731,94.683291
1,3692,106.173186,94.742679
1,3693,106.116321,94.823576
1,3694,106.082813,94.871336
1,3695,106.034658,94.935604
1,3696,105.989619,94.999593
1,3697,105.949944,95.052002
1,3698,105.897030,95.123822
1,3699,105.847575,95.191365
1,3700,105.802166,95.253757
1,3701,105.757201,95.314626
1,3702,105.713174,95.374327
1,3703,105.669482,95.432410
1,3704,105.621482,95.496022
1,3705,105.571783,95.562056
1,3706,105.520685,95.630339
1,3707,105.473925,95.693500
1,3708,105.428349,95.754120
1,3709,105.383060,95.814525
1,3710,105.334593,95.878122
1,3711,105.280403,95.950372
1,3712,105.233571,96.013823
1,3713,105.187840,96.074564
1,3714,105.151983,96.122847
1,3715,105.109523,96.175709
1,3716,105.047164,96.256141
1,3717,104.993960,96.327177
1,3718,104.958154,96.374787
1,3719,104.913752,96.430405
1,3720,104.859355,96.500508
1,3721,104.817855,96.554115
1,3722,104.774191,96.608283
1,3723,104.725902,96.668637
1,3724,104.667022,96.741388
1,3725,104.609561,96.816053
1,3726,104.576367,96.859050
1,3727,104.522615,96.923945
1,3728,104.469922,96.992479
1,3729,104.432041,97.038804
1,3730,104.371614,97.113084
1,3731,104.324790,97.173532
1,3732,104.277002,97.231431
1,3733,104.227035,97.294883
1,3734,104.188565,97.341584
1,3735,104.132198,97.409191
1,3736,104.070868,97.485559
1,3737,104.035878,97.530277
1,3738,103.986488,97.587561
1,3739,103.938652,97.647395
1,3740,103.882114,97.712671
1,3741,103.824095,97.786113
1,3742,103.782613,97.835617
1,3743,103.739023,97.888720
1,3744,103.683926,97.952684
1,3745,103.625483,98.024473
1,3746,103.595871,98.060473
1,3747,103.540967,98.121765
1,3748,103.484772,98.189663
1,3749,103.437856,98.243134
1,3750,103.367158,98.326723
1,3751,103.332250,98.371173
1,3752,103.283786,98.424161
1,3753,103.230488,98.488967
1,3754,103.178172,98.547179
1,3755,103.133820,98.601333
1,3756,103.081573,98.657726
1,3757,103.027058,98.723008
1,3758,102.983084,98.770925
1,3759,102.909099,98.855953
1,3760,102.874658,98.898554
1,3761,102.831771,98.943593
1,3762,102.753569,99.033131
1,3763,102.707757,99.088128
1,3764,102.665971,99.134663
1,3765,102.620743,99.186197
1,3766,102.581190,99.228890
1,3767,102.498719,99.317893
1,3768,102.439317,99.390051
1,3769,102.425657,99.404963
1,3770,102.352611,99.480891
1,3771,102.292731,99.551844
1,3772,102.262516,99.583225
1,3773,102.209196,99.640431
1,3774,102.133642,99.721138
1,3775,102.080887,99.783083
1,3776,102.046703,99.818890
1,3777,101.995144,99.874234
1,3778,101.917692,99.956468
1,3779,101.874474,100.008299
1,3780,101.844766,100.037063
1,3781,101.779373,100.105952
1,3782,101.725120,100.163430
1,3783,101.642299,100.251560
1,3784,101.602588,100.300134
1,3785,101.587754,100.313058
1,3786,101.523274,100.377604
1,3787,101.452695,100.450562
1,3788,101.385304,100.522370
1,3789,101.312641,100.601902
1,3790,101.275124,100.646097
1,3791,101.253203,100.667639
1,3792,101.202054,100.718758
1,3793,101.145486,100.775326
1,3794,101.088917,100.831895
1,3795,101.032349,100.888463
1,3796,100.975780,100.945032
1,3797,100.904456,101.016588
1,3798,100.823180,101.103024
1,3799,100.784303,101.147292
1,3800,100.754683,101.176129
1,3801,100.698114,101.232698
1,3802,100.641546,101.289266
1,3803,100.584977,101.345835
1,3804,100.528408,101.402404
1,3805,100.471840,101.458972
1,3806,100.415272,101.515540
1,3807,100.358703,101.572109
1,3808,100.302134,101.628678
1,3809,100.245566,101.685246
1,3810,100.188997,101.741815
1,3811,100.148953,101.782140
1,3812,100.117125,101.811672
1,3813,100.040643,101.880867
1,3814,99.957898,101.962914
1,3815,99.901330,102.019482
1,3816,99.844761,102.076051
1,3817,99.788192,102.132620
1,3818,99.731624,102.189188
1,3819,99.675056,102.245756
1,3820,99.658268,102.264137
1,3821,99.616323,102.298673
1,3822,99.529804,102.378480
1,3823,99.464331,102.440620
1,3824,99.398339,102.503742
1,3825,99.330392,102.570439
1,3826,99.277358,102.623518
1,3827,99.259181,102.641992
1,3828,99.204096,102.688597
1,3829,99.120800,102.766754
1,3830,99.060434,102.823685
1,3831,98.990895,102.890114
1,3832,98.966218,102.916102
1,3833,98.918752,102.954955
1,3834,98.833348,103.034214
1,3835,98.767113,103.096070
1,3836,98.737764,103.125668
1,3837,98.683696,103.170207
1,3838,98.596653,103.251107
1,3839,98.531775,103.311770
1,3840,98.501278,103.342266
1,3841,98.443422,103.390473
1,3842,98.375176,103.454876
1,3843,98.344649,103.481144
1,3844,98.261072,103.552502
1,3845,98.182928,103.626265
1,3846,98.161169,103.646824
1,3847,98.085004,103.710216
1,3848,98.022412,103.770615
1,3849,97.996834,103.790900
1,3850,97.924748,103.851756
1,3851,97.862917,103.905867
1,3852,97.784327,103.973097
1,3853,97.729896,104.024390
1,3854,97.692158,104.055234
1,3855,97.602660,104.132207
1,3856,97.551700,104.180288
1,3857,97.502287,104.220815
1,3858,97.444288,104.272667
1,3859,97.387697,104.319192
1,3860,97.338099,104.362990
1,3861,97.272530,104.414975
1,3862,97.207840,104.472039
1,3863,97.142387,104.524935
1,3864,97.071725,104.587889
1,3865,97.022802,104.628910
1,3866,96.976888,104.668422
1,3867,96.908961,104.722591
1,3868,96.847821,104.775898
1,3869,96.795010,104.817744
1,3870,96.712640,104.886851
1,3871,96.666256,104.927420
1,3872,96.620528,104.963398
1,3873,96.535305,105.032817
1,3874,96.477724,105.082996
1,3875,96.432171,105.119256
1,3876,96.381688,105.160564
1,3877,96.306301,105.218855
1,3878,96.240005,105.275213
1,3879,96.180243,105.322013
1,3880,96.115517,105.376482
1,3881,96.057660,105.422434
1,3882,96.001626,105.468923
1,3883,95.951340,105.507898
1,3884,95.888348,105.557528
1,3885,95.816312,105.613772
1,3886,95.759184,105.660475
1,3887,95.702818,105.703438
1,3888,95.628378,105.762432
1,3889,95.564552,105.813523
1,3890,95.515089,105.853099
1,3891,95.465626,105.890640
1,3892,95.390375,105.947608
1,3893,95.328032,105.997203
1,3894,95.273311,106.038388
1,3895,95.207139,106.089193
1,3896,95.137369,106.142463
1,3897,95.077527,106.189573
1,3898,95.023188,106.230469
1,3899,94.959786,106.278541
1,3900,94.901352,106.322562
1,3901,94.840293,106.367881
1,3902,94.770261,106.420012
1,3903,94.703070,106.471014
1,3904,94.641547,106.517413
1,3905,94.581214,106.562822
1,3906,94.520648,106.607868
1,3907,94.450450,106.659995
1,3908,94.382711,106.711527
1,3909,94.322342,106.757040
1,3910,94.261215,106.802944
1,3911,94.204482,106.845274
1,3912,94.147271,106.887009
1,3913,94.078209,106.937093
1,3914,94.018606,106.981380
1,3915,93.960406,107.022748
1,3916,93.887185,107.075658
1,3917,93.820804,107.124465
1,3918,93.762899,107.166627
1,3919,93.709943,107.204599
1,3920,93.647685,107.247842
1,3921,93.565696,107.305905
1,3922,93.503404,107.352100
1,3923,93.446906,107.391623
1,3924,93.388565,107.433477
1,3925,93.318108,107.481737
1,3926,93.256894,107.526398
1,3927,93.204342,107.561619
1,3928,93.133451,107.610575
1,3929,93.056210,107.663824
1,3930,92.990371,107.711318
1,3931,92.936575,107.748390
1,3932,92.862047,107.799802
1,3933,92.803721,107.841566
1,3934,92.755544,107.873739
1,3935,92.692702,107.915578
1,3936,92.624780,107.960521
1,3937,92.554059,108.007823
1,3938,92.483228,108.055463
1,3939,92.411664,108.104157
1,3940,92.342302,108.151786
1,3941,92.271869,108.200355
1,3942,92.228107,108.231359
1,3943,92.183966,108.258912
1,3944,92.112684,108.304469
1,3945,92.037809,108.352639
1,3946,91.960823,108.403295
1,3947,91.890377,108.450399
1,3948,91.827211,108.492616
1,3949,91.760942,108.536367
1,3950,91.690809,108.583141
1,3951,91.635799,108.620063
1,3952,91.581572,108.654560
1,3953,91.508374,108.701158
1,3954,91.435318,108.748784
1,3955,91.368254,108.792468
1,3956,91.311202,108.829752
1,3957,91.247444,108.869666
1,3958,91.175907,108.915602
1,3959,91.121744,108.950180
1,3960,91.048892,108.994693
1,3961,90.983795,109.036946
1,3962,90.917793,109.076837
1,3963,90.852663,109.118721
1,3964,90.780027,109.162397
1,3965,90.713369,109.205894
1,3966,90.655543,109.240329
1,3967,90.574511,109.290984
1,3968,90.511305,109.330888
1,3969,90.463509,109.360383
1,3970,90.404398,109.394727
1,3971,90.318518,109.445645
1,3972,90.235959,109.496965
1,3973,90.182722,109.530491
1,3974,90.122326,109.565899
1,3975,90.052980,109.607946
1,3976,89.981472,109.650195
1,3977,89.911048,109.693320
1,3978,89.849296,109.730075
1,3979,89.777129,109.773111
1,3980,89.723467,109.805701
1,3981,89.648262,109.848111
1,3982,89.568586,109.897012
1,3983,89.508707,109.932192
1,3984,89.452461,109.965820
1,3985,89.391162,110.000065
1,3986,89.318022,110.042176
1,3987,89.242352,110.085277
1,3988,89.180139,110.122100
1,3989,89.104412,110.164177
1,3990,89.038969,110.203770
1,3991,88.978087,110.236876
1,3992,88.891891,110.286937
1,3993,88.845320,110.314546
1,3994,88.779789,110.349301
1,3995,88.696225,110.397109
1,3996,88.647812,110.424530
1,3997,88.573437,110.463826
1,3998,88.477583,110.518420
1,3999,88.427041,110.548377
1,4000,88.361112,110.583242
1,4001,88.290226,110.624005
1,4002,88.222214,110.660287
1,4003,88.154564,110.698871
1,4004,88.106697,110.724081
1,4005,88.028239,110.764958
1,4006,87.928871,110.819326
1,4007,87.878194,110.849486
1,4008,87.813182,110.882199
1,4009,87.727019,110.930950
1,4010,87.682137,110.955301
1,4011,87.630180,110.981979
1,4012,87.544599,111.025118
1,4013,87.449503,111.076722
1,4014,87.382926,111.113712
1,4015,87.332212,111.141008
1,4016,87.277318,111.169083
1,4017,87.181899,111.217499
1,4018,87.109152,111.258454
1,4019,87.068011,111.279096
1,4020,86.999496,111.313322
1,4021,86.932167,111.347229
1,4022,86.861777,111.381796
1,4023,86.786825,111.419297
1,4024,86.715357,111.454907
1,4025,86.640699,111.492253
1,4026,86.568079,111.528902
1,4027,86.498475,111.563892
1,4028,86.430913,111.597732
1,4029,86.358189,111.633698
1,4030,86.287130,111.669437
1,4031,86.215236,111.704929
1,4032,86.142450,111.741556
1,4033,86.072356,111.776350
1,4034,85.997349,111.813859
1,4035,85.923353,111.851121
1,4036,85.853510,111.886420
1,4037,85.787201,111.919599
1,4038,85.715837,111.954891
1,4039,85.664402,111.980849
1,4040,85.603258,112.008406
1,4041,85.509009,112.053281
1,4042,85.434843,112.090216
1,4043,85.374262,112.119352
1,4044,85.304194,112.152625
1,4045,85.255862,112.175988
1,4046,85.172312,112.212040
1,4047,85.075568,112.259584
1,4048,85.015265,112.288344
1,4049,84.966679,112.311560
1,4050,84.884097,112.347377
1,4051,84.813499,112.382115
1,4052,84.762602,112.403480
1,4053,84.667856,112.445847
1,4054,84.584453,112.485059
1,4055,84.530575,112.510458
1,4056,84.456262,112.542771
1,4057,84.391739,112.573303
1,4058,84.321556,112.602667
1,4059,84.222155,112.648503
1,4060,84.170817,112.673036
1,4061,84.104670,112.700837
1,4062,84.033189,112.733540
1,4063,83.959842,112.764354
1,4064,83.891126,112.795804
1,4065,83.809476,112.829684
1,4066,83.739394,112.862811
1,4067,83.677653,112.887705
1,4068,83.601722,112.921638
1,4069,83.528130,112.952083
1,4070,83.458378,112.983321
1,4071,83.381046,113.014913
1,4072,83.307717,113.048145
1,4073,83.246164,113.073087
1,4074,83.168362,113.106453
1,4075,83.108826,113.131273
1,4076,83.026072,113.164669
1,4077,82.943671,113.200243
1,4078,82.886789,113.224124
1,4079,82.799244,113.259444
1,4080,82.729637,113.290485
1,4081,82.677756,113.310641
1,4082,82.605931,113.339550
1,4083,82.522458,113.372220
1,4084,82.442932,113.405477
1,4085,82.376608,113.432026
1,4086,82.301156,113.462523
1,4087,82.231755,113.490526
1,4088,82.153675,113.521421
1,4089,82.088791,113.548145
1,4090,82.024568,113.572356
1,4091,81.937345,113.606433
1,4092,81.856743,113.638822
1,4093,81.784851,113.667761
1,4094,81.730489,113.689521
1,4095,81.655090,113.717126
1,4096,81.571424,113.750344
1,4097,81.501772,113.776994
1,4098,81.428710,113.805426
1,4099,81.372030,113.827054
1,4100,81.291435,113.855867
1,4101,81.216984,113.884894
1,4102,81.143544,113.911045
1,4103,81.060124,113.943180
1,4104,80.987847,113.970073
1,4105,80.918936,113.996405
1,4106,80.854929,114.019516
1,4107,80.768046,114.050978
1,4108,80.691004,114.080449
1,4109,80.623530,114.105081
1,4110,80.558103,114.129288
1,4111,80.489632,114.153103
1,4112,80.397452,114.186026
1,4113,80.320822,114.215019
1,4114,80.269475,114.233522
1,4115,80.207951,114.254122
1,4116,80.113723,114.285817
1,4117,80.022358,114.319322
1,4118,79.958284,114.342637
1,4119,79.897471,114.363829
1,4120,79.828344,114.387141
1,4121,79.755286,114.411767
1,4122,79.684060,114.435464
1,4123,79.608671,114.460259
1,4124,79.529051,114.486666
1,4125,79.436774,114.517694
1,4126,79.353438,114.547661
1,4127,79.292100,114.569120
1,4128,79.224992,114.591622
1,4129,79.148087,114.617340
1,4130,79.097697,114.634667
1,4131,79.027316,114.655012
1,4132,78.928422,114.687121
1,4133,78.848628,114.713445
1,4134,78.770621,114.739433
1,4135,78.691508,114.765825
1,4136,78.622861,114.789121
1,4137,78.559380,114.809472
1,4138,78.502436,114.827634
1,4139,78.424774,114.850049
1,4140,78.323515,114.882171
1,4141,78.261259,114.902952
1,4142,78.202771,114.920020
1,4143,78.110678,114.947713
1,4144,78.016551,114.977897
1,4145,77.954031,114.998717
1,4146,77.902303,115.014010
1,4147,77.832223,115.034211
1,4148,77.740292,115.060699
1,4149,77.649085,115.089220
1,4150,77.589893,115.107803
1,4151,77.516599,115.128640
1,4152,77.438322,115.152578
1,4153,77.369245,115.172418
1,4154,77.300328,115.192652
1,4155,77.213698,115.216587
1,4156,77.137742,115.240058
1,4157,77.076463,115.256683
1,4158,76.986831,115.282005
1,4159,76.910162,115.304637
1,4160,76.834323,115.326037
1,4161,76.758243,115.348352
1,4162,76.695799,115.365911
1,4163,76.624854,115.384986
1,4164,76.529119,115.411035
1,4165,76.458856,115.432221
1,4166,76.406685,115.445565
1,4167,76.315094,115.469316
1,4168,76.230514,115.493227
1,4169,76.152397,115.514386
1,4170,76.085347,115.533612
1,4171,76.023555,115.549212
1,4172,75.944434,115.569718
1,4173,75.867253,115.589584
1,4174,75.794670,115.608377
1,4175,75.705995,115.630602
1,4176,75.623773,115.653309
1,4177,75.565780,115.668233
1,4178,75.488005,115.687295
1,4179,75.410867,115.707196
1,4180,75.338503,115.724871
1,4181,75.260311,115.744361
1,4182,75.183815,115.763140
1,4183,75.100620,115.783726
1,4184,75.020429,115.804127
1,4185,74.946894,115.822636
1,4186,74.871062,115.841434
1,4187,74.797515,115.859737
1,4188,74.729380,115.876182
1,4189,74.653570,115.893860
1,4190,74.577420,115.911993
1,4191,74.514624,115.926510
1,4192,74.428270,115.945071
1,4193,74.336410,115.967329
1,4194,74.260472,115.985281
1,4195,74.193424,116.001484
1,4196,74.110637,116.019698
1,4197,74.034661,116.038583
1,4198,73.973851,116.051606
1,4199,73.890448,116.070004
1,4200,73.821579,116.085558
1,4201,73.739249,116.102566
1,4202,73.659478,116.121013
1,4203,73.600325,116.133302
1,4204,73.510296,116.151517
1,4205,73.423413,116.171186
1,4206,73.364790,116.183839
1,4207,73.281758,116.200206
1,4208,73.194583,116.219518
1,4209,73.131867,116.232747
1,4210,73.061917,116.246571
1,4211,72.968156,116.265182
1,4212,72.887007,116.283174
1,4213,72.819296,116.296809
1,4214,72.741041,116.312877
1,4215,72.662181,116.328820
1,4216,72.596182,116.342505
1,4217,72.520500,116.356317
1,4218,72.445822,116.371404
1,4219,72.372960,116.384250
1,4220,72.296128,116.399034
1,4221,72.203740,116.415351
1,4222,72.115848,116.433970
1,4223,72.064446,116.443680
1,4224,71.977730,116.458623
1,4225,71.885380,116.477150
1,4226,71.827063,116.488468
1,4227,71.761104,116.499644
1,4228,71.672967,116.514934
1,4229,71.606678,116.527338
1,4230,71.507867,116.543026
1,4231,71.437630,116.558470
1,4232,71.382753,116.565604
1,4233,71.278536,116.583953
1,4234,71.213931,116.595778
1,4235,71.138158,116.607589
1,4236,71.043214,116.624278
1,4237,70.985678,116.634938
1,4238,70.913665,116.645200
1,4239,70.821600,116.660774
1,4240,70.756673,116.671497
1,4241,70.667284,116.684934
1,4242,70.601089,116.697139
1,4243,70.519374,116.707813
1,4244,70.444590,116.721699
1,4245,70.384293,116.728762
1,4246,70.282256,116.744420
1,4247,70.189462,116.759254
1,4248,70.130455,116.769976
1,4249,70.082648,116.775791
1,4250,69.974722,116.789964
1,4251,69.899594,116.803063
1,4252,69.825670,116.812008
1,4253,69.754611,116.823920
1,4254,69.688924,116.830896
1,4255,69.574097,116.847312
1,4256,69.512115,116.857861
1,4257,69.427642,116.867969
1,4258,69.348188,116.881728
1,4259,69.307142,116.886131
1,4260,69.222545,116.895920
1,4261,69.107271,116.910824
1,4262,69.030164,116.923996
1,4263,68.992530,116.928361
1,4264,68.898645,116.938635
1,4265,68.818347,116.950324
1,4266,68.739438,116.958937
1,4267,68.664205,116.969917
1,4268,68.594543,116.976975
1,4269,68.529373,116.985721
1,4270,68.432994,116.994169
1,4271,68.357334,117.006063
1,4272,68.278535,117.012131
1,4273,68.208334,117.023337
1,4274,68.130629,117.028233
1,4275,68.031139,117.042545
1,4276,67.973075,117.047620
1,4277,67.874064,117.059277
1,4278,67.816029,117.066741
1,4279,67.751214,117.072144
1,4280,67.681577,117.079418
1,4281,67.574976,117.087749
1,4282,67.497402,117.098922
1,4283,67.428950,117.103325
1,4284,67.323045,117.116195
1,4285,67.291070,117.120172
1,4286,67.200220,117.125495
1,4287,67.100353,117.137548
1,4288,67.030037,117.143435
1,4289,66.972718,117.150368
1,4290,66.932077,117.151919
1,4291,66.814190,117.158795
1,4292,66.711958,117.169565
1,4293,66.663465,117.173848
1,4294,66.558300,117.181076
1,4295,66.479981,117.190978
1,4296,66.408286,117.195184
1,4297,66.314341,117.205593
1,4298,66.275108,117.208895
1,4299,66.196041,117.213102
1,4300,66.101270,117.220812
1,4301,66.040245,117.225547
1,4302,65.986796,117.228466
1,4303,65.851832,117.235091
1,4304,65.757456,117.247398
1,4305,65.735302,117.247745
1,4306,65.682070,117.250606
1,4307,65.562008,117.254268
1,4308,65.468384,117.264096
1,4309,65.430870,117.264883
1,4310,65.355412,117.268499
1,4311,65.224261,117.274431
1,4312,65.153854,117.283608
1,4313,65.127388,117.282566
1,4314,65.033356,117.286648
1,4315,64.916366,117.292271
1,4316,64.838833,117.300050
1,4317,64.817235,117.300493
1,4318,64.739728,117.301476
1,4319,64.642315,117.305012
1,4320,64.558679,117.308277
1,4321,64.425130,117.314960
1,4322,64.374986,117.322368
1,4323,64.371167,117.320005
1,4324,64.270903,117.320658
1,4325,64.167063,117.323696
1,4326,64.071519,117.327614
1,4327,63.950642,117.334422
1,4328,63.894250,117.340950
1,4329,63.883010,117.340060
1,4330,63.815715,117.340000
1,4331,63.735040,117.340000
1,4332,63.596583,117.341376
1,4333,63.486559,117.349971
1,4334,63.447463,117.351563
1,4335,63.377994,117.353318
1,4336,63.294816,117.355854
1,4337,63.216288,117.358286
1,4338,63.156890,117.360103
1,4339,63.096054,117.360000
1,4340,63.016366,117.360000
1,4341,62.936366,117.360000
1,4342,62.856366,117.360000
1,4343,62.776366,117.360000
1,4344,62.696366,117.360000
1,4345,62.616366,117.360000
1,4346,62.536366,117.360000
1,4347,62.456366,117.360000
1,4348,62.376366,117.360000
1,4349,62.296366,117.360000
1,4350,62.216366,117.360000
1,4351,62.136366,117.360000
1,4352,62.056366,117.360000
1,4353,61.976366,117.360000
1,4354,61.896366,117.360000
1,4355,61.816366,117.360000
1,4356,61.736366,117.360000
1,4357,61.656366,117.360000
1,4358,61.576366,117.360000
1,4359,61.496366,117.360000
1,4360,61.416366,117.360000
1,4361,61.336366,117.360000
1,4362,61.256366,117.360000
1,4363,61.176366,117.360000
1,4364,61.096366,117.360000
1,4365,61.035378,117.360134
1,4366,60.976950,117.358356
1,4367,60.899142,117.355870
1,4368,60.815494,117.353250
1,4369,60.720196,117.350778
1,4370,60.631400,117.350024
1,END,nan,nan
