wall_id,vertex_id,x,y
0,BEGIN,NaN,NaN
0,0,-7.707400,143.627500
0,1,-7.614900,143.627500
0,2,-7.522400,143.627500
0,3,-7.429900,143.627500
0,4,-7.337400,143.627500
0,5,-7.244900,143.627500
0,6,-7.152400,143.535000
0,7,-7.059900,143.535000
0,8,-6.967400,143.535000
0,9,-6.874900,143.535000
0,10,-6.782400,143.535000
0,11,-6.689900,143.442500
0,12,-6.597400,143.442500
0,13,-6.504900,143.442500
0,14,-6.412400,143.350000
0,15,-6.319900,143.350000
0,16,-6.227400,143.257500
0,17,-6.134900,143.257500
0,18,-6.042400,143.165000
0,19,-5.949900,143.165000
0,20,-5.857400,143.072500
0,21,-5.764900,142.980000
0,22,-5.672400,142.887500
0,23,-5.579900,142.795000
0,24,-5.487400,142.702500
0,25,-5.394900,142.610000
0,26,-5.302400,142.517500
0,27,-5.209900,142.425000
0,28,-5.209900,142.332500
0,29,-5.117400,142.240000
0,30,-5.117400,142.147500
0,31,-5.024900,142.055000
0,32,-5.024900,141.962500
0,33,-4.932400,141.870000
0,34,-4.932400,141.777500
0,35,-4.839900,141.685000
0,36,-4.839900,141.592500
0,37,-4.839900,141.500000
0,38,-4.747400,141.407500
0,39,-4.747400,141.315000
0,40,-4.747400,141.222500
0,41,-4.654900,141.130000
0,42,-4.654900,141.037500
0,43,-4.654900,140.945000
0,44,-4.654900,140.852500
0,45,-4.562400,140.760000
0,46,-4.562400,140.667500
0,47,-4.562400,140.575000
0,48,-4.562400,140.482500
0,49,-4.562400,140.390000
0,50,-4.469900,140.297500
0,51,-4.469900,140.205000
0,52,-4.469900,140.112500
0,53,-4.469900,140.020000
0,54,-4.377400,139.927500
0,55,-4.377400,139.835000
0,56,-4.377400,139.742500
0,57,-4.377400,139.650000
0,58,-4.284900,139.557500
0,59,-4.284900,139.465000
0,60,-4.284900,139.372500
0,61,-4.284900,139.280000
0,62,-4.192400,139.187500
0,63,-4.192400,139.095000
0,64,-4.192400,139.002500
0,65,-4.192400,138.910000
0,66,-4.192400,138.817500
0,67,-4.099900,138.725000
0,68,-4.099900,138.632500
0,69,-4.099900,138.540000
0,70,-4.099900,138.447500
0,71,-4.099900,138.355000
0,72,-4.099900,138.262500
0,73,-4.099900,138.170000
0,74,-4.099900,138.077500
0,75,-4.099900,137.985000
0,76,-4.007400,137.892500
0,77,-4.007400,137.800000
0,78,-4.007400,137.707500
0,79,-4.007400,137.615000
0,80,-4.007400,137.522500
0,81,-4.007400,137.430000
0,82,-4.007400,137.337500
0,83,-4.007400,137.245000
0,84,-4.007400,137.152500
0,85,-4.007400,137.060000
0,86,-4.007400,136.967500
0,87,-4.007400,136.875000
0,88,-4.007400,136.782500
0,89,-3.914900,136.690000
0,90,-3.914900,136.597500
0,91,-3.914900,136.505000
0,92,-3.914900,136.412500
0,93,-3.914900,136.320000
0,94,-3.914900,136.227500
0,95,-3.914900,136.135000
0,96,-3.914900,136.042500
0,97,-3.914900,135.950000
0,98,-3.914900,135.857500
0,99,-3.914900,135.765000
0,100,-3.914900,135.672500
0,101,-3.914900,135.580000
0,102,-3.914900,135.487500
0,103,-3.822400,135.395000
0,104,-3.822400,135.302500
0,105,-3.822400,135.210000
0,106,-3.822400,135.117500
0,107,-3.822400,135.025000
0,108,-3.822400,134.932500
0,109,-3.822400,134.840000
0,110,-3.822400,134.747500
0,111,-3.729900,134.655000
0,112,-3.729900,134.562500
0,113,-3.729900,134.470000
0,114,-3.729900,134.377500
0,115,-3.729900,134.285000
0,116,-3.729900,134.192500
0,117,-3.637400,134.100000
0,118,-3.637400,134.007500
0,119,-3.637400,133.915000
0,120,-3.637400,133.822500
0,121,-3.544900,133.730000
0,122,-3.544900,133.637500
0,123,-3.544900,133.545000
0,124,-3.544900,133.452500
0,125,-3.452400,133.360000
0,126,-3.452400,133.267500
0,127,-3.452400,133.175000
0,128,-3.359900,133.082500
0,129,-3.359900,132.990000
0,130,-3.359900,132.897500
0,131,-3.267400,132.805000
0,132,-3.267400,132.712500
0,133,-3.174900,132.620000
0,134,-3.174900,132.527500
0,135,-3.174900,132.435000
0,136,-3.082400,132.342500
0,137,-3.082400,132.250000
0,138,-2.989900,132.157500
0,139,-2.989900,132.065000
0,140,-2.897400,131.972500
0,141,-2.897400,131.880000
0,142,-2.804900,131.787500
0,143,-2.804900,131.695000
0,144,-2.712400,131.602500
0,145,-2.712400,131.510000
0,146,-2.619900,131.417500
0,147,-2.619900,131.325000
0,148,-2.527400,131.232500
0,149,-2.527400,131.140000
0,150,-2.434900,131.047500
0,151,-2.434900,130.955000
0,152,-2.342400,130.862500
0,153,-2.342400,130.770000
0,154,-2.249900,130.677500
0,155,-2.249900,130.585000
0,156,-2.157400,130.492500
0,157,-2.157400,130.400000
0,158,-2.064900,130.307500
0,159,-2.064900,130.215000
0,160,-1.972400,130.122500
0,161,-1.972400,130.030000
0,162,-1.879900,129.937500
0,163,-1.879900,129.845000
0,164,-1.787400,129.752500
0,165,-1.787400,129.660000
0,166,-1.694900,129.567500
0,167,-1.694900,129.475000
0,168,-1.602400,129.382500
0,169,-1.602400,129.290000
0,170,-1.509900,129.197500
0,171,-1.509900,129.105000
0,172,-1.417400,129.012500
0,173,-1.417400,128.920000
0,174,-1.324900,128.827500
0,175,-1.324900,128.735000
0,176,-1.232400,128.642500
0,177,-1.232400,128.550000
0,178,-1.139900,128.457500
0,179,-1.139900,128.365000
0,180,-1.047400,128.272500
0,181,-1.047400,128.180000
0,182,-0.954900,128.087500
0,183,-0.954900,127.995000
0,184,-0.862400,127.902500
0,185,-0.862400,127.810000
0,186,-0.769900,127.717500
0,187,-0.769900,127.625000
0,188,-0.677400,127.532500
0,189,-0.677400,127.440000
0,190,-0.584900,127.347500
0,191,-0.584900,127.255000
0,192,-0.492400,127.162500
0,193,-0.492400,127.070000
0,194,-0.399900,126.977500
0,195,-0.399900,126.885000
0,196,-0.307400,126.792500
0,197,-0.307400,126.700000
0,198,-0.214900,126.607500
0,199,-0.214900,126.515000
0,200,-0.122400,126.422500
0,201,-0.122400,126.330000
0,202,-0.029900,126.237500
0,203,-0.029900,126.145000
0,204,-0.029900,126.052500
0,205,0.062600,125.960000
0,206,0.062600,125.867500
0,207,0.155100,125.775000
0,208,0.155100,125.682500
0,209,0.247600,125.590000
0,210,0.247600,125.497500
0,211,0.340100,125.405000
0,212,0.340100,125.312500
0,213,0.432600,125.220000
0,214,0.432600,125.127500
0,215,0.432600,125.035000
0,216,0.525100,124.942500
0,217,0.525100,124.850000
0,218,0.617600,124.757500
0,219,0.617600,124.665000
0,220,0.710100,124.572500
0,221,0.710100,124.480000
0,222,0.802600,124.387500
0,223,0.802600,124.295000
0,224,0.802600,124.202500
0,225,0.895100,124.110000
0,226,0.895100,124.017500
0,227,0.987600,123.925000
0,228,0.987600,123.832500
0,229,1.080100,123.740000
0,230,1.080100,123.647500
0,231,1.080100,123.555000
0,232,1.172600,123.462500
0,233,1.172600,123.370000
0,234,1.265100,123.277500
0,235,1.265100,123.185000
0,236,1.265100,123.092500
0,237,1.357600,123.000000
0,238,1.357600,122.907500
0,239,1.450100,122.815000
0,240,1.450100,122.722500
0,241,1.542600,122.630000
0,242,1.542600,122.537500
0,243,1.542600,122.445000
0,244,1.635100,122.352500
0,245,1.635100,122.260000
0,246,1.727600,122.167500
0,247,1.727600,122.075000
0,248,1.727600,121.982500
0,249,1.820100,121.890000
0,250,1.820100,121.797500
0,251,1.912600,121.705000
0,252,1.912600,121.612500
0,253,1.912600,121.520000
0,254,2.005100,121.427500
0,255,2.005100,121.335000
0,256,2.097600,121.242500
0,257,2.097600,121.150000
0,258,2.190100,121.057500
0,259,2.190100,120.965000
0,260,2.190100,120.872500
0,261,2.282600,120.780000
0,262,2.282600,120.687500
0,263,2.375100,120.595000
0,264,2.375100,120.502500
0,265,2.375100,120.410000
0,266,2.467600,120.317500
0,267,2.467600,120.225000
0,268,2.560100,120.132500
0,269,2.560100,120.040000
0,270,2.560100,119.947500
0,271,2.652600,119.855000
0,272,2.652600,119.762500
0,273,2.745100,119.670000
0,274,2.745100,119.577500
0,275,2.745100,119.485000
0,276,2.837600,119.392500
0,277,2.837600,119.300000
0,278,2.930100,119.207500
0,279,2.930100,119.115000
0,280,2.930100,119.022500
0,281,3.022600,118.930000
0,282,3.022600,118.837500
0,283,3.115100,118.745000
0,284,3.115100,118.652500
0,285,3.115100,118.560000
0,286,3.207600,118.467500
0,287,3.207600,118.375000
0,288,3.300100,118.282500
0,289,3.300100,118.190000
0,290,3.300100,118.097500
0,291,3.392600,118.005000
0,292,3.392600,117.912500
0,293,3.485100,117.820000
0,294,3.485100,117.727500
0,295,3.485100,117.635000
0,296,3.577600,117.542500
0,297,3.577600,117.450000
0,298,3.670100,117.357500
0,299,3.670100,117.265000
0,300,3.670100,117.172500
0,301,3.762600,117.080000
0,302,3.762600,116.987500
0,303,3.855100,116.895000
0,304,3.855100,116.802500
0,305,3.947600,116.710000
0,306,3.947600,116.617500
0,307,3.947600,116.525000
0,308,4.040100,116.432500
0,309,4.040100,116.340000
0,310,4.132600,116.247500
0,311,4.132600,116.155000
0,312,4.132600,116.062500
0,313,4.225100,115.970000
0,314,4.225100,115.877500
0,315,4.317600,115.785000
0,316,4.317600,115.692500
0,317,4.317600,115.600000
0,318,4.410100,115.507500
0,319,4.410100,115.415000
0,320,4.502600,115.322500
0,321,4.502600,115.230000
0,322,4.502600,115.137500
0,323,4.595100,115.045000
0,324,4.595100,114.952500
0,325,4.687600,114.860000
0,326,4.687600,114.767500
0,327,4.687600,114.675000
0,328,4.780100,114.582500
0,329,4.780100,114.490000
0,330,4.872600,114.397500
0,331,4.872600,114.305000
0,332,4.872600,114.212500
0,333,4.965100,114.120000
0,334,4.965100,114.027500
0,335,5.057600,113.935000
0,336,5.057600,113.842500
0,337,5.057600,113.750000
0,338,5.150100,113.657500
0,339,5.150100,113.565000
0,340,5.242600,113.472500
0,341,5.242600,113.380000
0,342,5.242600,113.287500
0,343,5.335100,113.195000
0,344,5.335100,113.102500
0,345,5.427600,113.010000
0,346,5.427600,112.917500
0,347,5.427600,112.825000
0,348,5.520100,112.732500
0,349,5.520100,112.640000
0,350,5.612600,112.547500
0,351,5.612600,112.455000
0,352,5.705100,112.362500
0,353,5.705100,112.270000
0,354,5.705100,112.177500
0,355,5.797600,112.085000
0,356,5.797600,111.992500
0,357,5.890100,111.900000
0,358,5.890100,111.807500
0,359,5.890100,111.715000
0,360,5.982600,111.622500
0,361,5.982600,111.530000
0,362,6.075100,111.437500
0,363,6.075100,111.345000
0,364,6.075100,111.252500
0,365,6.167600,111.160000
0,366,6.167600,111.067500
0,367,6.260100,110.975000
0,368,6.260100,110.882500
0,369,6.260100,110.790000
0,370,6.352600,110.697500
0,371,6.352600,110.605000
0,372,6.445100,110.512500
0,373,6.445100,110.420000
0,374,6.445100,110.327500
0,375,6.537600,110.235000
0,376,6.537600,110.142500
0,377,6.630100,110.050000
0,378,6.630100,109.957500
0,379,6.630100,109.865000
0,380,6.722600,109.772500
0,381,6.722600,109.680000
0,382,6.815100,109.587500
0,383,6.815100,109.495000
0,384,6.815100,109.402500
0,385,6.907600,109.310000
0,386,6.907600,109.217500
0,387,7.000100,109.125000
0,388,7.000100,109.032500
0,389,7.000100,108.940000
0,390,7.092600,108.847500
0,391,7.092600,108.755000
0,392,7.185100,108.662500
0,393,7.185100,108.570000
0,394,7.185100,108.477500
0,395,7.277600,108.385000
0,396,7.277600,108.292500
0,397,7.277600,108.200000
0,398,7.370100,108.107500
0,399,7.370100,108.015000
0,400,7.462600,107.922500
0,401,7.462600,107.830000
0,402,7.462600,107.737500
0,403,7.555100,107.645000
0,404,7.555100,107.552500
0,405,7.647600,107.460000
0,406,7.647600,107.367500
0,407,7.647600,107.275000
0,408,7.740100,107.182500
0,409,7.740100,107.090000
0,410,7.832600,106.997500
0,411,7.832600,106.905000
0,412,7.832600,106.812500
0,413,7.925100,106.720000
0,414,7.925100,106.627500
0,415,7.925100,106.535000
0,416,8.017600,106.442500
0,417,8.017600,106.350000
0,418,8.110100,106.257500
0,419,8.110100,106.165000
0,420,8.110100,106.072500
0,421,8.202600,105.980000
0,422,8.202600,105.887500
0,423,8.202600,105.795000
0,424,8.295100,105.702500
0,425,8.295100,105.610000
0,426,8.387600,105.517500
0,427,8.387600,105.425000
0,428,8.387600,105.332500
0,429,8.480100,105.240000
0,430,8.480100,105.147500
0,431,8.480100,105.055000
0,432,8.572600,104.962500
0,433,8.572600,104.870000
0,434,8.572600,104.777500
0,435,8.665100,104.685000
0,436,8.665100,104.592500
0,437,8.665100,104.500000
0,438,8.757600,104.407500
0,439,8.757600,104.315000
0,440,8.850100,104.222500
0,441,8.850100,104.130000
0,442,8.850100,104.037500
0,443,8.942600,103.945000
0,444,8.942600,103.852500
0,445,8.942600,103.760000
0,446,8.942600,103.667500
0,447,9.035100,103.575000
0,448,9.035100,103.482500
0,449,9.035100,103.390000
0,450,9.127600,103.297500
0,451,9.127600,103.205000
0,452,9.127600,103.112500
0,453,9.220100,103.020000
0,454,9.220100,102.927500
0,455,9.220100,102.835000
0,456,9.220100,102.742500
0,457,9.312600,102.650000
0,458,9.312600,102.557500
0,459,9.312600,102.465000
0,460,9.312600,102.372500
0,461,9.405100,102.280000
0,462,9.405100,102.187500
0,463,9.405100,102.095000
0,464,9.405100,102.002500
0,465,9.405100,101.910000
0,466,9.497600,101.817500
0,467,9.497600,101.725000
0,468,9.497600,101.632500
0,469,9.497600,101.540000
0,470,9.590100,101.447500
0,471,9.590100,101.355000
0,472,9.590100,101.262500
0,473,9.590100,101.170000
0,474,9.590100,101.077500
0,475,9.682600,100.985000
0,476,9.682600,100.892500
0,477,9.682600,100.800000
0,478,9.682600,100.707500
0,479,9.682600,100.615000
0,480,9.775100,100.522500
0,481,9.775100,100.430000
0,482,9.775100,100.337500
0,483,9.775100,100.245000
0,484,9.867600,100.152500
0,485,9.867600,100.060000
0,486,9.867600,99.967500
0,487,9.867600,99.875000
0,488,9.867600,99.782500
0,489,9.960100,99.690000
0,490,9.960100,99.597500
0,491,9.960100,99.505000
0,492,9.960100,99.412500
0,493,10.052600,99.320000
0,494,10.052600,99.227500
0,495,10.052600,99.135000
0,496,10.052600,99.042500
0,497,10.145100,98.950000
0,498,10.145100,98.857500
0,499,10.145100,98.765000
0,500,10.145100,98.672500
0,501,10.145100,98.580000
0,502,10.237600,98.487500
0,503,10.237600,98.395000
0,504,10.237600,98.302500
0,505,10.237600,98.210000
0,506,10.330100,98.117500
0,507,10.330100,98.025000
0,508,10.330100,97.932500
0,509,10.330100,97.840000
0,510,10.330100,97.747500
0,511,10.422600,97.655000
0,512,10.422600,97.562500
0,513,10.422600,97.470000
0,514,10.422600,97.377500
0,515,10.515100,97.285000
0,516,10.515100,97.192500
0,517,10.515100,97.100000
0,518,10.515100,97.007500
0,519,10.607600,96.915000
0,520,10.607600,96.822500
0,521,10.607600,96.730000
0,522,10.607600,96.637500
0,523,10.607600,96.545000
0,524,10.700100,96.452500
0,525,10.700100,96.360000
0,526,10.700100,96.267500
0,527,10.700100,96.175000
0,528,10.792600,96.082500
0,529,10.792600,95.990000
0,530,10.792600,95.897500
0,531,10.792600,95.805000
0,532,10.885100,95.712500
0,533,10.885100,95.620000
0,534,10.885100,95.527500
0,535,10.885100,95.435000
0,536,10.885100,95.342500
0,537,10.977600,95.250000
0,538,10.977600,95.157500
0,539,10.977600,95.065000
0,540,10.977600,94.972500
0,541,11.070100,94.880000
0,542,11.070100,94.787500
0,543,11.070100,94.695000
0,544,11.070100,94.602500
0,545,11.162600,94.510000
0,546,11.162600,94.417500
0,547,11.162600,94.325000
0,548,11.162600,94.232500
0,549,11.162600,94.140000
0,550,11.255100,94.047500
0,551,11.255100,93.955000
0,552,11.255100,93.862500
0,553,11.255100,93.770000
0,554,11.347600,93.677500
0,555,11.347600,93.585000
0,556,11.347600,93.492500
0,557,11.347600,93.400000
0,558,11.440100,93.307500
0,559,11.440100,93.215000
0,560,11.440100,93.122500
0,561,11.440100,93.030000
0,562,11.440100,92.937500
0,563,11.532600,92.845000
0,564,11.532600,92.752500
0,565,11.532600,92.660000
0,566,11.532600,92.567500
0,567,11.625100,92.475000
0,568,11.625100,92.382500
0,569,11.625100,92.290000
0,570,11.625100,92.197500
0,571,11.717600,92.105000
0,572,11.717600,92.012500
0,573,11.717600,91.920000
0,574,11.717600,91.827500
0,575,11.717600,91.735000
0,576,11.810100,91.642500
0,577,11.810100,91.550000
0,578,11.810100,91.457500
0,579,11.810100,91.365000
0,580,11.902600,91.272500
0,581,11.902600,91.180000
0,582,11.902600,91.087500
0,583,11.902600,90.995000
0,584,11.995100,90.902500
0,585,11.995100,90.810000
0,586,11.995100,90.717500
0,587,11.995100,90.625000
0,588,11.995100,90.532500
0,589,12.087600,90.440000
0,590,12.087600,90.347500
0,591,12.087600,90.255000
0,592,12.087600,90.162500
0,593,12.180100,90.070000
0,594,12.180100,89.977500
0,595,12.180100,89.885000
0,596,12.180100,89.792500
0,597,12.272600,89.700000
0,598,12.272600,89.607500
0,599,12.272600,89.515000
0,600,12.272600,89.422500
0,601,12.272600,89.330000
0,602,12.365100,89.237500
0,603,12.365100,89.145000
0,604,12.365100,89.052500
0,605,12.365100,88.960000
0,606,12.457600,88.867500
0,607,12.457600,88.775000
0,608,12.457600,88.682500
0,609,12.457600,88.590000
0,610,12.457600,88.497500
0,611,12.550100,88.405000
0,612,12.550100,88.312500
0,613,12.550100,88.220000
0,614,12.550100,88.127500
0,615,12.642600,88.035000
0,616,12.642600,87.942500
0,617,12.642600,87.850000
0,618,12.642600,87.757500
0,619,12.735100,87.665000
0,620,12.735100,87.572500
0,621,12.735100,87.480000
0,622,12.735100,87.387500
0,623,12.735100,87.295000
0,624,12.827600,87.202500
0,625,12.827600,87.110000
0,626,12.827600,87.017500
0,627,12.827600,86.925000
0,628,12.920100,86.832500
0,629,12.920100,86.740000
0,630,12.920100,86.647500
0,631,12.920100,86.555000
0,632,13.012600,86.462500
0,633,13.012600,86.370000
0,634,13.012600,86.277500
0,635,13.012600,86.185000
0,636,13.012600,86.092500
0,637,13.105100,86.000000
0,638,13.105100,85.907500
0,639,13.105100,85.815000
0,640,13.105100,85.722500
0,641,13.197600,85.630000
0,642,13.197600,85.537500
0,643,13.197600,85.445000
0,644,13.197600,85.352500
0,645,13.290100,85.260000
0,646,13.290100,85.167500
0,647,13.290100,85.075000
0,648,13.290100,84.982500
0,649,13.290100,84.890000
0,650,13.382600,84.797500
0,651,13.382600,84.705000
0,652,13.382600,84.612500
0,653,13.382600,84.520000
0,654,13.475100,84.427500
0,655,13.475100,84.335000
0,656,13.475100,84.242500
0,657,13.475100,84.150000
0,658,13.567600,84.057500
0,659,13.567600,83.965000
0,660,13.567600,83.872500
0,661,13.567600,83.780000
0,662,13.567600,83.687500
0,663,13.660100,83.595000
0,664,13.660100,83.502500
0,665,13.660100,83.410000
0,666,13.660100,83.317500
0,667,13.752600,83.225000
0,668,13.752600,83.132500
0,669,13.752600,83.040000
0,670,13.752600,82.947500
0,671,13.845100,82.855000
0,672,13.845100,82.762500
0,673,13.845100,82.670000
0,674,13.845100,82.577500
0,675,13.845100,82.485000
0,676,13.937600,82.392500
0,677,13.937600,82.300000
0,678,13.937600,82.207500
0,679,13.937600,82.115000
0,680,14.030100,82.022500
0,681,14.030100,81.930000
0,682,14.030100,81.837500
0,683,14.030100,81.745000
0,684,14.122600,81.652500
0,685,14.122600,81.560000
0,686,14.122600,81.467500
0,687,14.122600,81.375000
0,688,14.122600,81.282500
0,689,14.215100,81.190000
0,690,14.215100,81.097500
0,691,14.215100,81.005000
0,692,14.215100,80.912500
0,693,14.307600,80.820000
0,694,14.307600,80.727500
0,695,14.307600,80.635000
0,696,14.307600,80.542500
0,697,14.307600,80.450000
0,698,14.400100,80.357500
0,699,14.400100,80.265000
0,700,14.400100,80.172500
0,701,14.400100,80.080000
0,702,14.492600,79.987500
0,703,14.492600,79.895000
0,704,14.492600,79.802500
0,705,14.492600,79.710000
0,706,14.585100,79.617500
0,707,14.585100,79.525000
0,708,14.585100,79.432500
0,709,14.585100,79.340000
0,710,14.585100,79.247500
0,711,14.677600,79.155000
0,712,14.677600,79.062500
0,713,14.677600,78.970000
0,714,14.677600,78.877500
0,715,14.770100,78.785000
0,716,14.770100,78.692500
0,717,14.770100,78.600000
0,718,14.770100,78.507500
0,719,14.862600,78.415000
0,720,14.862600,78.322500
0,721,14.862600,78.230000
0,722,14.862600,78.137500
0,723,14.862600,78.045000
0,724,14.955100,77.952500
0,725,14.955100,77.860000
0,726,14.955100,77.767500
0,727,14.955100,77.675000
0,728,15.047600,77.582500
0,729,15.047600,77.490000
0,730,15.047600,77.397500
0,731,15.047600,77.305000
0,732,15.140100,77.212500
0,733,15.140100,77.120000
0,734,15.140100,77.027500
0,735,15.140100,76.935000
0,736,15.140100,76.842500
0,737,15.232600,76.750000
0,738,15.232600,76.657500
0,739,15.232600,76.565000
0,740,15.232600,76.472500
0,741,15.325100,76.380000
0,742,15.325100,76.287500
0,743,15.325100,76.195000
0,744,15.325100,76.102500
0,745,15.325100,76.010000
0,746,15.417600,75.917500
0,747,15.417600,75.825000
0,748,15.417600,75.732500
0,749,15.417600,75.640000
0,750,15.510100,75.547500
0,751,15.510100,75.455000
0,752,15.510100,75.362500
0,753,15.510100,75.270000
0,754,15.602600,75.177500
0,755,15.602600,75.085000
0,756,15.602600,74.992500
0,757,15.602600,74.900000
0,758,15.602600,74.807500
0,759,15.695100,74.715000
0,760,15.695100,74.622500
0,761,15.695100,74.530000
0,762,15.695100,74.437500
0,763,15.787600,74.345000
0,764,15.787600,74.252500
0,765,15.787600,74.160000
0,766,15.787600,74.067500
0,767,15.880100,73.975000
0,768,15.880100,73.882500
0,769,15.880100,73.790000
0,770,15.880100,73.697500
0,771,15.880100,73.605000
0,772,15.972600,73.512500
0,773,15.972600,73.420000
0,774,15.972600,73.327500
0,775,15.972600,73.235000
0,776,16.065100,73.142500
0,777,16.065100,73.050000
0,778,16.065100,72.957500
0,779,16.065100,72.865000
0,780,16.157600,72.772500
0,781,16.157600,72.680000
0,782,16.157600,72.587500
0,783,16.157600,72.495000
0,784,16.157600,72.402500
0,785,16.250100,72.310000
0,786,16.250100,72.217500
0,787,16.250100,72.125000
0,788,16.250100,72.032500
0,789,16.342600,71.940000
0,790,16.342600,71.847500
0,791,16.342600,71.755000
0,792,16.342600,71.662500
0,793,16.435100,71.570000
0,794,16.435100,71.477500
0,795,16.435100,71.385000
0,796,16.435100,71.292500
0,797,16.435100,71.200000
0,798,16.527600,71.107500
0,799,16.527600,71.015000
0,800,16.527600,70.922500
0,801,16.527600,70.830000
0,802,16.620100,70.737500
0,803,16.620100,70.645000
0,804,16.620100,70.552500
0,805,16.620100,70.460000
0,806,16.620100,70.367500
0,807,16.712600,70.275000
0,808,16.712600,70.182500
0,809,16.712600,70.090000
0,810,16.712600,69.997500
0,811,16.805100,69.905000
0,812,16.805100,69.812500
0,813,16.805100,69.720000
0,814,16.805100,69.627500
0,815,16.897600,69.535000
0,816,16.897600,69.442500
0,817,16.897600,69.350000
0,818,16.897600,69.257500
0,819,16.897600,69.165000
0,820,16.990100,69.072500
0,821,16.990100,68.980000
0,822,16.990100,68.887500
0,823,16.990100,68.795000
0,824,17.082600,68.702500
0,825,17.082600,68.610000
0,826,17.082600,68.517500
0,827,17.082600,68.425000
0,828,17.082600,68.332500
0,829,17.175100,68.240000
0,830,17.175100,68.147500
0,831,17.175100,68.055000
0,832,17.175100,67.962500
0,833,17.267600,67.870000
0,834,17.267600,67.777500
0,835,17.267600,67.685000
0,836,17.267600,67.592500
0,837,17.360100,67.500000
0,838,17.360100,67.407500
0,839,17.360100,67.315000
0,840,17.360100,67.222500
0,841,17.360100,67.130000
0,842,17.452600,67.037500
0,843,17.452600,66.945000
0,844,17.452600,66.852500
0,845,17.452600,66.760000
0,846,17.545100,66.667500
0,847,17.545100,66.575000
0,848,17.545100,66.482500
0,849,17.545100,66.390000
0,850,17.545100,66.297500
0,851,17.637600,66.205000
0,852,17.637600,66.112500
0,853,17.637600,66.020000
0,854,17.637600,65.927500
0,855,17.730100,65.835000
0,856,17.730100,65.742500
0,857,17.730100,65.650000
0,858,17.730100,65.557500
0,859,17.822600,65.465000
0,860,17.822600,65.372500
0,861,17.822600,65.280000
0,862,17.822600,65.187500
0,863,17.822600,65.095000
0,864,17.915100,65.002500
0,865,17.915100,64.910000
0,866,17.915100,64.817500
0,867,17.915100,64.725000
0,868,18.007600,64.632500
0,869,18.007600,64.540000
0,870,18.007600,64.447500
0,871,18.007600,64.355000
0,872,18.007600,64.262500
0,873,18.100100,64.170000
0,874,18.100100,64.077500
0,875,18.100100,63.985000
0,876,18.100100,63.892500
0,877,18.192600,63.800000
0,878,18.192600,63.707500
0,879,18.192600,63.615000
0,880,18.192600,63.522500
0,881,18.285100,63.430000
0,882,18.285100,63.337500
0,883,18.285100,63.245000
0,884,18.285100,63.152500
0,885,18.285100,63.060000
0,886,18.377600,62.967500
0,887,18.377600,62.875000
0,888,18.377600,62.782500
0,889,18.377600,62.690000
0,890,18.470100,62.597500
0,891,18.470100,62.505000
0,892,18.470100,62.412500
0,893,18.470100,62.320000
0,894,18.470100,62.227500
0,895,18.562600,62.135000
0,896,18.562600,62.042500
0,897,18.562600,61.950000
0,898,18.562600,61.857500
0,899,18.655100,61.765000
0,900,18.655100,61.672500
0,901,18.655100,61.580000
0,902,18.655100,61.487500
0,903,18.655100,61.395000
0,904,18.747600,61.302500
0,905,18.747600,61.210000
0,906,18.747600,61.117500
0,907,18.747600,61.025000
0,908,18.840100,60.932500
0,909,18.840100,60.840000
0,910,18.840100,60.747500
0,911,18.840100,60.655000
0,912,18.932600,60.562500
0,913,18.932600,60.470000
0,914,18.932600,60.377500
0,915,18.932600,60.285000
0,916,18.932600,60.192500
0,917,19.025100,60.100000
0,918,19.025100,60.007500
0,919,19.025100,59.915000
0,920,19.025100,59.822500
0,921,19.117600,59.730000
0,922,19.117600,59.637500
0,923,19.117600,59.545000
0,924,19.117600,59.452500
0,925,19.117600,59.360000
0,926,19.210100,59.267500
0,927,19.210100,59.175000
0,928,19.210100,59.082500
0,929,19.210100,58.990000
0,930,19.302600,58.897500
0,931,19.302600,58.805000
0,932,19.302600,58.712500
0,933,19.302600,58.620000
0,934,19.302600,58.527500
0,935,19.395100,58.435000
0,936,19.395100,58.342500
0,937,19.395100,58.250000
0,938,19.395100,58.157500
0,939,19.487600,58.065000
0,940,19.487600,57.972500
0,941,19.487600,57.880000
0,942,19.487600,57.787500
0,943,19.487600,57.695000
0,944,19.580100,57.602500
0,945,19.580100,57.510000
0,946,19.580100,57.417500
0,947,19.580100,57.325000
0,948,19.672600,57.232500
0,949,19.672600,57.140000
0,950,19.672600,57.047500
0,951,19.672600,56.955000
0,952,19.672600,56.862500
0,953,19.765100,56.770000
0,954,19.765100,56.677500
0,955,19.765100,56.585000
0,956,19.765100,56.492500
0,957,19.857600,56.400000
0,958,19.857600,56.307500
0,959,19.857600,56.215000
0,960,19.857600,56.122500
0,961,19.857600,56.030000
0,962,19.950100,55.937500
0,963,19.950100,55.845000
0,964,19.950100,55.752500
0,965,19.950100,55.660000
0,966,20.042600,55.567500
0,967,20.042600,55.475000
0,968,20.042600,55.382500
0,969,20.042600,55.290000
0,970,20.135100,55.197500
0,971,20.135100,55.105000
0,972,20.135100,55.012500
0,973,20.135100,54.920000
0,974,20.135100,54.827500
0,975,20.227600,54.735000
0,976,20.227600,54.642500
0,977,20.227600,54.550000
0,978,20.227600,54.457500
0,979,20.320100,54.365000
0,980,20.320100,54.272500
0,981,20.320100,54.180000
0,982,20.320100,54.087500
0,983,20.320100,53.995000
0,984,20.412600,53.902500
0,985,20.412600,53.810000
0,986,20.412600,53.717500
0,987,20.412600,53.625000
0,988,20.505100,53.532500
0,989,20.505100,53.440000
0,990,20.505100,53.347500
0,991,20.505100,53.255000
0,992,20.505100,53.162500
0,993,20.597600,53.070000
0,994,20.597600,52.977500
0,995,20.597600,52.885000
0,996,20.597600,52.792500
0,997,20.690100,52.700000
0,998,20.690100,52.607500
0,999,20.690100,52.515000
0,1000,20.690100,52.422500
0,1001,20.690100,52.330000
0,1002,20.782600,52.237500
0,1003,20.782600,52.145000
0,1004,20.782600,52.052500
0,1005,20.782600,51.960000
0,1006,20.782600,51.867500
0,1007,20.875100,51.775000
0,1008,20.875100,51.682500
0,1009,20.875100,51.590000
0,1010,20.875100,51.497500
0,1011,20.967600,51.405000
0,1012,20.967600,51.312500
0,1013,20.967600,51.220000
0,1014,20.967600,51.127500
0,1015,20.967600,51.035000
0,1016,21.060100,50.942500
0,1017,21.060100,50.850000
0,1018,21.060100,50.757500
0,1019,21.060100,50.665000
0,1020,21.152600,50.572500
0,1021,21.152600,50.480000
0,1022,21.152600,50.387500
0,1023,21.152600,50.295000
0,1024,21.152600,50.202500
0,1025,21.245100,50.110000
0,1026,21.245100,50.017500
0,1027,21.245100,49.925000
0,1028,21.245100,49.832500
0,1029,21.337600,49.740000
0,1030,21.337600,49.647500
0,1031,21.337600,49.555000
0,1032,21.337600,49.462500
0,1033,21.337600,49.370000
0,1034,21.430100,49.277500
0,1035,21.430100,49.185000
0,1036,21.430100,49.092500
0,1037,21.430100,49.000000
0,1038,21.522600,48.907500
0,1039,21.522600,48.815000
0,1040,21.522600,48.722500
0,1041,21.522600,48.630000
0,1042,21.522600,48.537500
0,1043,21.615100,48.445000
0,1044,21.615100,48.352500
0,1045,21.615100,48.260000
0,1046,21.615100,48.167500
0,1047,21.707600,48.075000
0,1048,21.707600,47.982500
0,1049,21.707600,47.890000
0,1050,21.707600,47.797500
0,1051,21.707600,47.705000
0,1052,21.800100,47.612500
0,1053,21.800100,47.520000
0,1054,21.800100,47.427500
0,1055,21.800100,47.335000
0,1056,21.892600,47.242500
0,1057,21.892600,47.150000
0,1058,21.892600,47.057500
0,1059,21.892600,46.965000
0,1060,21.892600,46.872500
0,1061,21.892600,46.780000
0,1062,21.892600,46.687500
0,1063,21.892600,46.595000
0,1064,21.985100,46.502500
0,1065,21.985100,46.410000
0,1066,21.985100,46.317500
0,1067,21.985100,46.225000
0,1068,21.985100,46.132500
0,1069,21.985100,46.040000
0,1070,21.892600,45.947500
0,1071,21.892600,45.855000
0,1072,21.892600,45.762500
0,1073,21.892600,45.670000
0,1074,21.892600,45.577500
0,1075,21.892600,45.485000
0,1076,21.800100,45.392500
0,1077,21.800100,45.300000
0,1078,21.707600,45.207500
0,1079,21.707600,45.115000
0,1080,21.615100,45.022500
0,1081,21.615100,44.930000
0,1082,21.522600,44.837500
0,1083,21.430100,44.745000
0,1084,21.430100,44.652500
0,1085,21.337600,44.652500
0,1086,21.245100,44.560000
0,1087,21.152600,44.467500
0,1088,21.060100,44.375000
0,1089,20.967600,44.282500
0,1090,20.875100,44.282500
0,1091,20.782600,44.190000
0,1092,20.690100,44.190000
0,1093,20.597600,44.097500
0,1094,20.505100,44.097500
0,1095,20.412600,44.005000
0,1096,20.320100,43.912500
0,1097,20.227600,43.912500
0,1098,20.135100,43.820000
0,1099,20.042600,43.727500
0,1100,19.950100,43.635000
0,1101,19.857600,43.542500
0,1102,19.857600,43.450000
0,1103,19.857600,43.357500
0,1104,19.857600,43.265000
0,1105,19.857600,43.172500
0,1106,19.950100,43.080000
0,1107,19.950100,42.987500
0,1108,19.950100,42.895000
0,1109,19.950100,42.802500
0,1110,20.042600,42.710000
0,1111,20.042600,42.617500
0,1112,20.042600,42.525000
0,1113,20.042600,42.432500
0,1114,20.042600,42.340000
0,1115,20.135100,42.247500
0,1116,20.135100,42.155000
0,1117,20.135100,42.062500
0,1118,20.135100,41.970000
0,1119,20.227600,41.877500
0,1120,20.227600,41.785000
0,1121,20.227600,41.692500
0,1122,20.227600,41.600000
0,1123,20.227600,41.507500
0,1124,20.320100,41.415000
0,1125,20.320100,41.322500
0,1126,20.320100,41.230000
0,1127,20.320100,41.137500
0,1128,20.412600,41.045000
0,1129,20.412600,40.952500
0,1130,20.412600,40.860000
0,1131,20.412600,40.767500
0,1132,20.505100,40.675000
0,1133,20.505100,40.582500
0,1134,20.505100,40.490000
0,1135,20.505100,40.397500
0,1136,20.505100,40.305000
0,1137,20.597600,40.212500
0,1138,20.597600,40.120000
0,1139,20.597600,40.027500
0,1140,20.597600,39.935000
0,1141,20.690100,39.842500
0,1142,20.690100,39.750000
0,1143,20.690100,39.657500
0,1144,20.690100,39.565000
0,1145,20.782600,39.472500
0,1146,20.782600,39.380000
0,1147,20.782600,39.287500
0,1148,20.782600,39.195000
0,1149,20.782600,39.102500
0,1150,20.875100,39.010000
0,1151,20.875100,38.917500
0,1152,20.875100,38.825000
0,1153,20.875100,38.732500
0,1154,20.967600,38.640000
0,1155,20.967600,38.547500
0,1156,20.967600,38.455000
0,1157,20.967600,38.362500
0,1158,20.967600,38.270000
0,1159,21.060100,38.177500
0,1160,21.060100,38.085000
0,1161,21.060100,37.992500
0,1162,21.060100,37.900000
0,1163,21.152600,37.807500
0,1164,21.152600,37.715000
0,1165,21.152600,37.622500
0,1166,21.152600,37.530000
0,1167,21.245100,37.437500
0,1168,21.245100,37.345000
0,1169,21.245100,37.252500
0,1170,21.245100,37.160000
0,1171,21.245100,37.067500
0,1172,21.337600,36.975000
0,1173,21.337600,36.882500
0,1174,21.337600,36.790000
0,1175,21.337600,36.697500
0,1176,21.430100,36.605000
0,1177,21.430100,36.512500
0,1178,21.430100,36.420000
0,1179,21.430100,36.327500
0,1180,21.522600,36.235000
0,1181,21.522600,36.142500
0,1182,21.522600,36.050000
0,1183,21.522600,35.957500
0,1184,21.522600,35.865000
0,1185,21.615100,35.772500
0,1186,21.615100,35.680000
0,1187,21.615100,35.587500
0,1188,21.615100,35.495000
0,1189,21.707600,35.402500
0,1190,21.707600,35.310000
0,1191,21.707600,35.217500
0,1192,21.707600,35.125000
0,1193,21.800100,35.032500
0,1194,21.800100,34.940000
0,1195,21.800100,34.847500
0,1196,21.800100,34.755000
0,1197,21.800100,34.662500
0,1198,21.892600,34.570000
0,1199,21.892600,34.477500
0,1200,21.892600,34.385000
0,1201,21.892600,34.292500
0,1202,21.985100,34.200000
0,1203,21.985100,34.107500
0,1204,21.985100,34.015000
0,1205,21.985100,33.922500
0,1206,22.077600,33.830000
0,1207,22.077600,33.737500
0,1208,22.077600,33.645000
0,1209,22.077600,33.552500
0,1210,22.077600,33.460000
0,1211,22.170100,33.367500
0,1212,22.170100,33.275000
0,1213,22.170100,33.182500
0,1214,22.170100,33.090000
0,1215,22.262600,32.997500
0,1216,22.262600,32.905000
0,1217,22.262600,32.812500
0,1218,22.262600,32.720000
0,1219,22.262600,32.627500
0,1220,22.355100,32.535000
0,1221,22.355100,32.442500
0,1222,22.355100,32.350000
0,1223,22.355100,32.257500
0,1224,22.447600,32.165000
0,1225,22.447600,32.072500
0,1226,22.447600,31.980000
0,1227,22.447600,31.887500
0,1228,22.540100,31.795000
0,1229,22.540100,31.702500
0,1230,22.540100,31.610000
0,1231,22.540100,31.517500
0,1232,22.540100,31.425000
0,1233,22.632600,31.332500
0,1234,22.632600,31.240000
0,1235,22.632600,31.147500
0,1236,22.632600,31.055000
0,1237,22.725100,30.962500
0,1238,22.725100,30.870000
0,1239,22.725100,30.777500
0,1240,22.725100,30.685000
0,1241,22.817600,30.592500
0,1242,22.817600,30.500000
0,1243,22.817600,30.407500
0,1244,22.817600,30.315000
0,1245,22.817600,30.222500
0,1246,22.910100,30.130000
0,1247,22.910100,30.037500
0,1248,22.910100,29.945000
0,1249,22.910100,29.852500
0,1250,23.002600,29.760000
0,1251,23.002600,29.667500
0,1252,23.002600,29.575000
0,1253,23.002600,29.482500
0,1254,23.095100,29.390000
0,1255,23.095100,29.297500
0,1256,23.095100,29.205000
0,1257,23.095100,29.112500
0,1258,23.095100,29.020000
0,1259,23.187600,28.927500
0,1260,23.187600,28.835000
0,1261,23.187600,28.742500
0,1262,23.187600,28.650000
0,1263,23.280100,28.557500
0,1264,23.280100,28.465000
0,1265,23.280100,28.372500
0,1266,23.280100,28.280000
0,1267,23.372600,28.187500
0,1268,23.372600,28.095000
0,1269,23.372600,28.002500
0,1270,23.372600,27.910000
0,1271,23.372600,27.817500
0,1272,23.465100,27.725000
0,1273,23.465100,27.632500
0,1274,23.465100,27.540000
0,1275,23.465100,27.447500
0,1276,23.557600,27.355000
0,1277,23.557600,27.262500
0,1278,23.557600,27.170000
0,1279,23.557600,27.077500
0,1280,23.650100,26.985000
0,1281,23.650100,26.892500
0,1282,23.650100,26.800000
0,1283,23.650100,26.707500
0,1284,23.650100,26.615000
0,1285,23.742600,26.522500
0,1286,23.742600,26.430000
0,1287,23.742600,26.337500
0,1288,23.742600,26.245000
0,1289,23.835100,26.152500
0,1290,23.835100,26.060000
0,1291,23.835100,25.967500
0,1292,23.835100,25.875000
0,1293,23.927600,25.782500
0,1294,23.927600,25.690000
0,1295,23.927600,25.597500
0,1296,23.927600,25.505000
0,1297,23.927600,25.412500
0,1298,24.020100,25.320000
0,1299,24.020100,25.227500
0,1300,24.020100,25.135000
0,1301,24.020100,25.042500
0,1302,24.112600,24.950000
0,1303,24.112600,24.857500
0,1304,24.112600,24.765000
0,1305,24.112600,24.672500
0,1306,24.205100,24.580000
0,1307,24.205100,24.487500
0,1308,24.205100,24.395000
0,1309,24.205100,24.302500
0,1310,24.205100,24.210000
0,1311,24.297600,24.117500
0,1312,24.297600,24.025000
0,1313,24.297600,23.932500
0,1314,24.297600,23.840000
0,1315,24.390100,23.747500
0,1316,24.390100,23.655000
0,1317,24.390100,23.562500
0,1318,24.390100,23.470000
0,1319,24.390100,23.377500
0,1320,24.482600,23.285000
0,1321,24.482600,23.192500
0,1322,24.482600,23.100000
0,1323,24.482600,23.007500
0,1324,24.575100,22.915000
0,1325,24.575100,22.822500
0,1326,24.575100,22.730000
0,1327,24.575100,22.637500
0,1328,24.667600,22.545000
0,1329,24.667600,22.452500
0,1330,24.667600,22.360000
0,1331,24.667600,22.267500
0,1332,24.667600,22.175000
0,1333,24.760100,22.082500
0,1334,24.760100,21.990000
0,1335,24.760100,21.897500
0,1336,24.760100,21.805000
0,1337,24.852600,21.712500
0,1338,24.852600,21.620000
0,1339,24.852600,21.527500
0,1340,24.852600,21.435000
0,1341,24.945100,21.342500
0,1342,24.945100,21.250000
0,1343,24.945100,21.157500
0,1344,24.945100,21.065000
0,1345,24.945100,20.972500
0,1346,25.037600,20.880000
0,1347,25.037600,20.787500
0,1348,25.037600,20.695000
0,1349,25.037600,20.602500
0,1350,25.130100,20.510000
0,1351,25.130100,20.417500
0,1352,25.130100,20.325000
0,1353,25.130100,20.232500
0,1354,25.222600,20.140000
0,1355,25.222600,20.047500
0,1356,25.222600,19.955000
0,1357,25.222600,19.862500
0,1358,25.222600,19.770000
0,1359,25.315100,19.677500
0,1360,25.315100,19.585000
0,1361,25.315100,19.492500
0,1362,25.315100,19.400000
0,1363,25.407600,19.307500
0,1364,25.407600,19.215000
0,1365,25.407600,19.122500
0,1366,25.407600,19.030000
0,1367,25.500100,18.937500
0,1368,25.500100,18.845000
0,1369,25.500100,18.752500
0,1370,25.500100,18.660000
0,1371,25.500100,18.567500
0,1372,25.592600,18.475000
0,1373,25.592600,18.382500
0,1374,25.592600,18.290000
0,1375,25.592600,18.197500
0,1376,25.685100,18.105000
0,1377,25.685100,18.012500
0,1378,25.685100,17.920000
0,1379,25.685100,17.827500
0,1380,25.777600,17.735000
0,1381,25.777600,17.642500
0,1382,25.777600,17.550000
0,1383,25.777600,17.457500
0,1384,25.777600,17.365000
0,1385,25.870100,17.272500
0,1386,25.870100,17.180000
0,1387,25.870100,17.087500
0,1388,25.870100,16.995000
0,1389,25.962600,16.902500
0,1390,25.962600,16.810000
0,1391,25.962600,16.717500
0,1392,25.962600,16.625000
0,1393,26.055100,16.532500
0,1394,26.055100,16.440000
0,1395,26.055100,16.347500
0,1396,26.055100,16.255000
0,1397,26.055100,16.162500
0,1398,26.147600,16.070000
0,1399,26.147600,15.977500
0,1400,26.147600,15.885000
0,1401,26.147600,15.792500
0,1402,26.240100,15.700000
0,1403,26.240100,15.607500
0,1404,26.240100,15.515000
0,1405,26.240100,15.422500
0,1406,26.332600,15.330000
0,1407,26.332600,15.237500
0,1408,26.332600,15.145000
0,1409,26.332600,15.052500
0,1410,26.332600,14.960000
0,1411,26.425100,14.867500
0,1412,26.425100,14.775000
0,1413,26.425100,14.682500
0,1414,26.425100,14.590000
0,1415,26.517600,14.497500
0,1416,26.517600,14.405000
0,1417,26.517600,14.312500
0,1418,26.517600,14.220000
0,1419,26.610100,14.127500
0,1420,26.610100,14.035000
0,1421,26.610100,13.942500
0,1422,26.610100,13.850000
0,1423,26.610100,13.757500
0,1424,26.702600,13.665000
0,1425,26.702600,13.572500
0,1426,26.702600,13.480000
0,1427,26.702600,13.387500
0,1428,26.795100,13.295000
0,1429,26.795100,13.202500
0,1430,26.795100,13.110000
0,1431,26.795100,13.017500
0,1432,26.795100,12.925000
0,1433,26.887600,12.832500
0,1434,26.887600,12.740000
0,1435,26.887600,12.647500
0,1436,26.887600,12.555000
0,1437,26.980100,12.462500
0,1438,26.980100,12.370000
0,1439,26.980100,12.277500
0,1440,26.980100,12.185000
0,1441,27.072600,12.092500
0,1442,27.072600,12.000000
0,1443,27.072600,11.907500
0,1444,27.072600,11.815000
0,1445,27.072600,11.722500
0,1446,27.165100,11.630000
0,1447,27.165100,11.537500
0,1448,27.165100,11.445000
0,1449,27.165100,11.352500
0,1450,27.257600,11.260000
0,1451,27.257600,11.167500
0,1452,27.257600,11.075000
0,1453,27.257600,10.982500
0,1454,27.350100,10.890000
0,1455,27.350100,10.797500
0,1456,27.350100,10.705000
0,1457,27.350100,10.612500
0,1458,27.350100,10.520000
0,1459,27.442600,10.427500
0,1460,27.442600,10.335000
0,1461,27.442600,10.242500
0,1462,27.442600,10.150000
0,1463,27.535100,10.057500
0,1464,27.535100,9.965000
0,1465,27.535100,9.872500
0,1466,27.627600,9.780000
0,1467,27.627600,9.687500
0,1468,27.627600,9.595000
0,1469,27.627600,9.502500
0,1470,27.627600,9.410000
0,1471,27.627600,9.317500
0,1472,27.720100,9.225000
0,1473,27.720100,9.132500
0,1474,27.720100,9.040000
0,1475,27.720100,8.947500
0,1476,27.812600,8.855000
0,1477,27.812600,8.762500
0,1478,27.812600,8.670000
0,1479,27.812600,8.577500
0,1480,27.812600,8.485000
0,1481,27.905100,8.392500
0,1482,27.905100,8.300000
0,1483,27.905100,8.207500
0,1484,27.905100,8.115000
0,1485,27.997600,8.022500
0,1486,27.997600,7.930000
0,1487,27.997600,7.837500
0,1488,27.997600,7.745000
0,1489,27.997600,7.652500
0,1490,28.090100,7.560000
0,1491,28.090100,7.467500
0,1492,28.090100,7.375000
0,1493,28.090100,7.282500
0,1494,28.090100,7.190000
0,1495,28.182600,7.097500
0,1496,28.182600,7.005000
0,1497,28.182600,6.912500
0,1498,28.182600,6.820000
0,1499,28.182600,6.727500
0,1500,28.182600,6.635000
0,1501,28.275100,6.542500
0,1502,28.275100,6.450000
0,1503,28.275100,6.357500
0,1504,28.275100,6.265000
0,1505,28.275100,6.172500
0,1506,28.275100,6.080000
0,1507,28.367600,5.987500
0,1508,28.367600,5.895000
0,1509,28.367600,5.802500
0,1510,28.367600,5.710000
0,1511,28.367600,5.617500
0,1512,28.367600,5.525000
0,1513,28.367600,5.432500
0,1514,28.460100,5.340000
0,1515,28.460100,5.247500
0,1516,28.460100,5.155000
0,1517,28.460100,5.062500
0,1518,28.460100,4.970000
0,1519,28.460100,4.877500
0,1520,28.460100,4.785000
0,1521,28.460100,4.692500
0,1522,28.552600,4.600000
0,1523,28.552600,4.507500
0,1524,28.552600,4.415000
0,1525,28.552600,4.322500
0,1526,28.552600,4.230000
0,1527,28.552600,4.137500
0,1528,28.552600,4.045000
0,1529,28.552600,3.952500
0,1530,28.552600,3.860000
0,1531,28.552600,3.767500
0,1532,28.552600,3.675000
0,1533,28.552600,3.582500
0,1534,28.645100,3.490000
0,1535,28.645100,3.397500
0,1536,28.645100,3.305000
0,1537,28.645100,3.212500
0,1538,28.645100,3.120000
0,1539,28.645100,3.027500
0,1540,28.645100,2.935000
0,1541,28.645100,2.842500
0,1542,28.645100,2.750000
0,1543,28.645100,2.657500
0,1544,28.645100,2.565000
0,1545,28.645100,2.472500
0,1546,28.645100,2.380000
0,1547,28.645100,2.287500
0,1548,28.645100,2.195000
0,1549,28.645100,2.102500
0,1550,28.645100,2.010000
0,1551,28.645100,1.917500
0,1552,28.645100,1.825000
0,1553,28.645100,1.732500
0,1554,28.645100,1.640000
0,1555,28.645100,1.547500
0,1556,28.645100,1.455000
0,1557,28.645100,1.362500
0,1558,28.645100,1.270000
0,1559,28.645100,1.177500
0,1560,28.645100,1.085000
0,1561,28.645100,0.992500
0,1562,28.645100,0.900000
0,1563,28.645100,0.807500
0,1564,28.645100,0.715000
0,1565,28.645100,0.622500
0,1566,28.645100,0.530000
0,1567,28.645100,0.437500
0,1568,28.645100,0.345000
0,1569,28.645100,0.252500
0,1570,28.645100,0.160000
0,1571,28.645100,0.067500
0,1572,28.645100,-0.025000
0,1573,28.645100,-0.117500
0,1574,28.645100,-0.210000
0,1575,28.645100,-0.302500
0,1576,28.645100,-0.395000
0,1577,28.645100,-0.487500
0,1578,28.645100,-0.580000
0,1579,28.645100,-0.672500
0,1580,28.645100,-0.765000
0,1581,28.645100,-0.857500
0,1582,28.645100,-0.950000
0,1583,28.645100,-1.042500
0,1584,28.645100,-1.135000
0,1585,28.645100,-1.227500
0,1586,28.645100,-1.320000
0,1587,28.552600,-1.412500
0,1588,28.552600,-1.505000
0,1589,28.552600,-1.597500
0,1590,28.552600,-1.690000
0,1591,28.552600,-1.782500
0,1592,28.552600,-1.875000
0,1593,28.552600,-1.967500
0,1594,28.552600,-2.060000
0,1595,28.552600,-2.152500
0,1596,28.552600,-2.245000
0,1597,28.552600,-2.337500
0,1598,28.552600,-2.430000
0,1599,28.552600,-2.522500
0,1600,28.552600,-2.615000
0,1601,28.460100,-2.707500
0,1602,28.460100,-2.800000
0,1603,28.460100,-2.892500
0,1604,28.460100,-2.985000
0,1605,28.460100,-3.077500
0,1606,28.460100,-3.170000
0,1607,28.460100,-3.262500
0,1608,28.460100,-3.355000
0,1609,28.460100,-3.447500
0,1610,28.460100,-3.540000
0,1611,28.460100,-3.632500
0,1612,28.460100,-3.725000
0,1613,28.367600,-3.817500
0,1614,28.367600,-3.910000
0,1615,28.367600,-4.002500
0,1616,28.367600,-4.095000
0,1617,28.367600,-4.187500
0,1618,28.367600,-4.280000
0,1619,28.367600,-4.372500
0,1620,28.367600,-4.465000
0,1621,28.367600,-4.557500
0,1622,28.367600,-4.650000
0,1623,28.275100,-4.742500
0,1624,28.275100,-4.835000
0,1625,28.275100,-4.927500
0,1626,28.275100,-5.020000
0,1627,28.275100,-5.112500
0,1628,28.275100,-5.205000
0,1629,28.275100,-5.297500
0,1630,28.275100,-5.390000
0,1631,28.275100,-5.482500
0,1632,28.275100,-5.575000
0,1633,28.182600,-5.667500
0,1634,28.182600,-5.760000
0,1635,28.182600,-5.852500
0,1636,28.182600,-5.945000
0,1637,28.182600,-6.037500
0,1638,28.182600,-6.130000
0,1639,28.182600,-6.222500
0,1640,28.182600,-6.315000
0,1641,28.182600,-6.407500
0,1642,28.090100,-6.500000
0,1643,28.090100,-6.592500
0,1644,28.090100,-6.685000
0,1645,28.090100,-6.777500
0,1646,28.090100,-6.870000
0,1647,28.090100,-6.962500
0,1648,28.090100,-7.055000
0,1649,28.090100,-7.147500
0,1650,28.090100,-7.240000
0,1651,27.997600,-7.332500
0,1652,27.997600,-7.425000
0,1653,27.997600,-7.517500
0,1654,27.997600,-7.610000
0,1655,27.997600,-7.702500
0,1656,27.997600,-7.795000
0,1657,27.997600,-7.887500
0,1658,27.997600,-7.980000
0,1659,27.997600,-8.072500
0,1660,27.997600,-8.165000
0,1661,27.905100,-8.257500
0,1662,27.905100,-8.350000
0,1663,27.905100,-8.442500
0,1664,27.905100,-8.535000
0,1665,27.905100,-8.627500
0,1666,27.905100,-8.720000
0,1667,27.905100,-8.812500
0,1668,27.905100,-8.905000
0,1669,27.905100,-8.997500
0,1670,27.812600,-9.090000
0,1671,27.812600,-9.182500
0,1672,27.812600,-9.275000
0,1673,27.812600,-9.367500
0,1674,27.812600,-9.460000
0,1675,27.812600,-9.552500
0,1676,27.812600,-9.645000
0,1677,27.812600,-9.737500
0,1678,27.720100,-9.830000
0,1679,27.720100,-9.922500
0,1680,27.720100,-10.015000
0,1681,27.720100,-10.107500
0,1682,27.720100,-10.200000
0,1683,27.720100,-10.292500
0,1684,27.720100,-10.385000
0,1685,27.720100,-10.477500
0,1686,27.627600,-10.570000
0,1687,27.627600,-10.662500
0,1688,27.627600,-10.755000
0,1689,27.627600,-10.847500
0,1690,27.627600,-10.940000
0,1691,27.627600,-11.032500
0,1692,27.627600,-11.125000
0,1693,27.720100,-11.217500
0,1694,27.720100,-11.310000
0,1695,27.720100,-11.402500
0,1696,27.720100,-11.495000
0,1697,27.812600,-11.587500
0,1698,27.812600,-11.680000
0,1699,27.905100,-11.772500
0,1700,27.997600,-11.865000
0,1701,28.090100,-11.865000
0,1702,28.182600,-11.957500
0,1703,28.275100,-12.050000
0,1704,28.367600,-12.050000
0,1705,28.460100,-12.050000
0,1706,28.552600,-12.142500
0,1707,28.645100,-12.142500
0,1708,28.737600,-12.235000
0,1709,28.830100,-12.235000
0,1710,28.922600,-12.235000
0,1711,29.015100,-12.327500
0,1712,29.107600,-12.327500
0,1713,29.200100,-12.420000
0,1714,29.292600,-12.420000
0,1715,29.385100,-12.420000
0,1716,29.477600,-12.512500
0,1717,29.570100,-12.512500
0,1718,29.662600,-12.512500
0,1719,29.755100,-12.605000
0,1720,29.847600,-12.605000
0,1721,29.940100,-12.605000
0,1722,30.032600,-12.697500
0,1723,30.125100,-12.697500
0,1724,30.217600,-12.790000
0,1725,30.310100,-12.790000
0,1726,30.402600,-12.790000
0,1727,30.495100,-12.882500
0,1728,30.587600,-12.882500
0,1729,30.680100,-12.975000
0,1730,30.772600,-12.975000
0,1731,30.865100,-13.067500
0,1732,30.957600,-13.067500
0,1733,31.050100,-13.160000
0,1734,31.142600,-13.160000
0,1735,31.235100,-13.252500
0,1736,31.327600,-13.345000
0,1737,31.420100,-13.345000
0,1738,31.512600,-13.437500
0,1739,31.605100,-13.530000
0,1740,31.697600,-13.622500
0,1741,31.790100,-13.715000
0,1742,31.882600,-13.807500
0,1743,31.975100,-13.900000
0,1744,32.067600,-13.992500
0,1745,32.160100,-14.085000
0,1746,32.252600,-14.177500
0,1747,32.345100,-14.270000
0,1748,32.437600,-14.362500
0,1749,32.437600,-14.455000
0,1750,32.530100,-14.547500
0,1751,32.530100,-14.640000
0,1752,32.622600,-14.732500
0,1753,32.715100,-14.825000
0,1754,32.715100,-14.917500
0,1755,32.807600,-15.010000
0,1756,32.807600,-15.102500
0,1757,32.807600,-15.195000
0,1758,32.900100,-15.287500
0,1759,32.900100,-15.380000
0,1760,32.992600,-15.472500
0,1761,32.992600,-15.565000
0,1762,32.992600,-15.657500
0,1763,32.992600,-15.750000
0,1764,33.085100,-15.842500
0,1765,33.085100,-15.935000
0,1766,33.085100,-16.027500
0,1767,33.085100,-16.120000
0,1768,33.085100,-16.212500
0,1769,33.085100,-16.305000
0,1770,33.085100,-16.397500
0,1771,33.085100,-16.490000
0,1772,33.085100,-16.582500
0,1773,33.085100,-16.675000
0,1774,33.085100,-16.767500
0,1775,33.085100,-16.860000
0,1776,33.085100,-16.952500
0,1777,33.085100,-17.045000
0,1778,33.085100,-17.137500
0,1779,32.992600,-17.230000
0,1780,32.992600,-17.322500
0,1781,32.992600,-17.415000
0,1782,32.992600,-17.507500
0,1783,32.900100,-17.600000
0,1784,32.900100,-17.692500
0,1785,32.900100,-17.785000
0,1786,32.807600,-17.877500
0,1787,32.807600,-17.970000
0,1788,32.715100,-18.062500
0,1789,32.715100,-18.155000
0,1790,32.622600,-18.247500
0,1791,32.622600,-18.340000
0,1792,32.530100,-18.432500
0,1793,32.437600,-18.525000
0,1794,32.437600,-18.617500
0,1795,32.345100,-18.710000
0,1796,32.252600,-18.802500
0,1797,32.160100,-18.895000
0,1798,32.067600,-18.987500
0,1799,31.975100,-19.080000
0,1800,31.882600,-19.172500
0,1801,31.790100,-19.265000
0,1802,31.697600,-19.265000
0,1803,31.605100,-19.357500
0,1804,31.512600,-19.450000
0,1805,31.420100,-19.450000
0,1806,31.327600,-19.542500
0,1807,31.235100,-19.542500
0,1808,31.142600,-19.635000
0,1809,31.050100,-19.727500
0,1810,30.957600,-19.727500
0,1811,30.865100,-19.727500
0,1812,30.772600,-19.820000
0,1813,30.680100,-19.820000
0,1814,30.587600,-19.912500
0,1815,30.495100,-19.912500
0,1816,30.402600,-19.912500
0,1817,30.310100,-20.005000
0,1818,30.217600,-20.005000
0,1819,30.125100,-20.005000
0,1820,30.032600,-20.005000
0,1821,29.940100,-20.097500
0,1822,29.847600,-20.097500
0,1823,29.755100,-20.097500
0,1824,29.662600,-20.097500
0,1825,29.570100,-20.097500
0,1826,29.477600,-20.097500
0,1827,29.385100,-20.190000
0,1828,29.292600,-20.190000
0,1829,29.200100,-20.190000
0,1830,29.107600,-20.190000
0,1831,29.015100,-20.190000
0,1832,28.922600,-20.190000
0,1833,28.830100,-20.190000
0,1834,28.737600,-20.190000
0,1835,28.645100,-20.190000
0,1836,28.552600,-20.190000
0,1837,28.460100,-20.190000
0,1838,28.367600,-20.190000
0,1839,28.275100,-20.190000
0,1840,28.182600,-20.190000
0,1841,28.090100,-20.190000
0,1842,27.997600,-20.190000
0,1843,27.905100,-20.190000
0,1844,27.812600,-20.190000
0,1845,27.720100,-20.097500
0,1846,27.627600,-20.097500
0,1847,27.535100,-20.097500
0,1848,27.442600,-20.097500
0,1849,27.350100,-20.097500
0,1850,27.257600,-20.097500
0,1851,27.165100,-20.097500
0,1852,27.072600,-20.097500
0,1853,26.980100,-20.005000
0,1854,26.887600,-20.005000
0,1855,26.795100,-20.005000
0,1856,26.702600,-20.005000
0,1857,26.610100,-20.005000
0,1858,26.517600,-19.912500
0,1859,26.425100,-19.912500
0,1860,26.332600,-19.912500
0,1861,26.240100,-19.912500
0,1862,26.147600,-19.820000
0,1863,26.055100,-19.820000
0,1864,25.962600,-19.820000
0,1865,25.870100,-19.820000
0,1866,25.777600,-19.727500
0,1867,25.685100,-19.727500
0,1868,25.592600,-19.727500
0,1869,25.500100,-19.727500
0,1870,25.407600,-19.635000
0,1871,25.315100,-19.635000
0,1872,25.222600,-19.635000
0,1873,25.130100,-19.635000
0,1874,25.037600,-19.542500
0,1875,24.945100,-19.542500
0,1876,24.852600,-19.542500
0,1877,24.760100,-19.450000
0,1878,24.667600,-19.450000
0,1879,24.575100,-19.450000
0,1880,24.482600,-19.450000
0,1881,24.390100,-19.357500
0,1882,24.297600,-19.357500
0,1883,24.205100,-19.357500
0,1884,24.112600,-19.265000
0,1885,24.020100,-19.265000
0,1886,23.927600,-19.265000
0,1887,23.835100,-19.265000
0,1888,23.742600,-19.172500
0,1889,23.650100,-19.172500
0,1890,23.557600,-19.172500
0,1891,23.465100,-19.080000
0,1892,23.372600,-19.080000
0,1893,23.280100,-19.080000
0,1894,23.187600,-19.080000
0,1895,23.095100,-18.987500
0,1896,23.002600,-18.987500
0,1897,22.910100,-18.987500
0,1898,22.817600,-18.895000
0,1899,22.725100,-18.895000
0,1900,22.632600,-18.895000
0,1901,22.540100,-18.895000
0,1902,22.447600,-18.802500
0,1903,22.355100,-18.802500
0,1904,22.262600,-18.802500
0,1905,22.170100,-18.710000
0,1906,22.077600,-18.710000
0,1907,21.985100,-18.710000
0,1908,21.892600,-18.710000
0,1909,21.800100,-18.617500
0,1910,21.707600,-18.617500
0,1911,21.615100,-18.617500
0,1912,21.522600,-18.617500
0,1913,21.430100,-18.525000
0,1914,21.337600,-18.525000
0,1915,21.245100,-18.525000
0,1916,21.152600,-18.432500
0,1917,21.060100,-18.432500
0,1918,20.967600,-18.432500
0,1919,20.875100,-18.340000
0,1920,20.782600,-18.340000
0,1921,20.690100,-18.340000
0,1922,20.597600,-18.247500
0,1923,20.505100,-18.247500
0,1924,20.412600,-18.247500
0,1925,20.320100,-18.155000
0,1926,20.227600,-18.155000
0,1927,20.135100,-18.155000
0,1928,20.042600,-18.155000
0,1929,19.950100,-18.062500
0,1930,19.857600,-18.062500
0,1931,19.765100,-17.970000
0,1932,19.672600,-17.970000
0,1933,19.580100,-17.970000
0,1934,19.487600,-17.877500
0,1935,19.395100,-17.877500
0,1936,19.302600,-17.877500
0,1937,19.210100,-17.785000
0,1938,19.117600,-17.785000
0,1939,19.025100,-17.785000
0,1940,18.932600,-17.692500
0,1941,18.840100,-17.692500
0,1942,18.747600,-17.600000
0,1943,18.655100,-17.600000
0,1944,18.562600,-17.507500
0,1945,18.470100,-17.507500
0,1946,18.377600,-17.507500
0,1947,18.285100,-17.415000
0,1948,18.192600,-17.415000
0,1949,18.100100,-17.322500
0,1950,18.007600,-17.322500
0,1951,17.915100,-17.322500
0,1952,17.822600,-17.230000
0,1953,17.730100,-17.230000
0,1954,17.637600,-17.137500
0,1955,17.545100,-17.137500
0,1956,17.452600,-17.045000
0,1957,17.360100,-17.045000
0,1958,17.267600,-16.952500
0,1959,17.175100,-16.952500
0,1960,17.082600,-16.860000
0,1961,16.990100,-16.860000
0,1962,16.897600,-16.767500
0,1963,16.805100,-16.767500
0,1964,16.712600,-16.675000
0,1965,16.620100,-16.582500
0,1966,16.527600,-16.582500
0,1967,16.435100,-16.490000
0,1968,16.342600,-16.490000
0,1969,16.250100,-16.397500
0,1970,16.157600,-16.397500
0,1971,16.065100,-16.305000
0,1972,15.972600,-16.212500
0,1973,15.880100,-16.212500
0,1974,15.787600,-16.120000
0,1975,15.695100,-16.027500
0,1976,15.602600,-16.027500
0,1977,15.510100,-15.935000
0,1978,15.417600,-15.842500
0,1979,15.325100,-15.842500
0,1980,15.232600,-15.750000
0,1981,15.140100,-15.657500
0,1982,15.047600,-15.565000
0,1983,14.955100,-15.565000
0,1984,14.862600,-15.472500
0,1985,14.770100,-15.380000
0,1986,14.677600,-15.287500
0,1987,14.585100,-15.287500
0,1988,14.492600,-15.195000
0,1989,14.400100,-15.102500
0,1990,14.307600,-15.010000
0,1991,14.215100,-15.010000
0,1992,14.122600,-14.917500
0,1993,14.030100,-14.825000
0,1994,13.937600,-14.732500
0,1995,13.845100,-14.732500
0,1996,13.752600,-14.640000
0,1997,13.660100,-14.547500
0,1998,13.567600,-14.455000
0,1999,13.475100,-14.362500
0,2000,13.382600,-14.362500
0,2001,13.290100,-14.270000
0,2002,13.197600,-14.177500
0,2003,13.105100,-14.085000
0,2004,13.012600,-13.992500
0,2005,12.920100,-13.992500
0,2006,12.827600,-13.900000
0,2007,12.735100,-13.807500
0,2008,12.642600,-13.715000
0,2009,12.550100,-13.715000
0,2010,12.457600,-13.622500
0,2011,12.365100,-13.530000
0,2012,12.272600,-13.437500
0,2013,12.180100,-13.345000
0,2014,12.087600,-13.345000
0,2015,11.995100,-13.252500
0,2016,11.902600,-13.160000
0,2017,11.810100,-13.067500
0,2018,11.717600,-13.067500
0,2019,11.625100,-12.975000
0,2020,11.532600,-12.882500
0,2021,11.440100,-12.790000
0,2022,11.347600,-12.790000
0,2023,11.255100,-12.697500
0,2024,11.162600,-12.605000
0,2025,11.070100,-12.512500
0,2026,10.977600,-12.420000
0,2027,10.885100,-12.420000
0,2028,10.792600,-12.327500
0,2029,10.700100,-12.235000
0,2030,10.607600,-12.142500
0,2031,10.515100,-12.050000
0,2032,10.422600,-12.050000
0,2033,10.330100,-11.957500
0,2034,10.237600,-11.865000
0,2035,10.145100,-11.772500
0,2036,10.052600,-11.680000
0,2037,9.960100,-11.680000
0,2038,9.867600,-11.587500
0,2039,9.775100,-11.495000
0,2040,9.682600,-11.402500
0,2041,9.590100,-11.310000
0,2042,9.497600,-11.217500
0,2043,9.405100,-11.217500
0,2044,9.312600,-11.125000
0,2045,9.220100,-11.032500
0,2046,9.127600,-10.940000
0,2047,9.035100,-10.847500
0,2048,8.942600,-10.755000
0,2049,8.850100,-10.755000
0,2050,8.757600,-10.662500
0,2051,8.665100,-10.570000
0,2052,8.572600,-10.477500
0,2053,8.480100,-10.385000
0,2054,8.387600,-10.292500
0,2055,8.295100,-10.292500
0,2056,8.202600,-10.200000
0,2057,8.110100,-10.107500
0,2058,8.017600,-10.015000
0,2059,7.925100,-9.922500
0,2060,7.832600,-9.830000
0,2061,7.740100,-9.830000
0,2062,7.647600,-9.737500
0,2063,7.555100,-9.645000
0,2064,7.462600,-9.552500
0,2065,7.370100,-9.460000
0,2066,7.277600,-9.367500
0,2067,7.185100,-9.275000
0,2068,7.092600,-9.275000
0,2069,7.000100,-9.182500
0,2070,6.907600,-9.090000
0,2071,6.815100,-8.997500
0,2072,6.722600,-8.905000
0,2073,6.630100,-8.812500
0,2074,6.537600,-8.812500
0,2075,6.445100,-8.720000
0,2076,6.352600,-8.627500
0,2077,6.260100,-8.535000
0,2078,6.167600,-8.442500
0,2079,6.075100,-8.350000
0,2080,5.982600,-8.350000
0,2081,5.890100,-8.257500
0,2082,5.797600,-8.165000
0,2083,5.705100,-8.072500
0,2084,5.612600,-7.980000
0,2085,5.520100,-7.887500
0,2086,5.427600,-7.795000
0,2087,5.335100,-7.795000
0,2088,5.242600,-7.702500
0,2089,5.150100,-7.610000
0,2090,5.057600,-7.517500
0,2091,4.965100,-7.425000
0,2092,4.872600,-7.332500
0,2093,4.780100,-7.240000
0,2094,4.687600,-7.147500
0,2095,4.687600,-7.055000
0,2096,4.595100,-6.962500
0,2097,4.502600,-6.870000
0,2098,4.410100,-6.777500
0,2099,4.317600,-6.685000
0,2100,4.225100,-6.592500
0,2101,4.225100,-6.500000
0,2102,4.132600,-6.407500
0,2103,4.040100,-6.315000
0,2104,4.040100,-6.222500
0,2105,3.947600,-6.130000
0,2106,3.855100,-6.037500
0,2107,3.855100,-5.945000
0,2108,3.762600,-5.852500
0,2109,3.762600,-5.760000
0,2110,3.670100,-5.667500
0,2111,3.670100,-5.575000
0,2112,3.670100,-5.482500
0,2113,3.577600,-5.390000
0,2114,3.577600,-5.297500
0,2115,3.577600,-5.205000
0,2116,3.485100,-5.112500
0,2117,3.485100,-5.020000
0,2118,3.485100,-4.927500
0,2119,3.485100,-4.835000
0,2120,3.485100,-4.742500
0,2121,3.485100,-4.650000
0,2122,3.485100,-4.557500
0,2123,3.485100,-4.465000
0,2124,3.485100,-4.372500
0,2125,3.485100,-4.280000
0,2126,3.485100,-4.187500
0,2127,3.485100,-4.095000
0,2128,3.485100,-4.002500
0,2129,3.485100,-3.910000
0,2130,3.485100,-3.817500
0,2131,3.577600,-3.725000
0,2132,3.577600,-3.632500
0,2133,3.577600,-3.540000
0,2134,3.577600,-3.447500
0,2135,3.670100,-3.355000
0,2136,3.670100,-3.262500
0,2137,3.670100,-3.170000
0,2138,3.762600,-3.077500
0,2139,3.762600,-2.985000
0,2140,3.762600,-2.892500
0,2141,3.855100,-2.800000
0,2142,3.855100,-2.707500
0,2143,3.855100,-2.615000
0,2144,3.947600,-2.522500
0,2145,3.947600,-2.430000
0,2146,3.947600,-2.337500
0,2147,4.040100,-2.245000
0,2148,4.040100,-2.152500
0,2149,4.040100,-2.060000
0,2150,4.132600,-1.967500
0,2151,4.132600,-1.875000
0,2152,4.132600,-1.782500
0,2153,4.132600,-1.690000
0,2154,4.225100,-1.597500
0,2155,4.225100,-1.505000
0,2156,4.225100,-1.412500
0,2157,4.225100,-1.320000
0,2158,4.317600,-1.227500
0,2159,4.317600,-1.135000
0,2160,4.317600,-1.042500
0,2161,4.317600,-0.950000
0,2162,4.317600,-0.857500
0,2163,4.317600,-0.765000
0,2164,4.317600,-0.672500
0,2165,4.225100,-0.580000
0,2166,4.225100,-0.487500
0,2167,4.225100,-0.395000
0,2168,4.132600,-0.302500
0,2169,4.040100,-0.210000
0,2170,4.040100,-0.117500
0,2171,3.947600,-0.025000
0,2172,3.855100,0.067500
0,2173,3.762600,0.160000
0,2174,3.670100,0.252500
0,2175,3.577600,0.345000
0,2176,3.577600,0.437500
0,2177,3.485100,0.530000
0,2178,3.392600,0.622500
0,2179,3.300100,0.715000
0,2180,3.207600,0.807500
0,2181,3.115100,0.900000
0,2182,3.115100,0.992500
0,2183,3.022600,1.085000
0,2184,2.930100,1.177500
0,2185,2.837600,1.270000
0,2186,2.745100,1.362500
0,2187,2.652600,1.455000
0,2188,2.652600,1.547500
0,2189,2.560100,1.640000
0,2190,2.467600,1.732500
0,2191,2.375100,1.825000
0,2192,2.282600,1.917500
0,2193,2.190100,2.010000
0,2194,2.190100,2.102500
0,2195,2.097600,2.195000
0,2196,2.005100,2.287500
0,2197,1.912600,2.380000
0,2198,1.820100,2.472500
0,2199,1.727600,2.565000
0,2200,1.727600,2.657500
0,2201,1.635100,2.750000
0,2202,1.542600,2.842500
0,2203,1.450100,2.935000
0,2204,1.357600,3.027500
0,2205,1.265100,3.120000
0,2206,1.265100,3.212500
0,2207,1.172600,3.305000
0,2208,1.080100,3.397500
0,2209,0.987600,3.490000
0,2210,0.895100,3.582500
0,2211,0.802600,3.675000
0,2212,0.802600,3.767500
0,2213,0.710100,3.860000
0,2214,0.617600,3.952500
0,2215,0.525100,4.045000
0,2216,0.432600,4.137500
0,2217,0.340100,4.230000
0,2218,0.340100,4.322500
0,2219,0.247600,4.415000
0,2220,0.155100,4.507500
0,2221,0.062600,4.600000
0,2222,-0.029900,4.692500
0,2223,-0.029900,4.785000
0,2224,-0.122400,4.877500
0,2225,-0.214900,4.970000
0,2226,-0.307400,5.062500
0,2227,-0.399900,5.155000
0,2228,-0.492400,5.247500
0,2229,-0.492400,5.340000
0,2230,-0.584900,5.432500
0,2231,-0.677400,5.525000
0,2232,-0.769900,5.617500
0,2233,-0.769900,5.710000
0,2234,-0.862400,5.802500
0,2235,-0.954900,5.895000
0,2236,-1.047400,5.987500
0,2237,-1.139900,6.080000
0,2238,-1.139900,6.172500
0,2239,-1.232400,6.265000
0,2240,-1.324900,6.357500
0,2241,-1.417400,6.450000
0,2242,-1.417400,6.542500
0,2243,-1.509900,6.635000
0,2244,-1.602400,6.727500
0,2245,-1.694900,6.820000
0,2246,-1.787400,6.912500
0,2247,-1.879900,7.005000
0,2248,-1.879900,7.097500
0,2249,-1.972400,7.190000
0,2250,-2.064900,7.282500
0,2251,-2.157400,7.375000
0,2252,-2.249900,7.467500
0,2253,-2.342400,7.560000
0,2254,-2.434900,7.652500
0,2255,-2.527400,7.745000
0,2256,-2.619900,7.837500
0,2257,-2.712400,7.930000
0,2258,-2.804900,8.022500
0,2259,-2.897400,8.115000
0,2260,-2.989900,8.207500
0,2261,-3.082400,8.300000
0,2262,-3.174900,8.392500
0,2263,-3.267400,8.485000
0,2264,-3.359900,8.485000
0,2265,-3.452400,8.577500
0,2266,-3.544900,8.670000
0,2267,-3.637400,8.762500
0,2268,-3.729900,8.855000
0,2269,-3.822400,8.855000
0,2270,-3.914900,8.947500
0,2271,-4.007400,9.040000
0,2272,-4.099900,9.040000
0,2273,-4.192400,9.132500
0,2274,-4.284900,9.225000
0,2275,-4.377400,9.225000
0,2276,-4.469900,9.317500
0,2277,-4.562400,9.317500
0,2278,-4.654900,9.410000
0,2279,-4.747400,9.502500
0,2280,-4.839900,9.502500
0,2281,-4.932400,9.595000
0,2282,-5.024900,9.595000
0,2283,-5.117400,9.687500
0,2284,-5.209900,9.687500
0,2285,-5.302400,9.780000
0,2286,-5.394900,9.872500
0,2287,-5.487400,9.872500
0,2288,-5.579900,9.965000
0,2289,-5.672400,9.965000
0,2290,-5.764900,10.057500
0,2291,-5.857400,10.150000
0,2292,-5.949900,10.242500
0,2293,-6.042400,10.242500
0,2294,-6.134900,10.335000
0,2295,-6.227400,10.427500
0,2296,-6.319900,10.520000
0,2297,-6.412400,10.612500
0,2298,-6.504900,10.612500
0,2299,-6.597400,10.705000
0,2300,-6.689900,10.797500
0,2301,-6.782400,10.890000
0,2302,-6.874900,10.982500
0,2303,-6.967400,11.075000
0,2304,-7.059900,11.167500
0,2305,-7.152400,11.260000
0,2306,-7.244900,11.352500
0,2307,-7.337400,11.445000
0,2308,-7.429900,11.537500
0,2309,-7.522400,11.630000
0,2310,-7.614900,11.722500
0,2311,-7.614900,11.815000
0,2312,-7.707400,11.907500
0,2313,-7.799900,12.000000
0,2314,-7.892400,12.092500
0,2315,-7.984900,12.185000
0,2316,-7.984900,12.277500
0,2317,-8.077400,12.370000
0,2318,-8.169900,12.462500
0,2319,-8.169900,12.555000
0,2320,-8.262400,12.647500
0,2321,-8.354900,12.740000
0,2322,-8.354900,12.832500
0,2323,-8.447400,12.925000
0,2324,-8.447400,13.017500
0,2325,-8.539900,13.110000
0,2326,-8.539900,13.202500
0,2327,-8.632400,13.295000
0,2328,-8.632400,13.387500
0,2329,-8.724900,13.480000
0,2330,-8.724900,13.572500
0,2331,-8.817400,13.665000
0,2332,-8.817400,13.757500
0,2333,-8.909900,13.850000
0,2334,-8.909900,13.942500
0,2335,-9.002400,14.035000
0,2336,-9.002400,14.127500
0,2337,-9.094900,14.220000
0,2338,-9.094900,14.312500
0,2339,-9.187400,14.405000
0,2340,-9.187400,14.497500
0,2341,-9.279900,14.590000
0,2342,-9.279900,14.682500
0,2343,-9.372400,14.775000
0,2344,-9.372400,14.867500
0,2345,-9.372400,14.960000
0,2346,-9.464900,15.052500
0,2347,-9.464900,15.145000
0,2348,-9.557400,15.237500
0,2349,-9.557400,15.330000
0,2350,-9.649900,15.422500
0,2351,-9.649900,15.515000
0,2352,-9.649900,15.607500
0,2353,-9.742400,15.700000
0,2354,-9.742400,15.792500
0,2355,-9.742400,15.885000
0,2356,-9.834900,15.977500
0,2357,-9.834900,16.070000
0,2358,-9.927400,16.162500
0,2359,-9.927400,16.255000
0,2360,-9.927400,16.347500
0,2361,-9.927400,16.440000
0,2362,-10.019900,16.532500
0,2363,-10.019900,16.625000
0,2364,-10.019900,16.717500
0,2365,-10.112400,16.810000
0,2366,-10.112400,16.902500
0,2367,-10.112400,16.995000
0,2368,-10.112400,17.087500
0,2369,-10.112400,17.180000
0,2370,-10.204900,17.272500
0,2371,-10.204900,17.365000
0,2372,-10.204900,17.457500
0,2373,-10.204900,17.550000
0,2374,-10.204900,17.642500
0,2375,-10.204900,17.735000
0,2376,-10.297400,17.827500
0,2377,-10.297400,17.920000
0,2378,-10.297400,18.012500
0,2379,-10.297400,18.105000
0,2380,-10.297400,18.197500
0,2381,-10.297400,18.290000
0,2382,-10.297400,18.382500
0,2383,-10.297400,18.475000
0,2384,-10.389900,18.567500
0,2385,-10.389900,18.660000
0,2386,-10.389900,18.752500
0,2387,-10.389900,18.845000
0,2388,-10.389900,18.937500
0,2389,-10.389900,19.030000
0,2390,-10.389900,19.122500
0,2391,-10.389900,19.215000
0,2392,-10.389900,19.307500
0,2393,-10.389900,19.400000
0,2394,-10.389900,19.492500
0,2395,-10.389900,19.585000
0,2396,-10.389900,19.677500
0,2397,-10.389900,19.770000
0,2398,-10.389900,19.862500
0,2399,-10.482400,19.955000
0,2400,-10.482400,20.047500
0,2401,-10.482400,20.140000
0,2402,-10.482400,20.232500
0,2403,-10.482400,20.325000
0,2404,-10.482400,20.417500
0,2405,-10.482400,20.510000
0,2406,-10.482400,20.602500
0,2407,-10.482400,20.695000
0,2408,-10.482400,20.787500
0,2409,-10.482400,20.880000
0,2410,-10.482400,20.972500
0,2411,-10.482400,21.065000
0,2412,-10.482400,21.157500
0,2413,-10.482400,21.250000
0,2414,-10.482400,21.342500
0,2415,-10.482400,21.435000
0,2416,-10.482400,21.527500
0,2417,-10.482400,21.620000
0,2418,-10.482400,21.712500
0,2419,-10.482400,21.805000
0,2420,-10.482400,21.897500
0,2421,-10.482400,21.990000
0,2422,-10.482400,22.082500
0,2423,-10.482400,22.175000
0,2424,-10.482400,22.267500
0,2425,-10.482400,22.360000
0,2426,-10.482400,22.452500
0,2427,-10.482400,22.545000
0,2428,-10.482400,22.637500
0,2429,-10.482400,22.730000
0,2430,-10.482400,22.822500
0,2431,-10.482400,22.915000
0,2432,-10.482400,23.007500
0,2433,-10.482400,23.100000
0,2434,-10.482400,23.192500
0,2435,-10.482400,23.285000
0,2436,-10.482400,23.377500
0,2437,-10.482400,23.470000
0,2438,-10.482400,23.562500
0,2439,-10.482400,23.655000
0,2440,-10.482400,23.747500
0,2441,-10.482400,23.840000
0,2442,-10.482400,23.932500
0,2443,-10.482400,24.025000
0,2444,-10.482400,24.117500
0,2445,-10.482400,24.210000
0,2446,-10.482400,24.302500
0,2447,-10.482400,24.395000
0,2448,-10.482400,24.487500
0,2449,-10.482400,24.580000
0,2450,-10.482400,24.672500
0,2451,-10.482400,24.765000
0,2452,-10.482400,24.857500
0,2453,-10.482400,24.950000
0,2454,-10.482400,25.042500
0,2455,-10.482400,25.135000
0,2456,-10.482400,25.227500
0,2457,-10.482400,25.320000
0,2458,-10.482400,25.412500
0,2459,-10.482400,25.505000
0,2460,-10.482400,25.597500
0,2461,-10.482400,25.690000
0,2462,-10.482400,25.782500
0,2463,-10.482400,25.875000
0,2464,-10.482400,25.967500
0,2465,-10.482400,26.060000
0,2466,-10.482400,26.152500
0,2467,-10.482400,26.245000
0,2468,-10.482400,26.337500
0,2469,-10.482400,26.430000
0,2470,-10.482400,26.522500
0,2471,-10.482400,26.615000
0,2472,-10.482400,26.707500
0,2473,-10.482400,26.800000
0,2474,-10.482400,26.892500
0,2475,-10.482400,26.985000
0,2476,-10.482400,27.077500
0,2477,-10.482400,27.170000
0,2478,-10.482400,27.262500
0,2479,-10.482400,27.355000
0,2480,-10.482400,27.447500
0,2481,-10.482400,27.540000
0,2482,-10.482400,27.632500
0,2483,-10.482400,27.725000
0,2484,-10.482400,27.817500
0,2485,-10.482400,27.910000
0,2486,-10.482400,28.002500
0,2487,-10.482400,28.095000
0,2488,-10.482400,28.187500
0,2489,-10.482400,28.280000
0,2490,-10.482400,28.372500
0,2491,-10.482400,28.465000
0,2492,-10.482400,28.557500
0,2493,-10.482400,28.650000
0,2494,-10.482400,28.742500
0,2495,-10.482400,28.835000
0,2496,-10.482400,28.927500
0,2497,-10.482400,29.020000
0,2498,-10.482400,29.112500
0,2499,-10.482400,29.205000
0,2500,-10.482400,29.297500
0,2501,-10.482400,29.390000
0,2502,-10.482400,29.482500
0,2503,-10.482400,29.575000
0,2504,-10.482400,29.667500
0,2505,-10.482400,29.760000
0,2506,-10.482400,29.852500
0,2507,-10.482400,29.945000
0,2508,-10.482400,30.037500
0,2509,-10.482400,30.130000
0,2510,-10.574900,30.222500
0,2511,-10.574900,30.315000
0,2512,-10.574900,30.407500
0,2513,-10.574900,30.500000
0,2514,-10.574900,30.592500
0,2515,-10.574900,30.685000
0,2516,-10.574900,30.777500
0,2517,-10.574900,30.870000
0,2518,-10.574900,30.962500
0,2519,-10.574900,31.055000
0,2520,-10.574900,31.147500
0,2521,-10.574900,31.240000
0,2522,-10.574900,31.332500
0,2523,-10.574900,31.425000
0,2524,-10.574900,31.517500
0,2525,-10.574900,31.610000
0,2526,-10.574900,31.702500
0,2527,-10.574900,31.795000
0,2528,-10.574900,31.887500
0,2529,-10.574900,31.980000
0,2530,-10.574900,32.072500
0,2531,-10.667400,32.165000
0,2532,-10.667400,32.257500
0,2533,-10.667400,32.350000
0,2534,-10.759900,32.442500
0,2535,-10.759900,32.535000
0,2536,-10.852400,32.627500
0,2537,-10.944900,32.720000
0,2538,-11.037400,32.812500
0,2539,-11.129900,32.905000
0,2540,-11.222400,32.997500
0,2541,-11.314900,32.997500
0,2542,-11.407400,32.997500
0,2543,-11.499900,33.090000
0,2544,-11.592400,33.090000
0,2545,-11.684900,33.090000
0,2546,-11.777400,33.090000
0,2547,-11.869900,33.090000
0,2548,-11.962400,33.090000
0,2549,-12.054900,33.090000
0,2550,-12.147400,33.090000
0,2551,-12.239900,32.997500
0,2552,-12.332400,32.997500
0,2553,-12.424900,32.997500
0,2554,-12.517400,32.997500
0,2555,-12.609900,32.905000
0,2556,-12.702400,32.905000
0,2557,-12.794900,32.905000
0,2558,-12.887400,32.812500
0,2559,-12.979900,32.812500
0,2560,-13.072400,32.812500
0,2561,-13.164900,32.720000
0,2562,-13.257400,32.720000
0,2563,-13.349900,32.720000
0,2564,-13.442400,32.627500
0,2565,-13.534900,32.627500
0,2566,-13.627400,32.627500
0,2567,-13.719900,32.535000
0,2568,-13.812400,32.535000
0,2569,-13.904900,32.535000
0,2570,-13.997400,32.535000
0,2571,-14.089900,32.442500
0,2572,-14.182400,32.442500
0,2573,-14.274900,32.442500
0,2574,-14.367400,32.442500
0,2575,-14.459900,32.442500
0,2576,-14.552400,32.442500
0,2577,-14.644900,32.442500
0,2578,-14.737400,32.442500
0,2579,-14.829900,32.442500
0,2580,-14.922400,32.442500
0,2581,-15.014900,32.442500
0,2582,-15.107400,32.442500
0,2583,-15.199900,32.442500
0,2584,-15.292400,32.442500
0,2585,-15.384900,32.442500
0,2586,-15.477400,32.442500
0,2587,-15.569900,32.442500
0,2588,-15.662400,32.535000
0,2589,-15.754900,32.535000
0,2590,-15.847400,32.535000
0,2591,-15.939900,32.535000
0,2592,-16.032400,32.627500
0,2593,-16.124900,32.627500
0,2594,-16.217400,32.627500
0,2595,-16.309900,32.720000
0,2596,-16.402400,32.720000
0,2597,-16.494900,32.720000
0,2598,-16.587400,32.812500
0,2599,-16.679900,32.812500
0,2600,-16.772400,32.905000
0,2601,-16.864900,32.905000
0,2602,-16.957400,32.997500
0,2603,-17.049900,32.997500
0,2604,-17.142400,33.090000
0,2605,-17.234900,33.090000
0,2606,-17.327400,33.182500
0,2607,-17.419900,33.182500
0,2608,-17.512400,33.275000
0,2609,-17.604900,33.275000
0,2610,-17.697400,33.367500
0,2611,-17.789900,33.460000
0,2612,-17.882400,33.460000
0,2613,-17.974900,33.552500
0,2614,-18.067400,33.645000
0,2615,-18.159900,33.737500
0,2616,-18.252400,33.737500
0,2617,-18.344900,33.830000
0,2618,-18.437400,33.922500
0,2619,-18.529900,34.015000
0,2620,-18.622400,34.107500
0,2621,-18.714900,34.200000
0,2622,-18.807400,34.292500
0,2623,-18.899900,34.385000
0,2624,-18.992400,34.477500
0,2625,-19.084900,34.570000
0,2626,-19.177400,34.662500
0,2627,-19.269900,34.755000
0,2628,-19.362400,34.847500
0,2629,-19.454900,34.940000
0,2630,-19.547400,35.032500
0,2631,-19.547400,35.125000
0,2632,-19.639900,35.217500
0,2633,-19.732400,35.310000
0,2634,-19.824900,35.402500
0,2635,-19.824900,35.495000
0,2636,-19.917400,35.587500
0,2637,-20.009900,35.680000
0,2638,-20.009900,35.772500
0,2639,-20.102400,35.865000
0,2640,-20.102400,35.957500
0,2641,-20.194900,36.050000
0,2642,-20.287400,36.142500
0,2643,-20.287400,36.235000
0,2644,-20.379900,36.327500
0,2645,-20.379900,36.420000
0,2646,-20.472400,36.512500
0,2647,-20.472400,36.605000
0,2648,-20.564900,36.697500
0,2649,-20.564900,36.790000
0,2650,-20.657400,36.882500
0,2651,-20.657400,36.975000
0,2652,-20.657400,37.067500
0,2653,-20.749900,37.160000
0,2654,-20.749900,37.252500
0,2655,-20.842400,37.345000
0,2656,-20.842400,37.437500
0,2657,-20.842400,37.530000
0,2658,-20.934900,37.622500
0,2659,-20.934900,37.715000
0,2660,-21.027400,37.807500
0,2661,-21.027400,37.900000
0,2662,-21.027400,37.992500
0,2663,-21.119900,38.085000
0,2664,-21.119900,38.177500
0,2665,-21.119900,38.270000
0,2666,-21.119900,38.362500
0,2667,-21.212400,38.455000
0,2668,-21.212400,38.547500
0,2669,-21.212400,38.640000
0,2670,-21.304900,38.732500
0,2671,-21.304900,38.825000
0,2672,-21.304900,38.917500
0,2673,-21.304900,39.010000
0,2674,-21.397400,39.102500
0,2675,-21.397400,39.195000
0,2676,-21.397400,39.287500
0,2677,-21.397400,39.380000
0,2678,-21.489900,39.472500
0,2679,-21.489900,39.565000
0,2680,-21.489900,39.657500
0,2681,-21.489900,39.750000
0,2682,-21.582400,39.842500
0,2683,-21.582400,39.935000
0,2684,-21.582400,40.027500
0,2685,-21.582400,40.120000
0,2686,-21.582400,40.212500
0,2687,-21.674900,40.305000
0,2688,-21.674900,40.397500
0,2689,-21.674900,40.490000
0,2690,-21.674900,40.582500
0,2691,-21.674900,40.675000
0,2692,-21.767400,40.767500
0,2693,-21.767400,40.860000
0,2694,-21.767400,40.952500
0,2695,-21.767400,41.045000
0,2696,-21.767400,41.137500
0,2697,-21.767400,41.230000
0,2698,-21.859900,41.322500
0,2699,-21.859900,41.415000
0,2700,-21.859900,41.507500
0,2701,-21.859900,41.600000
0,2702,-21.859900,41.692500
0,2703,-21.859900,41.785000
0,2704,-21.952400,41.877500
0,2705,-21.952400,41.970000
0,2706,-21.952400,42.062500
0,2707,-21.952400,42.155000
0,2708,-21.952400,42.247500
0,2709,-22.044900,42.340000
0,2710,-22.044900,42.432500
0,2711,-22.044900,42.525000
0,2712,-22.044900,42.617500
0,2713,-22.044900,42.710000
0,2714,-22.044900,42.802500
0,2715,-22.044900,42.895000
0,2716,-22.137400,42.987500
0,2717,-22.137400,43.080000
0,2718,-22.137400,43.172500
0,2719,-22.137400,43.265000
0,2720,-22.137400,43.357500
0,2721,-22.137400,43.450000
0,2722,-22.229900,43.542500
0,2723,-22.229900,43.635000
0,2724,-22.229900,43.727500
0,2725,-22.229900,43.820000
0,2726,-22.229900,43.912500
0,2727,-22.229900,44.005000
0,2728,-22.229900,44.097500
0,2729,-22.229900,44.190000
0,2730,-22.322400,44.282500
0,2731,-22.322400,44.375000
0,2732,-22.322400,44.467500
0,2733,-22.322400,44.560000
0,2734,-22.322400,44.652500
0,2735,-22.322400,44.745000
0,2736,-22.322400,44.837500
0,2737,-22.322400,44.930000
0,2738,-22.414900,45.022500
0,2739,-22.414900,45.115000
0,2740,-22.414900,45.207500
0,2741,-22.414900,45.300000
0,2742,-22.414900,45.392500
0,2743,-22.414900,45.485000
0,2744,-22.414900,45.577500
0,2745,-22.414900,45.670000
0,2746,-22.414900,45.762500
0,2747,-22.507400,45.855000
0,2748,-22.507400,45.947500
0,2749,-22.507400,46.040000
0,2750,-22.507400,46.132500
0,2751,-22.507400,46.225000
0,2752,-22.507400,46.317500
0,2753,-22.507400,46.410000
0,2754,-22.507400,46.502500
0,2755,-22.507400,46.595000
0,2756,-22.507400,46.687500
0,2757,-22.599900,46.780000
0,2758,-22.599900,46.872500
0,2759,-22.599900,46.965000
0,2760,-22.599900,47.057500
0,2761,-22.599900,47.150000
0,2762,-22.599900,47.242500
0,2763,-22.599900,47.335000
0,2764,-22.599900,47.427500
0,2765,-22.599900,47.520000
0,2766,-22.599900,47.612500
0,2767,-22.599900,47.705000
0,2768,-22.599900,47.797500
0,2769,-22.692400,47.890000
0,2770,-22.692400,47.982500
0,2771,-22.692400,48.075000
0,2772,-22.692400,48.167500
0,2773,-22.692400,48.260000
0,2774,-22.692400,48.352500
0,2775,-22.692400,48.445000
0,2776,-22.692400,48.537500
0,2777,-22.692400,48.630000
0,2778,-22.692400,48.722500
0,2779,-22.692400,48.815000
0,2780,-22.692400,48.907500
0,2781,-22.692400,49.000000
0,2782,-22.784900,49.092500
0,2783,-22.784900,49.185000
0,2784,-22.784900,49.277500
0,2785,-22.784900,49.370000
0,2786,-22.784900,49.462500
0,2787,-22.784900,49.555000
0,2788,-22.784900,49.647500
0,2789,-22.784900,49.740000
0,2790,-22.784900,49.832500
0,2791,-22.784900,49.925000
0,2792,-22.784900,50.017500
0,2793,-22.784900,50.110000
0,2794,-22.784900,50.202500
0,2795,-22.784900,50.295000
0,2796,-22.877400,50.387500
0,2797,-22.877400,50.480000
0,2798,-22.877400,50.572500
0,2799,-22.877400,50.665000
0,2800,-22.877400,50.757500
0,2801,-22.877400,50.850000
0,2802,-22.877400,50.942500
0,2803,-22.877400,51.035000
0,2804,-22.877400,51.127500
0,2805,-22.877400,51.220000
0,2806,-22.877400,51.312500
0,2807,-22.877400,51.405000
0,2808,-22.877400,51.497500
0,2809,-22.969900,51.590000
0,2810,-22.969900,51.682500
0,2811,-22.969900,51.775000
0,2812,-22.969900,51.867500
0,2813,-22.969900,51.960000
0,2814,-22.969900,52.052500
0,2815,-22.969900,52.145000
0,2816,-22.969900,52.237500
0,2817,-22.969900,52.330000
0,2818,-22.969900,52.422500
0,2819,-22.969900,52.515000
0,2820,-22.969900,52.607500
0,2821,-22.969900,52.700000
0,2822,-22.969900,52.792500
0,2823,-23.062400,52.885000
0,2824,-23.062400,52.977500
0,2825,-23.062400,53.070000
0,2826,-23.062400,53.162500
0,2827,-23.062400,53.255000
0,2828,-23.062400,53.347500
0,2829,-23.062400,53.440000
0,2830,-23.062400,53.532500
0,2831,-23.062400,53.625000
0,2832,-23.062400,53.717500
0,2833,-23.062400,53.810000
0,2834,-23.062400,53.902500
0,2835,-23.154900,53.995000
0,2836,-23.154900,54.087500
0,2837,-23.154900,54.180000
0,2838,-23.154900,54.272500
0,2839,-23.154900,54.365000
0,2840,-23.154900,54.457500
0,2841,-23.154900,54.550000
0,2842,-23.154900,54.642500
0,2843,-23.154900,54.735000
0,2844,-23.154900,54.827500
0,2845,-23.154900,54.920000
0,2846,-23.154900,55.012500
0,2847,-23.154900,55.105000
0,2848,-23.247400,55.197500
0,2849,-23.247400,55.290000
0,2850,-23.247400,55.382500
0,2851,-23.247400,55.475000
0,2852,-23.247400,55.567500
0,2853,-23.247400,55.660000
0,2854,-23.247400,55.752500
0,2855,-23.247400,55.845000
0,2856,-23.247400,55.937500
0,2857,-23.247400,56.030000
0,2858,-23.247400,56.122500
0,2859,-23.247400,56.215000
0,2860,-23.247400,56.307500
0,2861,-23.247400,56.400000
0,2862,-23.339900,56.492500
0,2863,-23.339900,56.585000
0,2864,-23.339900,56.677500
0,2865,-23.339900,56.770000
0,2866,-23.339900,56.862500
0,2867,-23.339900,56.955000
0,2868,-23.339900,57.047500
0,2869,-23.339900,57.140000
0,2870,-23.339900,57.232500
0,2871,-23.339900,57.325000
0,2872,-23.339900,57.417500
0,2873,-23.339900,57.510000
0,2874,-23.339900,57.602500
0,2875,-23.339900,57.695000
0,2876,-23.339900,57.787500
0,2877,-23.339900,57.880000
0,2878,-23.339900,57.972500
0,2879,-23.339900,58.065000
0,2880,-23.339900,58.157500
0,2881,-23.339900,58.250000
0,2882,-23.339900,58.342500
0,2883,-23.339900,58.435000
0,2884,-23.339900,58.527500
0,2885,-23.339900,58.620000
0,2886,-23.339900,58.712500
0,2887,-23.339900,58.805000
0,2888,-23.339900,58.897500
0,2889,-23.339900,58.990000
0,2890,-23.339900,59.082500
0,2891,-23.339900,59.175000
0,2892,-23.339900,59.267500
0,2893,-23.339900,59.360000
0,2894,-23.339900,59.452500
0,2895,-23.339900,59.545000
0,2896,-23.339900,59.637500
0,2897,-23.339900,59.730000
0,2898,-23.339900,59.822500
0,2899,-23.339900,59.915000
0,2900,-23.339900,60.007500
0,2901,-23.339900,60.100000
0,2902,-23.339900,60.192500
0,2903,-23.339900,60.285000
0,2904,-23.339900,60.377500
0,2905,-23.339900,60.470000
0,2906,-23.339900,60.562500
0,2907,-23.339900,60.655000
0,2908,-23.339900,60.747500
0,2909,-23.339900,60.840000
0,2910,-23.339900,60.932500
0,2911,-23.339900,61.025000
0,2912,-23.339900,61.117500
0,2913,-23.339900,61.210000
0,2914,-23.339900,61.302500
0,2915,-23.339900,61.395000
0,2916,-23.339900,61.487500
0,2917,-23.339900,61.580000
0,2918,-23.339900,61.672500
0,2919,-23.339900,61.765000
0,2920,-23.339900,61.857500
0,2921,-23.339900,61.950000
0,2922,-23.339900,62.042500
0,2923,-23.339900,62.135000
0,2924,-23.339900,62.227500
0,2925,-23.339900,62.320000
0,2926,-23.339900,62.412500
0,2927,-23.339900,62.505000
0,2928,-23.339900,62.597500
0,2929,-23.339900,62.690000
0,2930,-23.247400,62.782500
0,2931,-23.247400,62.875000
0,2932,-23.247400,62.967500
0,2933,-23.247400,63.060000
0,2934,-23.247400,63.152500
0,2935,-23.247400,63.245000
0,2936,-23.247400,63.337500
0,2937,-23.247400,63.430000
0,2938,-23.247400,63.522500
0,2939,-23.247400,63.615000
0,2940,-23.247400,63.707500
0,2941,-23.247400,63.800000
0,2942,-23.247400,63.892500
0,2943,-23.247400,63.985000
0,2944,-23.247400,64.077500
0,2945,-23.247400,64.170000
0,2946,-23.247400,64.262500
0,2947,-23.247400,64.355000
0,2948,-23.247400,64.447500
0,2949,-23.247400,64.540000
0,2950,-23.154900,64.632500
0,2951,-23.154900,64.725000
0,2952,-23.154900,64.817500
0,2953,-23.154900,64.910000
0,2954,-23.154900,65.002500
0,2955,-23.154900,65.095000
0,2956,-23.154900,65.187500
0,2957,-23.154900,65.280000
0,2958,-23.154900,65.372500
0,2959,-23.154900,65.465000
0,2960,-23.154900,65.557500
0,2961,-23.154900,65.650000
0,2962,-23.154900,65.742500
0,2963,-23.154900,65.835000
0,2964,-23.154900,65.927500
0,2965,-23.154900,66.020000
0,2966,-23.154900,66.112500
0,2967,-23.154900,66.205000
0,2968,-23.062400,66.297500
0,2969,-23.062400,66.390000
0,2970,-23.062400,66.482500
0,2971,-23.062400,66.575000
0,2972,-23.062400,66.667500
0,2973,-23.062400,66.760000
0,2974,-23.062400,66.852500
0,2975,-23.062400,66.945000
0,2976,-23.062400,67.037500
0,2977,-23.062400,67.130000
0,2978,-23.062400,67.222500
0,2979,-23.062400,67.315000
0,2980,-23.062400,67.407500
0,2981,-23.062400,67.500000
0,2982,-23.062400,67.592500
0,2983,-22.969900,67.685000
0,2984,-22.969900,67.777500
0,2985,-22.969900,67.870000
0,2986,-22.969900,67.962500
0,2987,-22.969900,68.055000
0,2988,-22.969900,68.147500
0,2989,-22.969900,68.240000
0,2990,-22.969900,68.332500
0,2991,-22.969900,68.425000
0,2992,-22.969900,68.517500
0,2993,-22.969900,68.610000
0,2994,-22.969900,68.702500
0,2995,-22.969900,68.795000
0,2996,-22.877400,68.887500
0,2997,-22.877400,68.980000
0,2998,-22.877400,69.072500
0,2999,-22.877400,69.165000
0,3000,-22.877400,69.257500
0,3001,-22.877400,69.350000
0,3002,-22.877400,69.442500
0,3003,-22.877400,69.535000
0,3004,-22.877400,69.627500
0,3005,-22.877400,69.720000
0,3006,-22.877400,69.812500
0,3007,-22.784900,69.905000
0,3008,-22.784900,69.997500
0,3009,-22.784900,70.090000
0,3010,-22.784900,70.182500
0,3011,-22.784900,70.275000
0,3012,-22.784900,70.367500
0,3013,-22.784900,70.460000
0,3014,-22.784900,70.552500
0,3015,-22.784900,70.645000
0,3016,-22.784900,70.737500
0,3017,-22.692400,70.830000
0,3018,-22.692400,70.922500
0,3019,-22.692400,71.015000
0,3020,-22.692400,71.107500
0,3021,-22.692400,71.200000
0,3022,-22.692400,71.292500
0,3023,-22.692400,71.385000
0,3024,-22.692400,71.477500
0,3025,-22.692400,71.570000
0,3026,-22.599900,71.662500
0,3027,-22.599900,71.755000
0,3028,-22.599900,71.847500
0,3029,-22.599900,71.940000
0,3030,-22.599900,72.032500
0,3031,-22.599900,72.125000
0,3032,-22.599900,72.217500
0,3033,-22.599900,72.310000
0,3034,-22.507400,72.402500
0,3035,-22.507400,72.495000
0,3036,-22.507400,72.587500
0,3037,-22.507400,72.680000
0,3038,-22.507400,72.772500
0,3039,-22.507400,72.865000
0,3040,-22.507400,72.957500
0,3041,-22.414900,73.050000
0,3042,-22.414900,73.142500
0,3043,-22.414900,73.235000
0,3044,-22.414900,73.327500
0,3045,-22.414900,73.420000
0,3046,-22.414900,73.512500
0,3047,-22.414900,73.605000
0,3048,-22.322400,73.697500
0,3049,-22.322400,73.790000
0,3050,-22.322400,73.882500
0,3051,-22.322400,73.975000
0,3052,-22.322400,74.067500
0,3053,-22.322400,74.160000
0,3054,-22.229900,74.252500
0,3055,-22.229900,74.345000
0,3056,-22.229900,74.437500
0,3057,-22.229900,74.530000
0,3058,-22.229900,74.622500
0,3059,-22.229900,74.715000
0,3060,-22.137400,74.807500
0,3061,-22.137400,74.900000
0,3062,-22.137400,74.992500
0,3063,-22.137400,75.085000
0,3064,-22.137400,75.177500
0,3065,-22.044900,75.270000
0,3066,-22.044900,75.362500
0,3067,-22.044900,75.455000
0,3068,-22.044900,75.547500
0,3069,-22.044900,75.640000
0,3070,-21.952400,75.732500
0,3071,-21.952400,75.825000
0,3072,-21.952400,75.917500
0,3073,-21.952400,76.010000
0,3074,-21.952400,76.102500
0,3075,-21.859900,76.195000
0,3076,-21.859900,76.287500
0,3077,-21.859900,76.380000
0,3078,-21.859900,76.472500
0,3079,-21.859900,76.565000
0,3080,-21.767400,76.657500
0,3081,-21.767400,76.750000
0,3082,-21.767400,76.842500
0,3083,-21.767400,76.935000
0,3084,-21.674900,77.027500
0,3085,-21.674900,77.120000
0,3086,-21.674900,77.212500
0,3087,-21.674900,77.305000
0,3088,-21.674900,77.397500
0,3089,-21.582400,77.490000
0,3090,-21.582400,77.582500
0,3091,-21.582400,77.675000
0,3092,-21.582400,77.767500
0,3093,-21.489900,77.860000
0,3094,-21.489900,77.952500
0,3095,-21.489900,78.045000
0,3096,-21.489900,78.137500
0,3097,-21.397400,78.230000
0,3098,-21.397400,78.322500
0,3099,-21.397400,78.415000
0,3100,-21.397400,78.507500
0,3101,-21.304900,78.600000
0,3102,-21.304900,78.692500
0,3103,-21.304900,78.785000
0,3104,-21.304900,78.877500
0,3105,-21.212400,78.970000
0,3106,-21.212400,79.062500
0,3107,-21.212400,79.155000
0,3108,-21.212400,79.247500
0,3109,-21.119900,79.340000
0,3110,-21.119900,79.432500
0,3111,-21.119900,79.525000
0,3112,-21.119900,79.617500
0,3113,-21.027400,79.710000
0,3114,-21.027400,79.802500
0,3115,-21.027400,79.895000
0,3116,-21.027400,79.987500
0,3117,-20.934900,80.080000
0,3118,-20.934900,80.172500
0,3119,-20.934900,80.265000
0,3120,-20.934900,80.357500
0,3121,-20.842400,80.450000
0,3122,-20.842400,80.542500
0,3123,-20.842400,80.635000
0,3124,-20.842400,80.727500
0,3125,-20.749900,80.820000
0,3126,-20.749900,80.912500
0,3127,-20.749900,81.005000
0,3128,-20.749900,81.097500
0,3129,-20.657400,81.190000
0,3130,-20.657400,81.282500
0,3131,-20.657400,81.375000
0,3132,-20.657400,81.467500
0,3133,-20.564900,81.560000
0,3134,-20.564900,81.652500
0,3135,-20.564900,81.745000
0,3136,-20.564900,81.837500
0,3137,-20.472400,81.930000
0,3138,-20.472400,82.022500
0,3139,-20.472400,82.115000
0,3140,-20.472400,82.207500
0,3141,-20.379900,82.300000
0,3142,-20.379900,82.392500
0,3143,-20.379900,82.485000
0,3144,-20.379900,82.577500
0,3145,-20.287400,82.670000
0,3146,-20.287400,82.762500
0,3147,-20.287400,82.855000
0,3148,-20.287400,82.947500
0,3149,-20.194900,83.040000
0,3150,-20.194900,83.132500
0,3151,-20.194900,83.225000
0,3152,-20.194900,83.317500
0,3153,-20.102400,83.410000
0,3154,-20.102400,83.502500
0,3155,-20.102400,83.595000
0,3156,-20.009900,83.687500
0,3157,-20.009900,83.780000
0,3158,-20.009900,83.872500
0,3159,-20.009900,83.965000
0,3160,-19.917400,84.057500
0,3161,-19.917400,84.150000
0,3162,-19.917400,84.242500
0,3163,-19.917400,84.335000
0,3164,-19.824900,84.427500
0,3165,-19.824900,84.520000
0,3166,-19.824900,84.612500
0,3167,-19.824900,84.705000
0,3168,-19.732400,84.797500
0,3169,-19.732400,84.890000
0,3170,-19.732400,84.982500
0,3171,-19.732400,85.075000
0,3172,-19.639900,85.167500
0,3173,-19.639900,85.260000
0,3174,-19.639900,85.352500
0,3175,-19.639900,85.445000
0,3176,-19.547400,85.537500
0,3177,-19.547400,85.630000
0,3178,-19.547400,85.722500
0,3179,-19.547400,85.815000
0,3180,-19.454900,85.907500
0,3181,-19.454900,86.000000
0,3182,-19.454900,86.092500
0,3183,-19.454900,86.185000
0,3184,-19.362400,86.277500
0,3185,-19.362400,86.370000
0,3186,-19.362400,86.462500
0,3187,-19.362400,86.555000
0,3188,-19.269900,86.647500
0,3189,-19.269900,86.740000
0,3190,-19.269900,86.832500
0,3191,-19.269900,86.925000
0,3192,-19.177400,87.017500
0,3193,-19.177400,87.110000
0,3194,-19.177400,87.202500
0,3195,-19.177400,87.295000
0,3196,-19.084900,87.387500
0,3197,-19.084900,87.480000
0,3198,-19.084900,87.572500
0,3199,-19.084900,87.665000
0,3200,-18.992400,87.757500
0,3201,-18.992400,87.850000
0,3202,-18.992400,87.942500
0,3203,-18.992400,88.035000
0,3204,-18.899900,88.127500
0,3205,-18.899900,88.220000
0,3206,-18.899900,88.312500
0,3207,-18.807400,88.405000
0,3208,-18.807400,88.497500
0,3209,-18.807400,88.590000
0,3210,-18.807400,88.682500
0,3211,-18.714900,88.775000
0,3212,-18.714900,88.867500
0,3213,-18.714900,88.960000
0,3214,-18.714900,89.052500
0,3215,-18.622400,89.145000
0,3216,-18.622400,89.237500
0,3217,-18.622400,89.330000
0,3218,-18.529900,89.422500
0,3219,-18.529900,89.515000
0,3220,-18.529900,89.607500
0,3221,-18.437400,89.700000
0,3222,-18.437400,89.792500
0,3223,-18.344900,89.885000
0,3224,-18.344900,89.977500
0,3225,-18.252400,90.070000
0,3226,-18.159900,90.162500
0,3227,-18.067400,90.255000
0,3228,-17.974900,90.347500
0,3229,-17.974900,90.440000
0,3230,-17.882400,90.440000
0,3231,-17.789900,90.532500
0,3232,-17.697400,90.625000
0,3233,-17.604900,90.625000
0,3234,-17.512400,90.717500
0,3235,-17.419900,90.717500
0,3236,-17.327400,90.810000
0,3237,-17.234900,90.810000
0,3238,-17.142400,90.810000
0,3239,-17.049900,90.902500
0,3240,-16.957400,90.902500
0,3241,-16.864900,90.902500
0,3242,-16.772400,90.902500
0,3243,-16.679900,90.902500
0,3244,-16.587400,90.995000
0,3245,-16.494900,90.995000
0,3246,-16.402400,90.995000
0,3247,-16.309900,90.995000
0,3248,-16.217400,90.995000
0,3249,-16.124900,90.995000
0,3250,-16.032400,90.995000
0,3251,-15.939900,90.995000
0,3252,-15.847400,90.995000
0,3253,-15.754900,90.995000
0,3254,-15.662400,90.995000
0,3255,-15.569900,90.995000
0,3256,-15.477400,90.995000
0,3257,-15.384900,90.995000
0,3258,-15.292400,90.995000
0,3259,-15.199900,90.995000
0,3260,-15.107400,90.995000
0,3261,-15.014900,90.995000
0,3262,-14.922400,91.087500
0,3263,-14.829900,91.087500
0,3264,-14.737400,91.087500
0,3265,-14.644900,91.087500
0,3266,-14.552400,91.087500
0,3267,-14.459900,91.180000
0,3268,-14.367400,91.180000
0,3269,-14.274900,91.272500
0,3270,-14.182400,91.272500
0,3271,-14.089900,91.365000
0,3272,-13.997400,91.365000
0,3273,-13.904900,91.457500
0,3274,-13.812400,91.457500
0,3275,-13.719900,91.550000
0,3276,-13.627400,91.642500
0,3277,-13.534900,91.735000
0,3278,-13.442400,91.827500
0,3279,-13.349900,91.920000
0,3280,-13.257400,92.012500
0,3281,-13.164900,92.105000
0,3282,-13.072400,92.197500
0,3283,-12.979900,92.290000
0,3284,-12.887400,92.382500
0,3285,-12.887400,92.475000
0,3286,-12.794900,92.567500
0,3287,-12.702400,92.660000
0,3288,-12.702400,92.752500
0,3289,-12.609900,92.845000
0,3290,-12.609900,92.937500
0,3291,-12.517400,93.030000
0,3292,-12.517400,93.122500
0,3293,-12.424900,93.215000
0,3294,-12.424900,93.307500
0,3295,-12.332400,93.400000
0,3296,-12.332400,93.492500
0,3297,-12.239900,93.585000
0,3298,-12.239900,93.677500
0,3299,-12.147400,93.770000
0,3300,-12.147400,93.862500
0,3301,-12.147400,93.955000
0,3302,-12.054900,94.047500
0,3303,-12.054900,94.140000
0,3304,-11.962400,94.232500
0,3305,-11.962400,94.325000
0,3306,-11.962400,94.417500
0,3307,-11.869900,94.510000
0,3308,-11.869900,94.602500
0,3309,-11.869900,94.695000
0,3310,-11.777400,94.787500
0,3311,-11.777400,94.880000
0,3312,-11.777400,94.972500
0,3313,-11.684900,95.065000
0,3314,-11.684900,95.157500
0,3315,-11.684900,95.250000
0,3316,-11.592400,95.342500
0,3317,-11.592400,95.435000
0,3318,-11.592400,95.527500
0,3319,-11.592400,95.620000
0,3320,-11.499900,95.712500
0,3321,-11.499900,95.805000
0,3322,-11.499900,95.897500
0,3323,-11.407400,95.990000
0,3324,-11.407400,96.082500
0,3325,-11.407400,96.175000
0,3326,-11.407400,96.267500
0,3327,-11.314900,96.360000
0,3328,-11.314900,96.452500
0,3329,-11.314900,96.545000
0,3330,-11.314900,96.637500
0,3331,-11.222400,96.730000
0,3332,-11.222400,96.822500
0,3333,-11.222400,96.915000
0,3334,-11.222400,97.007500
0,3335,-11.129900,97.100000
0,3336,-11.129900,97.192500
0,3337,-11.129900,97.285000
0,3338,-11.037400,97.377500
0,3339,-11.037400,97.470000
0,3340,-11.037400,97.562500
0,3341,-11.037400,97.655000
0,3342,-10.944900,97.747500
0,3343,-10.944900,97.840000
0,3344,-10.944900,97.932500
0,3345,-10.944900,98.025000
0,3346,-10.852400,98.117500
0,3347,-10.852400,98.210000
0,3348,-10.852400,98.302500
0,3349,-10.759900,98.395000
0,3350,-10.759900,98.487500
0,3351,-10.759900,98.580000
0,3352,-10.759900,98.672500
0,3353,-10.667400,98.765000
0,3354,-10.667400,98.857500
0,3355,-10.667400,98.950000
0,3356,-10.667400,99.042500
0,3357,-10.574900,99.135000
0,3358,-10.574900,99.227500
0,3359,-10.574900,99.320000
0,3360,-10.574900,99.412500
0,3361,-10.482400,99.505000
0,3362,-10.482400,99.597500
0,3363,-10.482400,99.690000
0,3364,-10.389900,99.782500
0,3365,-10.389900,99.875000
0,3366,-10.389900,99.967500
0,3367,-10.389900,100.060000
0,3368,-10.297400,100.152500
0,3369,-10.297400,100.245000
0,3370,-10.297400,100.337500
0,3371,-10.297400,100.430000
0,3372,-10.204900,100.522500
0,3373,-10.204900,100.615000
0,3374,-10.204900,100.707500
0,3375,-10.204900,100.800000
0,3376,-10.112400,100.892500
0,3377,-10.112400,100.985000
0,3378,-10.112400,101.077500
0,3379,-10.112400,101.170000
0,3380,-10.019900,101.262500
0,3381,-10.019900,101.355000
0,3382,-10.019900,101.447500
0,3383,-10.019900,101.540000
0,3384,-9.927400,101.632500
0,3385,-9.927400,101.725000
0,3386,-9.927400,101.817500
0,3387,-9.927400,101.910000
0,3388,-9.834900,102.002500
0,3389,-9.834900,102.095000
0,3390,-9.834900,102.187500
0,3391,-9.834900,102.280000
0,3392,-9.742400,102.372500
0,3393,-9.742400,102.465000
0,3394,-9.742400,102.557500
0,3395,-9.742400,102.650000
0,3396,-9.742400,102.742500
0,3397,-9.649900,102.835000
0,3398,-9.649900,102.927500
0,3399,-9.649900,103.020000
0,3400,-9.649900,103.112500
0,3401,-9.557400,103.205000
0,3402,-9.557400,103.297500
0,3403,-9.557400,103.390000
0,3404,-9.557400,103.482500
0,3405,-9.557400,103.575000
0,3406,-9.464900,103.667500
0,3407,-9.464900,103.760000
0,3408,-9.464900,103.852500
0,3409,-9.464900,103.945000
0,3410,-9.464900,104.037500
0,3411,-9.372400,104.130000
0,3412,-9.372400,104.222500
0,3413,-9.372400,104.315000
0,3414,-9.372400,104.407500
0,3415,-9.372400,104.500000
0,3416,-9.279900,104.592500
0,3417,-9.279900,104.685000
0,3418,-9.279900,104.777500
0,3419,-9.279900,104.870000
0,3420,-9.187400,104.962500
0,3421,-9.187400,105.055000
0,3422,-9.187400,105.147500
0,3423,-9.187400,105.240000
0,3424,-9.187400,105.332500
0,3425,-9.094900,105.425000
0,3426,-9.094900,105.517500
0,3427,-9.094900,105.610000
0,3428,-9.094900,105.702500
0,3429,-9.094900,105.795000
0,3430,-9.094900,105.887500
0,3431,-9.002400,105.980000
0,3432,-9.002400,106.072500
0,3433,-9.002400,106.165000
0,3434,-9.002400,106.257500
0,3435,-9.002400,106.350000
0,3436,-8.909900,106.442500
0,3437,-8.909900,106.535000
0,3438,-8.909900,106.627500
0,3439,-8.909900,106.720000
0,3440,-8.909900,106.812500
0,3441,-8.817400,106.905000
0,3442,-8.817400,106.997500
0,3443,-8.817400,107.090000
0,3444,-8.817400,107.182500
0,3445,-8.817400,107.275000
0,3446,-8.724900,107.367500
0,3447,-8.724900,107.460000
0,3448,-8.724900,107.552500
0,3449,-8.724900,107.645000
0,3450,-8.724900,107.737500
0,3451,-8.724900,107.830000
0,3452,-8.632400,107.922500
0,3453,-8.632400,108.015000
0,3454,-8.632400,108.107500
0,3455,-8.632400,108.200000
0,3456,-8.632400,108.292500
0,3457,-8.539900,108.385000
0,3458,-8.539900,108.477500
0,3459,-8.539900,108.570000
0,3460,-8.539900,108.662500
0,3461,-8.539900,108.755000
0,3462,-8.539900,108.847500
0,3463,-8.447400,108.940000
0,3464,-8.447400,109.032500
0,3465,-8.447400,109.125000
0,3466,-8.447400,109.217500
0,3467,-8.447400,109.310000
0,3468,-8.354900,109.402500
0,3469,-8.354900,109.495000
0,3470,-8.354900,109.587500
0,3471,-8.354900,109.680000
0,3472,-8.354900,109.772500
0,3473,-8.354900,109.865000
0,3474,-8.262400,109.957500
0,3475,-8.262400,110.050000
0,3476,-8.262400,110.142500
0,3477,-8.262400,110.235000
0,3478,-8.262400,110.327500
0,3479,-8.262400,110.420000
0,3480,-8.169900,110.512500
0,3481,-8.169900,110.605000
0,3482,-8.169900,110.697500
0,3483,-8.169900,110.790000
0,3484,-8.169900,110.882500
0,3485,-8.169900,110.975000
0,3486,-8.077400,111.067500
0,3487,-8.077400,111.160000
0,3488,-8.077400,111.252500
0,3489,-8.077400,111.345000
0,3490,-8.077400,111.437500
0,3491,-7.984900,111.530000
0,3492,-7.984900,111.622500
0,3493,-7.984900,111.715000
0,3494,-7.984900,111.807500
0,3495,-7.984900,111.900000
0,3496,-7.984900,111.992500
0,3497,-7.892400,112.085000
0,3498,-7.892400,112.177500
0,3499,-7.892400,112.270000
0,3500,-7.892400,112.362500
0,3501,-7.892400,112.455000
0,3502,-7.892400,112.547500
0,3503,-7.799900,112.640000
0,3504,-7.799900,112.732500
0,3505,-7.799900,112.825000
0,3506,-7.799900,112.917500
0,3507,-7.799900,113.010000
0,3508,-7.799900,113.102500
0,3509,-7.707400,113.195000
0,3510,-7.707400,113.287500
0,3511,-7.707400,113.380000
0,3512,-7.707400,113.472500
0,3513,-7.707400,113.565000
0,3514,-7.707400,113.657500
0,3515,-7.614900,113.750000
0,3516,-7.614900,113.842500
0,3517,-7.614900,113.935000
0,3518,-7.614900,114.027500
0,3519,-7.614900,114.120000
0,3520,-7.614900,114.212500
0,3521,-7.614900,114.305000
0,3522,-7.522400,114.397500
0,3523,-7.522400,114.490000
0,3524,-7.522400,114.582500
0,3525,-7.522400,114.675000
0,3526,-7.522400,114.767500
0,3527,-7.522400,114.860000
0,3528,-7.522400,114.952500
0,3529,-7.429900,115.045000
0,3530,-7.429900,115.137500
0,3531,-7.429900,115.230000
0,3532,-7.429900,115.322500
0,3533,-7.429900,115.415000
0,3534,-7.429900,115.507500
0,3535,-7.429900,115.600000
0,3536,-7.429900,115.692500
0,3537,-7.337400,115.785000
0,3538,-7.337400,115.877500
0,3539,-7.337400,115.970000
0,3540,-7.337400,116.062500
0,3541,-7.337400,116.155000
0,3542,-7.337400,116.247500
0,3543,-7.337400,116.340000
0,3544,-7.337400,116.432500
0,3545,-7.244900,116.525000
0,3546,-7.244900,116.617500
0,3547,-7.244900,116.710000
0,3548,-7.244900,116.802500
0,3549,-7.244900,116.895000
0,3550,-7.244900,116.987500
0,3551,-7.244900,117.080000
0,3552,-7.244900,117.172500
0,3553,-7.244900,117.265000
0,3554,-7.244900,117.357500
0,3555,-7.244900,117.450000
0,3556,-7.152400,117.542500
0,3557,-7.152400,117.635000
0,3558,-7.152400,117.727500
0,3559,-7.152400,117.820000
0,3560,-7.152400,117.912500
0,3561,-7.152400,118.005000
0,3562,-7.152400,118.097500
0,3563,-7.152400,118.190000
0,3564,-7.152400,118.282500
0,3565,-7.152400,118.375000
0,3566,-7.152400,118.467500
0,3567,-7.152400,118.560000
0,3568,-7.152400,118.652500
0,3569,-7.152400,118.745000
0,3570,-7.059900,118.837500
0,3571,-7.059900,118.930000
0,3572,-7.059900,119.022500
0,3573,-7.059900,119.115000
0,3574,-7.059900,119.207500
0,3575,-7.059900,119.300000
0,3576,-7.059900,119.392500
0,3577,-7.059900,119.485000
0,3578,-7.059900,119.577500
0,3579,-7.059900,119.670000
0,3580,-7.059900,119.762500
0,3581,-7.059900,119.855000
0,3582,-7.059900,119.947500
0,3583,-7.059900,120.040000
0,3584,-7.059900,120.132500
0,3585,-7.059900,120.225000
0,3586,-7.059900,120.317500
0,3587,-7.059900,120.410000
0,3588,-7.059900,120.502500
0,3589,-7.059900,120.595000
0,3590,-7.059900,120.687500
0,3591,-7.059900,120.780000
0,3592,-6.967400,120.872500
0,3593,-6.967400,120.965000
0,3594,-6.967400,121.057500
0,3595,-6.967400,121.150000
0,3596,-6.967400,121.242500
0,3597,-6.967400,121.335000
0,3598,-6.967400,121.427500
0,3599,-6.967400,121.520000
0,3600,-6.967400,121.612500
0,3601,-6.967400,121.705000
0,3602,-6.967400,121.797500
0,3603,-6.967400,121.890000
0,3604,-6.967400,121.982500
0,3605,-6.967400,122.075000
0,3606,-6.967400,122.167500
0,3607,-6.967400,122.260000
0,3608,-6.967400,122.352500
0,3609,-6.967400,122.445000
0,3610,-6.967400,122.537500
0,3611,-6.967400,122.630000
0,3612,-6.967400,122.722500
0,3613,-6.967400,122.815000
0,3614,-6.967400,122.907500
0,3615,-6.967400,123.000000
0,3616,-6.967400,123.092500
0,3617,-6.967400,123.185000
0,3618,-6.967400,123.277500
0,3619,-6.967400,123.370000
0,3620,-6.967400,123.462500
0,3621,-6.967400,123.555000
0,3622,-6.967400,123.647500
0,3623,-6.967400,123.740000
0,3624,-6.967400,123.832500
0,3625,-6.967400,123.925000
0,3626,-6.967400,124.017500
0,3627,-6.967400,124.110000
0,3628,-6.967400,124.202500
0,3629,-6.967400,124.295000
0,3630,-6.967400,124.387500
0,3631,-6.967400,124.480000
0,3632,-6.967400,124.572500
0,3633,-6.967400,124.665000
0,3634,-6.967400,124.757500
0,3635,-6.967400,124.850000
0,3636,-6.967400,124.942500
0,3637,-6.967400,125.035000
0,3638,-6.967400,125.127500
0,3639,-6.967400,125.220000
0,3640,-6.967400,125.312500
0,3641,-6.967400,125.405000
0,3642,-6.967400,125.497500
0,3643,-7.059900,125.590000
0,3644,-7.059900,125.682500
0,3645,-7.059900,125.775000
0,3646,-7.059900,125.867500
0,3647,-7.059900,125.960000
0,3648,-7.059900,126.052500
0,3649,-7.059900,126.145000
0,3650,-7.059900,126.237500
0,3651,-7.059900,126.330000
0,3652,-7.059900,126.422500
0,3653,-7.059900,126.515000
0,3654,-7.059900,126.607500
0,3655,-7.059900,126.700000
0,3656,-7.059900,126.792500
0,3657,-7.059900,126.885000
0,3658,-7.152400,126.977500
0,3659,-7.152400,127.070000
0,3660,-7.152400,127.162500
0,3661,-7.152400,127.255000
0,3662,-7.152400,127.347500
0,3663,-7.152400,127.440000
0,3664,-7.152400,127.532500
0,3665,-7.152400,127.625000
0,3666,-7.152400,127.717500
0,3667,-7.244900,127.810000
0,3668,-7.244900,127.902500
0,3669,-7.244900,127.995000
0,3670,-7.244900,128.087500
0,3671,-7.244900,128.180000
0,3672,-7.244900,128.272500
0,3673,-7.244900,128.365000
0,3674,-7.337400,128.457500
0,3675,-7.337400,128.550000
0,3676,-7.337400,128.642500
0,3677,-7.337400,128.735000
0,3678,-7.337400,128.827500
0,3679,-7.429900,128.920000
0,3680,-7.429900,129.012500
0,3681,-7.429900,129.105000
0,3682,-7.429900,129.197500
0,3683,-7.429900,129.290000
0,3684,-7.429900,129.382500
0,3685,-7.522400,129.475000
0,3686,-7.522400,129.567500
0,3687,-7.522400,129.660000
0,3688,-7.522400,129.752500
0,3689,-7.522400,129.845000
0,3690,-7.614900,129.937500
0,3691,-7.614900,130.030000
0,3692,-7.614900,130.122500
0,3693,-7.614900,130.215000
0,3694,-7.614900,130.307500
0,3695,-7.707400,130.400000
0,3696,-7.707400,130.492500
0,3697,-7.707400,130.585000
0,3698,-7.707400,130.677500
0,3699,-7.799900,130.770000
0,3700,-7.799900,130.862500
0,3701,-7.799900,130.955000
0,3702,-7.799900,131.047500
0,3703,-7.799900,131.140000
0,3704,-7.892400,131.232500
0,3705,-7.892400,131.325000
0,3706,-7.892400,131.417500
0,3707,-7.892400,131.510000
0,3708,-7.984900,131.602500
0,3709,-7.984900,131.695000
0,3710,-7.984900,131.787500
0,3711,-7.984900,131.880000
0,3712,-8.077400,131.972500
0,3713,-8.077400,132.065000
0,3714,-8.077400,132.157500
0,3715,-8.077400,132.250000
0,3716,-8.077400,132.342500
0,3717,-8.169900,132.435000
0,3718,-8.169900,132.527500
0,3719,-8.169900,132.620000
0,3720,-8.169900,132.712500
0,3721,-8.262400,132.805000
0,3722,-8.262400,132.897500
0,3723,-8.262400,132.990000
0,3724,-8.262400,133.082500
0,3725,-8.354900,133.175000
0,3726,-8.354900,133.267500
0,3727,-8.354900,133.360000
0,3728,-8.354900,133.452500
0,3729,-8.447400,133.545000
0,3730,-8.447400,133.637500
0,3731,-8.447400,133.730000
0,3732,-8.447400,133.822500
0,3733,-8.447400,133.915000
0,3734,-8.539900,134.007500
0,3735,-8.539900,134.100000
0,3736,-8.539900,134.192500
0,3737,-8.539900,134.285000
0,3738,-8.632400,134.377500
0,3739,-8.632400,134.470000
0,3740,-8.632400,134.562500
0,3741,-8.632400,134.655000
0,3742,-8.724900,134.747500
0,3743,-8.724900,134.840000
0,3744,-8.724900,134.932500
0,3745,-8.724900,135.025000
0,3746,-8.817400,135.117500
0,3747,-8.817400,135.210000
0,3748,-8.817400,135.302500
0,3749,-8.817400,135.395000
0,3750,-8.817400,135.487500
0,3751,-8.909900,135.580000
0,3752,-8.909900,135.672500
0,3753,-8.909900,135.765000
0,3754,-8.909900,135.857500
0,3755,-9.002400,135.950000
0,3756,-9.002400,136.042500
0,3757,-9.002400,136.135000
0,3758,-9.002400,136.227500
0,3759,-9.094900,136.320000
0,3760,-9.094900,136.412500
0,3761,-9.094900,136.505000
0,3762,-9.094900,136.597500
0,3763,-9.187400,136.690000
0,3764,-9.187400,136.782500
0,3765,-9.187400,136.875000
0,3766,-9.187400,136.967500
0,3767,-9.187400,137.060000
0,3768,-9.279900,137.152500
0,3769,-9.279900,137.245000
0,3770,-9.279900,137.337500
0,3771,-9.279900,137.430000
0,3772,-9.372400,137.522500
0,3773,-9.372400,137.615000
0,3774,-9.372400,137.707500
0,3775,-9.372400,137.800000
0,3776,-9.464900,137.892500
0,3777,-9.464900,137.985000
0,3778,-9.464900,138.077500
0,3779,-9.464900,138.170000
0,3780,-9.557400,138.262500
0,3781,-9.557400,138.355000
0,3782,-9.557400,138.447500
0,3783,-9.557400,138.540000
0,3784,-9.557400,138.632500
0,3785,-9.649900,138.725000
0,3786,-9.649900,138.817500
0,3787,-9.649900,138.910000
0,3788,-9.649900,139.002500
0,3789,-9.742400,139.095000
0,3790,-9.742400,139.187500
0,3791,-9.742400,139.280000
0,3792,-9.742400,139.372500
0,3793,-9.834900,139.465000
0,3794,-9.834900,139.557500
0,3795,-9.834900,139.650000
0,3796,-9.834900,139.742500
0,3797,-9.834900,139.835000
0,3798,-9.927400,139.927500
0,3799,-9.927400,140.020000
0,3800,-9.927400,140.112500
0,3801,-9.927400,140.205000
0,3802,-9.927400,140.297500
0,3803,-9.927400,140.390000
0,3804,-10.019900,140.482500
0,3805,-10.019900,140.575000
0,3806,-10.019900,140.667500
0,3807,-10.019900,140.760000
0,3808,-10.019900,140.852500
0,3809,-10.019900,140.945000
0,3810,-10.019900,141.037500
0,3811,-10.019900,141.130000
0,3812,-10.019900,141.222500
0,3813,-10.019900,141.315000
0,3814,-10.019900,141.407500
0,3815,-10.019900,141.500000
0,3816,-9.927400,141.592500
0,3817,-9.927400,141.685000
0,3818,-9.927400,141.777500
0,3819,-9.927400,141.870000
0,3820,-9.927400,141.962500
0,3821,-9.834900,142.055000
0,3822,-9.834900,142.147500
0,3823,-9.742400,142.240000
0,3824,-9.742400,142.332500
0,3825,-9.649900,142.425000
0,3826,-9.649900,142.517500
0,3827,-9.557400,142.610000
0,3828,-9.464900,142.702500
0,3829,-9.372400,142.795000
0,3830,-9.279900,142.887500
0,3831,-9.187400,142.980000
0,3832,-9.094900,143.072500
0,3833,-9.002400,143.165000
0,3834,-8.909900,143.165000
0,3835,-8.817400,143.257500
0,3836,-8.724900,143.257500
0,3837,-8.632400,143.350000
0,3838,-8.539900,143.350000
0,3839,-8.447400,143.442500
0,3840,-8.354900,143.442500
0,3841,-8.262400,143.442500
0,3842,-8.169900,143.535000
0,3843,-8.077400,143.535000
0,3844,-7.984900,143.535000
0,3845,-7.892400,143.535000
0,3846,-7.799900,143.535000
0,3847,-7.707400,143.627500
0,END,NaN,NaN
1,BEGIN,NaN,NaN
1,0,-7.614900,141.500000
1,1,-7.522400,141.500000
1,2,-7.429900,141.500000
1,3,-7.337400,141.500000
1,4,-7.244900,141.407500
1,5,-7.152400,141.407500
1,6,-7.059900,141.315000
1,7,-6.967400,141.222500
1,8,-6.874900,141.130000
1,9,-6.874900,141.037500
1,10,-6.874900,140.945000
1,11,-6.782400,140.852500
1,12,-6.782400,140.760000
1,13,-6.782400,140.667500
1,14,-6.689900,140.575000
1,15,-6.689900,140.482500
1,16,-6.689900,140.390000
1,17,-6.689900,140.297500
1,18,-6.597400,140.205000
1,19,-6.597400,140.112500
1,20,-6.597400,140.020000
1,21,-6.597400,139.927500
1,22,-6.504900,139.835000
1,23,-6.504900,139.742500
1,24,-6.504900,139.650000
1,25,-6.504900,139.557500
1,26,-6.412400,139.465000
1,27,-6.412400,139.372500
1,28,-6.412400,139.280000
1,29,-6.412400,139.187500
1,30,-6.412400,139.095000
1,31,-6.319900,139.002500
1,32,-6.319900,138.910000
1,33,-6.319900,138.817500
1,34,-6.319900,138.725000
1,35,-6.227400,138.632500
1,36,-6.227400,138.540000
1,37,-6.227400,138.447500
1,38,-6.227400,138.355000
1,39,-6.227400,138.262500
1,40,-6.227400,138.170000
1,41,-6.134900,138.077500
1,42,-6.134900,137.985000
1,43,-6.134900,137.892500
1,44,-6.134900,137.800000
1,45,-6.134900,137.707500
1,46,-6.134900,137.615000
1,47,-6.134900,137.522500
1,48,-6.134900,137.430000
1,49,-6.134900,137.337500
1,50,-6.134900,137.245000
1,51,-6.134900,137.152500
1,52,-6.042400,137.060000
1,53,-6.042400,136.967500
1,54,-6.042400,136.875000
1,55,-6.042400,136.782500
1,56,-6.042400,136.690000
1,57,-6.042400,136.597500
1,58,-6.042400,136.505000
1,59,-6.042400,136.412500
1,60,-6.042400,136.320000
1,61,-6.042400,136.227500
1,62,-6.042400,136.135000
1,63,-6.042400,136.042500
1,64,-6.042400,135.950000
1,65,-6.042400,135.857500
1,66,-6.042400,135.765000
1,67,-6.042400,135.672500
1,68,-5.949900,135.580000
1,69,-5.949900,135.487500
1,70,-5.949900,135.395000
1,71,-5.949900,135.302500
1,72,-5.949900,135.210000
1,73,-5.949900,135.117500
1,74,-5.949900,135.025000
1,75,-5.949900,134.932500
1,76,-5.949900,134.840000
1,77,-5.949900,134.747500
1,78,-5.857400,134.655000
1,79,-5.857400,134.562500
1,80,-5.857400,134.470000
1,81,-5.857400,134.377500
1,82,-5.857400,134.285000
1,83,-5.857400,134.192500
1,84,-5.857400,134.100000
1,85,-5.764900,134.007500
1,86,-5.764900,133.915000
1,87,-5.764900,133.822500
1,88,-5.764900,133.730000
1,89,-5.764900,133.637500
1,90,-5.672400,133.545000
1,91,-5.672400,133.452500
1,92,-5.672400,133.360000
1,93,-5.672400,133.267500
1,94,-5.579900,133.175000
1,95,-5.579900,133.082500
1,96,-5.579900,132.990000
1,97,-5.579900,132.897500
1,98,-5.487400,132.805000
1,99,-5.487400,132.712500
1,100,-5.487400,132.620000
1,101,-5.394900,132.527500
1,102,-5.394900,132.435000
1,103,-5.394900,132.342500
1,104,-5.302400,132.250000
1,105,-5.302400,132.157500
1,106,-5.209900,132.065000
1,107,-5.209900,131.972500
1,108,-5.209900,131.880000
1,109,-5.117400,131.787500
1,110,-5.117400,131.695000
1,111,-5.024900,131.602500
1,112,-5.024900,131.510000
1,113,-4.932400,131.417500
1,114,-4.932400,131.325000
1,115,-4.932400,131.232500
1,116,-4.839900,131.140000
1,117,-4.839900,131.047500
1,118,-4.747400,130.955000
1,119,-4.747400,130.862500
1,120,-4.654900,130.770000
1,121,-4.654900,130.677500
1,122,-4.562400,130.585000
1,123,-4.562400,130.492500
1,124,-4.469900,130.400000
1,125,-4.469900,130.307500
1,126,-4.377400,130.215000
1,127,-4.377400,130.122500
1,128,-4.284900,130.030000
1,129,-4.284900,129.937500
1,130,-4.192400,129.845000
1,131,-4.192400,129.752500
1,132,-4.099900,129.660000
1,133,-4.099900,129.567500
1,134,-4.007400,129.475000
1,135,-4.007400,129.382500
1,136,-3.914900,129.290000
1,137,-3.914900,129.197500
1,138,-3.822400,129.105000
1,139,-3.822400,129.012500
1,140,-3.729900,128.920000
1,141,-3.729900,128.827500
1,142,-3.637400,128.735000
1,143,-3.637400,128.642500
1,144,-3.544900,128.550000
1,145,-3.544900,128.457500
1,146,-3.452400,128.365000
1,147,-3.452400,128.272500
1,148,-3.359900,128.180000
1,149,-3.359900,128.087500
1,150,-3.267400,127.995000
1,151,-3.267400,127.902500
1,152,-3.174900,127.810000
1,153,-3.174900,127.717500
1,154,-3.082400,127.625000
1,155,-3.082400,127.532500
1,156,-2.989900,127.440000
1,157,-2.989900,127.347500
1,158,-2.897400,127.255000
1,159,-2.897400,127.162500
1,160,-2.804900,127.070000
1,161,-2.804900,126.977500
1,162,-2.712400,126.885000
1,163,-2.712400,126.792500
1,164,-2.619900,126.700000
1,165,-2.619900,126.607500
1,166,-2.527400,126.515000
1,167,-2.527400,126.422500
1,168,-2.434900,126.330000
1,169,-2.434900,126.237500
1,170,-2.342400,126.145000
1,171,-2.342400,126.052500
1,172,-2.249900,125.960000
1,173,-2.249900,125.867500
1,174,-2.157400,125.775000
1,175,-2.157400,125.682500
1,176,-2.064900,125.590000
1,177,-2.064900,125.497500
1,178,-1.972400,125.405000
1,179,-1.972400,125.312500
1,180,-1.879900,125.220000
1,181,-1.879900,125.127500
1,182,-1.879900,125.035000
1,183,-1.787400,124.942500
1,184,-1.787400,124.850000
1,185,-1.694900,124.757500
1,186,-1.694900,124.665000
1,187,-1.602400,124.572500
1,188,-1.602400,124.480000
1,189,-1.509900,124.387500
1,190,-1.509900,124.295000
1,191,-1.417400,124.202500
1,192,-1.417400,124.110000
1,193,-1.417400,124.017500
1,194,-1.324900,123.925000
1,195,-1.324900,123.832500
1,196,-1.232400,123.740000
1,197,-1.232400,123.647500
1,198,-1.139900,123.555000
1,199,-1.139900,123.462500
1,200,-1.047400,123.370000
1,201,-1.047400,123.277500
1,202,-1.047400,123.185000
1,203,-0.954900,123.092500
1,204,-0.954900,123.000000
1,205,-0.862400,122.907500
1,206,-0.862400,122.815000
1,207,-0.862400,122.722500
1,208,-0.769900,122.630000
1,209,-0.769900,122.537500
1,210,-0.677400,122.445000
1,211,-0.677400,122.352500
1,212,-0.584900,122.260000
1,213,-0.584900,122.167500
1,214,-0.584900,122.075000
1,215,-0.492400,121.982500
1,216,-0.492400,121.890000
1,217,-0.399900,121.797500
1,218,-0.399900,121.705000
1,219,-0.307400,121.612500
1,220,-0.307400,121.520000
1,221,-0.307400,121.427500
1,222,-0.214900,121.335000
1,223,-0.214900,121.242500
1,224,-0.122400,121.150000
1,225,-0.122400,121.057500
1,226,-0.122400,120.965000
1,227,-0.029900,120.872500
1,228,-0.029900,120.780000
1,229,0.062600,120.687500
1,230,0.062600,120.595000
1,231,0.062600,120.502500
1,232,0.155100,120.410000
1,233,0.155100,120.317500
1,234,0.247600,120.225000
1,235,0.247600,120.132500
1,236,0.247600,120.040000
1,237,0.340100,119.947500
1,238,0.340100,119.855000
1,239,0.432600,119.762500
1,240,0.432600,119.670000
1,241,0.432600,119.577500
1,242,0.525100,119.485000
1,243,0.525100,119.392500
1,244,0.617600,119.300000
1,245,0.617600,119.207500
1,246,0.710100,119.115000
1,247,0.710100,119.022500
1,248,0.710100,118.930000
1,249,0.802600,118.837500
1,250,0.802600,118.745000
1,251,0.895100,118.652500
1,252,0.895100,118.560000
1,253,0.895100,118.467500
1,254,0.987600,118.375000
1,255,0.987600,118.282500
1,256,1.080100,118.190000
1,257,1.080100,118.097500
1,258,1.080100,118.005000
1,259,1.172600,117.912500
1,260,1.172600,117.820000
1,261,1.265100,117.727500
1,262,1.265100,117.635000
1,263,1.265100,117.542500
1,264,1.357600,117.450000
1,265,1.357600,117.357500
1,266,1.450100,117.265000
1,267,1.450100,117.172500
1,268,1.450100,117.080000
1,269,1.542600,116.987500
1,270,1.542600,116.895000
1,271,1.635100,116.802500
1,272,1.635100,116.710000
1,273,1.635100,116.617500
1,274,1.727600,116.525000
1,275,1.727600,116.432500
1,276,1.820100,116.340000
1,277,1.820100,116.247500
1,278,1.820100,116.155000
1,279,1.912600,116.062500
1,280,1.912600,115.970000
1,281,2.005100,115.877500
1,282,2.005100,115.785000
1,283,2.005100,115.692500
1,284,2.097600,115.600000
1,285,2.097600,115.507500
1,286,2.190100,115.415000
1,287,2.190100,115.322500
1,288,2.190100,115.230000
1,289,2.282600,115.137500
1,290,2.282600,115.045000
1,291,2.375100,114.952500
1,292,2.375100,114.860000
1,293,2.375100,114.767500
1,294,2.467600,114.675000
1,295,2.467600,114.582500
1,296,2.560100,114.490000
1,297,2.560100,114.397500
1,298,2.652600,114.305000
1,299,2.652600,114.212500
1,300,2.652600,114.120000
1,301,2.745100,114.027500
1,302,2.745100,113.935000
1,303,2.837600,113.842500
1,304,2.837600,113.750000
1,305,2.837600,113.657500
1,306,2.930100,113.565000
1,307,2.930100,113.472500
1,308,3.022600,113.380000
1,309,3.022600,113.287500
1,310,3.022600,113.195000
1,311,3.115100,113.102500
1,312,3.115100,113.010000
1,313,3.207600,112.917500
1,314,3.207600,112.825000
1,315,3.207600,112.732500
1,316,3.300100,112.640000
1,317,3.300100,112.547500
1,318,3.392600,112.455000
1,319,3.392600,112.362500
1,320,3.392600,112.270000
1,321,3.485100,112.177500
1,322,3.485100,112.085000
1,323,3.577600,111.992500
1,324,3.577600,111.900000
1,325,3.577600,111.807500
1,326,3.670100,111.715000
1,327,3.670100,111.622500
1,328,3.762600,111.530000
1,329,3.762600,111.437500
1,330,3.762600,111.345000
1,331,3.855100,111.252500
1,332,3.855100,111.160000
1,333,3.947600,111.067500
1,334,3.947600,110.975000
1,335,3.947600,110.882500
1,336,4.040100,110.790000
1,337,4.040100,110.697500
1,338,4.132600,110.605000
1,339,4.132600,110.512500
1,340,4.132600,110.420000
1,341,4.225100,110.327500
1,342,4.225100,110.235000
1,343,4.317600,110.142500
1,344,4.317600,110.050000
1,345,4.317600,109.957500
1,346,4.410100,109.865000
1,347,4.410100,109.772500
1,348,4.502600,109.680000
1,349,4.502600,109.587500
1,350,4.502600,109.495000
1,351,4.595100,109.402500
1,352,4.595100,109.310000
1,353,4.687600,109.217500
1,354,4.687600,109.125000
1,355,4.687600,109.032500
1,356,4.780100,108.940000
1,357,4.780100,108.847500
1,358,4.872600,108.755000
1,359,4.872600,108.662500
1,360,4.872600,108.570000
1,361,4.965100,108.477500
1,362,4.965100,108.385000
1,363,5.057600,108.292500
1,364,5.057600,108.200000
1,365,5.057600,108.107500
1,366,5.150100,108.015000
1,367,5.150100,107.922500
1,368,5.242600,107.830000
1,369,5.242600,107.737500
1,370,5.242600,107.645000
1,371,5.335100,107.552500
1,372,5.335100,107.460000
1,373,5.427600,107.367500
1,374,5.427600,107.275000
1,375,5.427600,107.182500
1,376,5.520100,107.090000
1,377,5.520100,106.997500
1,378,5.612600,106.905000
1,379,5.612600,106.812500
1,380,5.612600,106.720000
1,381,5.705100,106.627500
1,382,5.705100,106.535000
1,383,5.797600,106.442500
1,384,5.797600,106.350000
1,385,5.797600,106.257500
1,386,5.890100,106.165000
1,387,5.890100,106.072500
1,388,5.890100,105.980000
1,389,5.982600,105.887500
1,390,5.982600,105.795000
1,391,6.075100,105.702500
1,392,6.075100,105.610000
1,393,6.075100,105.517500
1,394,6.167600,105.425000
1,395,6.167600,105.332500
1,396,6.167600,105.240000
1,397,6.260100,105.147500
1,398,6.260100,105.055000
1,399,6.352600,104.962500
1,400,6.352600,104.870000
1,401,6.352600,104.777500
1,402,6.445100,104.685000
1,403,6.445100,104.592500
1,404,6.445100,104.500000
1,405,6.537600,104.407500
1,406,6.537600,104.315000
1,407,6.537600,104.222500
1,408,6.630100,104.130000
1,409,6.630100,104.037500
1,410,6.722600,103.945000
1,411,6.722600,103.852500
1,412,6.722600,103.760000
1,413,6.815100,103.667500
1,414,6.815100,103.575000
1,415,6.815100,103.482500
1,416,6.907600,103.390000
1,417,6.907600,103.297500
1,418,6.907600,103.205000
1,419,7.000100,103.112500
1,420,7.000100,103.020000
1,421,7.000100,102.927500
1,422,7.000100,102.835000
1,423,7.092600,102.742500
1,424,7.092600,102.650000
1,425,7.092600,102.557500
1,426,7.185100,102.465000
1,427,7.185100,102.372500
1,428,7.185100,102.280000
1,429,7.185100,102.187500
1,430,7.277600,102.095000
1,431,7.277600,102.002500
1,432,7.277600,101.910000
1,433,7.277600,101.817500
1,434,7.370100,101.725000
1,435,7.370100,101.632500
1,436,7.370100,101.540000
1,437,7.370100,101.447500
1,438,7.462600,101.355000
1,439,7.462600,101.262500
1,440,7.462600,101.170000
1,441,7.462600,101.077500
1,442,7.462600,100.985000
1,443,7.555100,100.892500
1,444,7.555100,100.800000
1,445,7.555100,100.707500
1,446,7.555100,100.615000
1,447,7.555100,100.522500
1,448,7.647600,100.430000
1,449,7.647600,100.337500
1,450,7.647600,100.245000
1,451,7.647600,100.152500
1,452,7.740100,100.060000
1,453,7.740100,99.967500
1,454,7.740100,99.875000
1,455,7.740100,99.782500
1,456,7.740100,99.690000
1,457,7.832600,99.597500
1,458,7.832600,99.505000
1,459,7.832600,99.412500
1,460,7.832600,99.320000
1,461,7.925100,99.227500
1,462,7.925100,99.135000
1,463,7.925100,99.042500
1,464,7.925100,98.950000
1,465,7.925100,98.857500
1,466,8.017600,98.765000
1,467,8.017600,98.672500
1,468,8.017600,98.580000
1,469,8.017600,98.487500
1,470,8.110100,98.395000
1,471,8.110100,98.302500
1,472,8.110100,98.210000
1,473,8.110100,98.117500
1,474,8.202600,98.025000
1,475,8.202600,97.932500
1,476,8.202600,97.840000
1,477,8.202600,97.747500
1,478,8.202600,97.655000
1,479,8.295100,97.562500
1,480,8.295100,97.470000
1,481,8.295100,97.377500
1,482,8.295100,97.285000
1,483,8.387600,97.192500
1,484,8.387600,97.100000
1,485,8.387600,97.007500
1,486,8.387600,96.915000
1,487,8.387600,96.822500
1,488,8.480100,96.730000
1,489,8.480100,96.637500
1,490,8.480100,96.545000
1,491,8.480100,96.452500
1,492,8.572600,96.360000
1,493,8.572600,96.267500
1,494,8.572600,96.175000
1,495,8.572600,96.082500
1,496,8.665100,95.990000
1,497,8.665100,95.897500
1,498,8.665100,95.805000
1,499,8.665100,95.712500
1,500,8.665100,95.620000
1,501,8.757600,95.527500
1,502,8.757600,95.435000
1,503,8.757600,95.342500
1,504,8.757600,95.250000
1,505,8.850100,95.157500
1,506,8.850100,95.065000
1,507,8.850100,94.972500
1,508,8.850100,94.880000
1,509,8.942600,94.787500
1,510,8.942600,94.695000
1,511,8.942600,94.602500
1,512,8.942600,94.510000
1,513,8.942600,94.417500
1,514,9.035100,94.325000
1,515,9.035100,94.232500
1,516,9.035100,94.140000
1,517,9.035100,94.047500
1,518,9.127600,93.955000
1,519,9.127600,93.862500
1,520,9.127600,93.770000
1,521,9.127600,93.677500
1,522,9.220100,93.585000
1,523,9.220100,93.492500
1,524,9.220100,93.400000
1,525,9.220100,93.307500
1,526,9.220100,93.215000
1,527,9.312600,93.122500
1,528,9.312600,93.030000
1,529,9.312600,92.937500
1,530,9.312600,92.845000
1,531,9.405100,92.752500
1,532,9.405100,92.660000
1,533,9.405100,92.567500
1,534,9.405100,92.475000
1,535,9.497600,92.382500
1,536,9.497600,92.290000
1,537,9.497600,92.197500
1,538,9.497600,92.105000
1,539,9.497600,92.012500
1,540,9.590100,91.920000
1,541,9.590100,91.827500
1,542,9.590100,91.735000
1,543,9.590100,91.642500
1,544,9.682600,91.550000
1,545,9.682600,91.457500
1,546,9.682600,91.365000
1,547,9.682600,91.272500
1,548,9.775100,91.180000
1,549,9.775100,91.087500
1,550,9.775100,90.995000
1,551,9.775100,90.902500
1,552,9.775100,90.810000
1,553,9.867600,90.717500
1,554,9.867600,90.625000
1,555,9.867600,90.532500
1,556,9.867600,90.440000
1,557,9.960100,90.347500
1,558,9.960100,90.255000
1,559,9.960100,90.162500
1,560,9.960100,90.070000
1,561,10.052600,89.977500
1,562,10.052600,89.885000
1,563,10.052600,89.792500
1,564,10.052600,89.700000
1,565,10.052600,89.607500
1,566,10.145100,89.515000
1,567,10.145100,89.422500
1,568,10.145100,89.330000
1,569,10.145100,89.237500
1,570,10.237600,89.145000
1,571,10.237600,89.052500
1,572,10.237600,88.960000
1,573,10.237600,88.867500
1,574,10.237600,88.775000
1,575,10.330100,88.682500
1,576,10.330100,88.590000
1,577,10.330100,88.497500
1,578,10.330100,88.405000
1,579,10.422600,88.312500
1,580,10.422600,88.220000
1,581,10.422600,88.127500
1,582,10.422600,88.035000
1,583,10.515100,87.942500
1,584,10.515100,87.850000
1,585,10.515100,87.757500
1,586,10.515100,87.665000
1,587,10.515100,87.572500
1,588,10.607600,87.480000
1,589,10.607600,87.387500
1,590,10.607600,87.295000
1,591,10.607600,87.202500
1,592,10.700100,87.110000
1,593,10.700100,87.017500
1,594,10.700100,86.925000
1,595,10.700100,86.832500
1,596,10.792600,86.740000
1,597,10.792600,86.647500
1,598,10.792600,86.555000
1,599,10.792600,86.462500
1,600,10.792600,86.370000
1,601,10.885100,86.277500
1,602,10.885100,86.185000
1,603,10.885100,86.092500
1,604,10.885100,86.000000
1,605,10.977600,85.907500
1,606,10.977600,85.815000
1,607,10.977600,85.722500
1,608,10.977600,85.630000
1,609,11.070100,85.537500
1,610,11.070100,85.445000
1,611,11.070100,85.352500
1,612,11.070100,85.260000
1,613,11.070100,85.167500
1,614,11.162600,85.075000
1,615,11.162600,84.982500
1,616,11.162600,84.890000
1,617,11.162600,84.797500
1,618,11.255100,84.705000
1,619,11.255100,84.612500
1,620,11.255100,84.520000
1,621,11.255100,84.427500
1,622,11.347600,84.335000
1,623,11.347600,84.242500
1,624,11.347600,84.150000
1,625,11.347600,84.057500
1,626,11.347600,83.965000
1,627,11.440100,83.872500
1,628,11.440100,83.780000
1,629,11.440100,83.687500
1,630,11.440100,83.595000
1,631,11.532600,83.502500
1,632,11.532600,83.410000
1,633,11.532600,83.317500
1,634,11.532600,83.225000
1,635,11.625100,83.132500
1,636,11.625100,83.040000
1,637,11.625100,82.947500
1,638,11.625100,82.855000
1,639,11.625100,82.762500
1,640,11.717600,82.670000
1,641,11.717600,82.577500
1,642,11.717600,82.485000
1,643,11.717600,82.392500
1,644,11.810100,82.300000
1,645,11.810100,82.207500
1,646,11.810100,82.115000
1,647,11.810100,82.022500
1,648,11.902600,81.930000
1,649,11.902600,81.837500
1,650,11.902600,81.745000
1,651,11.902600,81.652500
1,652,11.902600,81.560000
1,653,11.995100,81.467500
1,654,11.995100,81.375000
1,655,11.995100,81.282500
1,656,11.995100,81.190000
1,657,12.087600,81.097500
1,658,12.087600,81.005000
1,659,12.087600,80.912500
1,660,12.087600,80.820000
1,661,12.087600,80.727500
1,662,12.180100,80.635000
1,663,12.180100,80.542500
1,664,12.180100,80.450000
1,665,12.180100,80.357500
1,666,12.272600,80.265000
1,667,12.272600,80.172500
1,668,12.272600,80.080000
1,669,12.272600,79.987500
1,670,12.365100,79.895000
1,671,12.365100,79.802500
1,672,12.365100,79.710000
1,673,12.365100,79.617500
1,674,12.365100,79.525000
1,675,12.457600,79.432500
1,676,12.457600,79.340000
1,677,12.457600,79.247500
1,678,12.457600,79.155000
1,679,12.550100,79.062500
1,680,12.550100,78.970000
1,681,12.550100,78.877500
1,682,12.550100,78.785000
1,683,12.642600,78.692500
1,684,12.642600,78.600000
1,685,12.642600,78.507500
1,686,12.642600,78.415000
1,687,12.642600,78.322500
1,688,12.735100,78.230000
1,689,12.735100,78.137500
1,690,12.735100,78.045000
1,691,12.735100,77.952500
1,692,12.827600,77.860000
1,693,12.827600,77.767500
1,694,12.827600,77.675000
1,695,12.827600,77.582500
1,696,12.920100,77.490000
1,697,12.920100,77.397500
1,698,12.920100,77.305000
1,699,12.920100,77.212500
1,700,12.920100,77.120000
1,701,13.012600,77.027500
1,702,13.012600,76.935000
1,703,13.012600,76.842500
1,704,13.012600,76.750000
1,705,13.105100,76.657500
1,706,13.105100,76.565000
1,707,13.105100,76.472500
1,708,13.105100,76.380000
1,709,13.197600,76.287500
1,710,13.197600,76.195000
1,711,13.197600,76.102500
1,712,13.197600,76.010000
1,713,13.197600,75.917500
1,714,13.290100,75.825000
1,715,13.290100,75.732500
1,716,13.290100,75.640000
1,717,13.290100,75.547500
1,718,13.382600,75.455000
1,719,13.382600,75.362500
1,720,13.382600,75.270000
1,721,13.382600,75.177500
1,722,13.382600,75.085000
1,723,13.475100,74.992500
1,724,13.475100,74.900000
1,725,13.475100,74.807500
1,726,13.475100,74.715000
1,727,13.567600,74.622500
1,728,13.567600,74.530000
1,729,13.567600,74.437500
1,730,13.567600,74.345000
1,731,13.660100,74.252500
1,732,13.660100,74.160000
1,733,13.660100,74.067500
1,734,13.660100,73.975000
1,735,13.660100,73.882500
1,736,13.752600,73.790000
1,737,13.752600,73.697500
1,738,13.752600,73.605000
1,739,13.752600,73.512500
1,740,13.845100,73.420000
1,741,13.845100,73.327500
1,742,13.845100,73.235000
1,743,13.845100,73.142500
1,744,13.937600,73.050000
1,745,13.937600,72.957500
1,746,13.937600,72.865000
1,747,13.937600,72.772500
1,748,13.937600,72.680000
1,749,14.030100,72.587500
1,750,14.030100,72.495000
1,751,14.030100,72.402500
1,752,14.030100,72.310000
1,753,14.122600,72.217500
1,754,14.122600,72.125000
1,755,14.122600,72.032500
1,756,14.122600,71.940000
1,757,14.215100,71.847500
1,758,14.215100,71.755000
1,759,14.215100,71.662500
1,760,14.215100,71.570000
1,761,14.215100,71.477500
1,762,14.307600,71.385000
1,763,14.307600,71.292500
1,764,14.307600,71.200000
1,765,14.307600,71.107500
1,766,14.400100,71.015000
1,767,14.400100,70.922500
1,768,14.400100,70.830000
1,769,14.400100,70.737500
1,770,14.400100,70.645000
1,771,14.492600,70.552500
1,772,14.492600,70.460000
1,773,14.492600,70.367500
1,774,14.492600,70.275000
1,775,14.585100,70.182500
1,776,14.585100,70.090000
1,777,14.585100,69.997500
1,778,14.585100,69.905000
1,779,14.677600,69.812500
1,780,14.677600,69.720000
1,781,14.677600,69.627500
1,782,14.677600,69.535000
1,783,14.677600,69.442500
1,784,14.770100,69.350000
1,785,14.770100,69.257500
1,786,14.770100,69.165000
1,787,14.770100,69.072500
1,788,14.862600,68.980000
1,789,14.862600,68.887500
1,790,14.862600,68.795000
1,791,14.862600,68.702500
1,792,14.955100,68.610000
1,793,14.955100,68.517500
1,794,14.955100,68.425000
1,795,14.955100,68.332500
1,796,14.955100,68.240000
1,797,15.047600,68.147500
1,798,15.047600,68.055000
1,799,15.047600,67.962500
1,800,15.047600,67.870000
1,801,15.140100,67.777500
1,802,15.140100,67.685000
1,803,15.140100,67.592500
1,804,15.140100,67.500000
1,805,15.140100,67.407500
1,806,15.232600,67.315000
1,807,15.232600,67.222500
1,808,15.232600,67.130000
1,809,15.232600,67.037500
1,810,15.325100,66.945000
1,811,15.325100,66.852500
1,812,15.325100,66.760000
1,813,15.325100,66.667500
1,814,15.417600,66.575000
1,815,15.417600,66.482500
1,816,15.417600,66.390000
1,817,15.417600,66.297500
1,818,15.417600,66.205000
1,819,15.510100,66.112500
1,820,15.510100,66.020000
1,821,15.510100,65.927500
1,822,15.510100,65.835000
1,823,15.602600,65.742500
1,824,15.602600,65.650000
1,825,15.602600,65.557500
1,826,15.602600,65.465000
1,827,15.602600,65.372500
1,828,15.695100,65.280000
1,829,15.695100,65.187500
1,830,15.695100,65.095000
1,831,15.695100,65.002500
1,832,15.787600,64.910000
1,833,15.787600,64.817500
1,834,15.787600,64.725000
1,835,15.787600,64.632500
1,836,15.880100,64.540000
1,837,15.880100,64.447500
1,838,15.880100,64.355000
1,839,15.880100,64.262500
1,840,15.880100,64.170000
1,841,15.972600,64.077500
1,842,15.972600,63.985000
1,843,15.972600,63.892500
1,844,15.972600,63.800000
1,845,16.065100,63.707500
1,846,16.065100,63.615000
1,847,16.065100,63.522500
1,848,16.065100,63.430000
1,849,16.065100,63.337500
1,850,16.157600,63.245000
1,851,16.157600,63.152500
1,852,16.157600,63.060000
1,853,16.157600,62.967500
1,854,16.250100,62.875000
1,855,16.250100,62.782500
1,856,16.250100,62.690000
1,857,16.250100,62.597500
1,858,16.250100,62.505000
1,859,16.342600,62.412500
1,860,16.342600,62.320000
1,861,16.342600,62.227500
1,862,16.342600,62.135000
1,863,16.435100,62.042500
1,864,16.435100,61.950000
1,865,16.435100,61.857500
1,866,16.435100,61.765000
1,867,16.527600,61.672500
1,868,16.527600,61.580000
1,869,16.527600,61.487500
1,870,16.527600,61.395000
1,871,16.527600,61.302500
1,872,16.620100,61.210000
1,873,16.620100,61.117500
1,874,16.620100,61.025000
1,875,16.620100,60.932500
1,876,16.712600,60.840000
1,877,16.712600,60.747500
1,878,16.712600,60.655000
1,879,16.712600,60.562500
1,880,16.712600,60.470000
1,881,16.805100,60.377500
1,882,16.805100,60.285000
1,883,16.805100,60.192500
1,884,16.805100,60.100000
1,885,16.897600,60.007500
1,886,16.897600,59.915000
1,887,16.897600,59.822500
1,888,16.897600,59.730000
1,889,16.897600,59.637500
1,890,16.990100,59.545000
1,891,16.990100,59.452500
1,892,16.990100,59.360000
1,893,16.990100,59.267500
1,894,17.082600,59.175000
1,895,17.082600,59.082500
1,896,17.082600,58.990000
1,897,17.082600,58.897500
1,898,17.082600,58.805000
1,899,17.175100,58.712500
1,900,17.175100,58.620000
1,901,17.175100,58.527500
1,902,17.175100,58.435000
1,903,17.267600,58.342500
1,904,17.267600,58.250000
1,905,17.267600,58.157500
1,906,17.267600,58.065000
1,907,17.360100,57.972500
1,908,17.360100,57.880000
1,909,17.360100,57.787500
1,910,17.360100,57.695000
1,911,17.360100,57.602500
1,912,17.452600,57.510000
1,913,17.452600,57.417500
1,914,17.452600,57.325000
1,915,17.452600,57.232500
1,916,17.545100,57.140000
1,917,17.545100,57.047500
1,918,17.545100,56.955000
1,919,17.545100,56.862500
1,920,17.545100,56.770000
1,921,17.637600,56.677500
1,922,17.637600,56.585000
1,923,17.637600,56.492500
1,924,17.637600,56.400000
1,925,17.730100,56.307500
1,926,17.730100,56.215000
1,927,17.730100,56.122500
1,928,17.730100,56.030000
1,929,17.730100,55.937500
1,930,17.822600,55.845000
1,931,17.822600,55.752500
1,932,17.822600,55.660000
1,933,17.822600,55.567500
1,934,17.915100,55.475000
1,935,17.915100,55.382500
1,936,17.915100,55.290000
1,937,17.915100,55.197500
1,938,17.915100,55.105000
1,939,18.007600,55.012500
1,940,18.007600,54.920000
1,941,18.007600,54.827500
1,942,18.007600,54.735000
1,943,18.100100,54.642500
1,944,18.100100,54.550000
1,945,18.100100,54.457500
1,946,18.100100,54.365000
1,947,18.100100,54.272500
1,948,18.192600,54.180000
1,949,18.192600,54.087500
1,950,18.192600,53.995000
1,951,18.192600,53.902500
1,952,18.285100,53.810000
1,953,18.285100,53.717500
1,954,18.285100,53.625000
1,955,18.285100,53.532500
1,956,18.285100,53.440000
1,957,18.377600,53.347500
1,958,18.377600,53.255000
1,959,18.377600,53.162500
1,960,18.377600,53.070000
1,961,18.470100,52.977500
1,962,18.470100,52.885000
1,963,18.470100,52.792500
1,964,18.470100,52.700000
1,965,18.470100,52.607500
1,966,18.562600,52.515000
1,967,18.562600,52.422500
1,968,18.562600,52.330000
1,969,18.562600,52.237500
1,970,18.655100,52.145000
1,971,18.655100,52.052500
1,972,18.655100,51.960000
1,973,18.655100,51.867500
1,974,18.655100,51.775000
1,975,18.747600,51.682500
1,976,18.747600,51.590000
1,977,18.747600,51.497500
1,978,18.747600,51.405000
1,979,18.840100,51.312500
1,980,18.840100,51.220000
1,981,18.840100,51.127500
1,982,18.840100,51.035000
1,983,18.840100,50.942500
1,984,18.932600,50.850000
1,985,18.932600,50.757500
1,986,18.932600,50.665000
1,987,18.932600,50.572500
1,988,19.025100,50.480000
1,989,19.025100,50.387500
1,990,19.025100,50.295000
1,991,19.025100,50.202500
1,992,19.025100,50.110000
1,993,19.117600,50.017500
1,994,19.117600,49.925000
1,995,19.117600,49.832500
1,996,19.117600,49.740000
1,997,19.210100,49.647500
1,998,19.210100,49.555000
1,999,19.210100,49.462500
1,1000,19.210100,49.370000
1,1001,19.210100,49.277500
1,1002,19.302600,49.185000
1,1003,19.302600,49.092500
1,1004,19.302600,49.000000
1,1005,19.302600,48.907500
1,1006,19.395100,48.815000
1,1007,19.395100,48.722500
1,1008,19.395100,48.630000
1,1009,19.395100,48.537500
1,1010,19.395100,48.445000
1,1011,19.487600,48.352500
1,1012,19.487600,48.260000
1,1013,19.487600,48.167500
1,1014,19.487600,48.075000
1,1015,19.580100,47.982500
1,1016,19.580100,47.890000
1,1017,19.580100,47.797500
1,1018,19.580100,47.705000
1,1019,19.580100,47.612500
1,1020,19.672600,47.520000
1,1021,19.672600,47.427500
1,1022,19.672600,47.335000
1,1023,19.672600,47.242500
1,1024,19.765100,47.150000
1,1025,19.765100,47.057500
1,1026,19.765100,46.965000
1,1027,19.765100,46.872500
1,1028,19.765100,46.780000
1,1029,19.857600,46.687500
1,1030,19.857600,46.595000
1,1031,19.857600,46.502500
1,1032,19.857600,46.410000
1,1033,19.857600,46.317500
1,1034,19.857600,46.225000
1,1035,19.857600,46.132500
1,1036,19.857600,46.040000
1,1037,19.765100,46.040000
1,1038,19.672600,46.040000
1,1039,19.580100,45.947500
1,1040,19.487600,45.947500
1,1041,19.395100,45.855000
1,1042,19.302600,45.762500
1,1043,19.210100,45.762500
1,1044,19.117600,45.670000
1,1045,19.025100,45.577500
1,1046,18.932600,45.577500
1,1047,18.840100,45.485000
1,1048,18.747600,45.392500
1,1049,18.655100,45.300000
1,1050,18.562600,45.300000
1,1051,18.470100,45.207500
1,1052,18.377600,45.115000
1,1053,18.377600,45.022500
1,1054,18.285100,44.930000
1,1055,18.192600,44.837500
1,1056,18.100100,44.745000
1,1057,18.007600,44.652500
1,1058,18.007600,44.560000
1,1059,17.915100,44.467500
1,1060,17.915100,44.375000
1,1061,17.915100,44.282500
1,1062,17.822600,44.190000
1,1063,17.822600,44.097500
1,1064,17.822600,44.005000
1,1065,17.730100,43.912500
1,1066,17.730100,43.820000
1,1067,17.730100,43.727500
1,1068,17.730100,43.635000
1,1069,17.730100,43.542500
1,1070,17.730100,43.450000
1,1071,17.730100,43.357500
1,1072,17.730100,43.265000
1,1073,17.730100,43.172500
1,1074,17.822600,43.080000
1,1075,17.822600,42.987500
1,1076,17.822600,42.895000
1,1077,17.822600,42.802500
1,1078,17.822600,42.710000
1,1079,17.822600,42.617500
1,1080,17.915100,42.525000
1,1081,17.915100,42.432500
1,1082,17.915100,42.340000
1,1083,17.915100,42.247500
1,1084,18.007600,42.155000
1,1085,18.007600,42.062500
1,1086,18.007600,41.970000
1,1087,18.007600,41.877500
1,1088,18.100100,41.785000
1,1089,18.100100,41.692500
1,1090,18.100100,41.600000
1,1091,18.100100,41.507500
1,1092,18.100100,41.415000
1,1093,18.192600,41.322500
1,1094,18.192600,41.230000
1,1095,18.192600,41.137500
1,1096,18.192600,41.045000
1,1097,18.285100,40.952500
1,1098,18.285100,40.860000
1,1099,18.285100,40.767500
1,1100,18.285100,40.675000
1,1101,18.285100,40.582500
1,1102,18.377600,40.490000
1,1103,18.377600,40.397500
1,1104,18.377600,40.305000
1,1105,18.377600,40.212500
1,1106,18.470100,40.120000
1,1107,18.470100,40.027500
1,1108,18.470100,39.935000
1,1109,18.470100,39.842500
1,1110,18.562600,39.750000
1,1111,18.562600,39.657500
1,1112,18.562600,39.565000
1,1113,18.562600,39.472500
1,1114,18.562600,39.380000
1,1115,18.655100,39.287500
1,1116,18.655100,39.195000
1,1117,18.655100,39.102500
1,1118,18.655100,39.010000
1,1119,18.747600,38.917500
1,1120,18.747600,38.825000
1,1121,18.747600,38.732500
1,1122,18.747600,38.640000
1,1123,18.840100,38.547500
1,1124,18.840100,38.455000
1,1125,18.840100,38.362500
1,1126,18.840100,38.270000
1,1127,18.840100,38.177500
1,1128,18.932600,38.085000
1,1129,18.932600,37.992500
1,1130,18.932600,37.900000
1,1131,18.932600,37.807500
1,1132,19.025100,37.715000
1,1133,19.025100,37.622500
1,1134,19.025100,37.530000
1,1135,19.025100,37.437500
1,1136,19.025100,37.345000
1,1137,19.117600,37.252500
1,1138,19.117600,37.160000
1,1139,19.117600,37.067500
1,1140,19.117600,36.975000
1,1141,19.210100,36.882500
1,1142,19.210100,36.790000
1,1143,19.210100,36.697500
1,1144,19.210100,36.605000
1,1145,19.302600,36.512500
1,1146,19.302600,36.420000
1,1147,19.302600,36.327500
1,1148,19.302600,36.235000
1,1149,19.302600,36.142500
1,1150,19.395100,36.050000
1,1151,19.395100,35.957500
1,1152,19.395100,35.865000
1,1153,19.395100,35.772500
1,1154,19.487600,35.680000
1,1155,19.487600,35.587500
1,1156,19.487600,35.495000
1,1157,19.487600,35.402500
1,1158,19.580100,35.310000
1,1159,19.580100,35.217500
1,1160,19.580100,35.125000
1,1161,19.580100,35.032500
1,1162,19.580100,34.940000
1,1163,19.672600,34.847500
1,1164,19.672600,34.755000
1,1165,19.672600,34.662500
1,1166,19.672600,34.570000
1,1167,19.765100,34.477500
1,1168,19.765100,34.385000
1,1169,19.765100,34.292500
1,1170,19.765100,34.200000
1,1171,19.857600,34.107500
1,1172,19.857600,34.015000
1,1173,19.857600,33.922500
1,1174,19.857600,33.830000
1,1175,19.857600,33.737500
1,1176,19.950100,33.645000
1,1177,19.950100,33.552500
1,1178,19.950100,33.460000
1,1179,19.950100,33.367500
1,1180,20.042600,33.275000
1,1181,20.042600,33.182500
1,1182,20.042600,33.090000
1,1183,20.042600,32.997500
1,1184,20.042600,32.905000
1,1185,20.135100,32.812500
1,1186,20.135100,32.720000
1,1187,20.135100,32.627500
1,1188,20.135100,32.535000
1,1189,20.227600,32.442500
1,1190,20.227600,32.350000
1,1191,20.227600,32.257500
1,1192,20.227600,32.165000
1,1193,20.320100,32.072500
1,1194,20.320100,31.980000
1,1195,20.320100,31.887500
1,1196,20.320100,31.795000
1,1197,20.320100,31.702500
1,1198,20.412600,31.610000
1,1199,20.412600,31.517500
1,1200,20.412600,31.425000
1,1201,20.412600,31.332500
1,1202,20.505100,31.240000
1,1203,20.505100,31.147500
1,1204,20.505100,31.055000
1,1205,20.505100,30.962500
1,1206,20.597600,30.870000
1,1207,20.597600,30.777500
1,1208,20.597600,30.685000
1,1209,20.597600,30.592500
1,1210,20.597600,30.500000
1,1211,20.690100,30.407500
1,1212,20.690100,30.315000
1,1213,20.690100,30.222500
1,1214,20.690100,30.130000
1,1215,20.782600,30.037500
1,1216,20.782600,29.945000
1,1217,20.782600,29.852500
1,1218,20.782600,29.760000
1,1219,20.875100,29.667500
1,1220,20.875100,29.575000
1,1221,20.875100,29.482500
1,1222,20.875100,29.390000
1,1223,20.875100,29.297500
1,1224,20.967600,29.205000
1,1225,20.967600,29.112500
1,1226,20.967600,29.020000
1,1227,20.967600,28.927500
1,1228,21.060100,28.835000
1,1229,21.060100,28.742500
1,1230,21.060100,28.650000
1,1231,21.060100,28.557500
1,1232,21.152600,28.465000
1,1233,21.152600,28.372500
1,1234,21.152600,28.280000
1,1235,21.152600,28.187500
1,1236,21.152600,28.095000
1,1237,21.245100,28.002500
1,1238,21.245100,27.910000
1,1239,21.245100,27.817500
1,1240,21.245100,27.725000
1,1241,21.337600,27.632500
1,1242,21.337600,27.540000
1,1243,21.337600,27.447500
1,1244,21.337600,27.355000
1,1245,21.430100,27.262500
1,1246,21.430100,27.170000
1,1247,21.430100,27.077500
1,1248,21.430100,26.985000
1,1249,21.430100,26.892500
1,1250,21.522600,26.800000
1,1251,21.522600,26.707500
1,1252,21.522600,26.615000
1,1253,21.522600,26.522500
1,1254,21.615100,26.430000
1,1255,21.615100,26.337500
1,1256,21.615100,26.245000
1,1257,21.615100,26.152500
1,1258,21.707600,26.060000
1,1259,21.707600,25.967500
1,1260,21.707600,25.875000
1,1261,21.707600,25.782500
1,1262,21.707600,25.690000
1,1263,21.800100,25.597500
1,1264,21.800100,25.505000
1,1265,21.800100,25.412500
1,1266,21.800100,25.320000
1,1267,21.892600,25.227500
1,1268,21.892600,25.135000
1,1269,21.892600,25.042500
1,1270,21.892600,24.950000
1,1271,21.985100,24.857500
1,1272,21.985100,24.765000
1,1273,21.985100,24.672500
1,1274,21.985100,24.580000
1,1275,21.985100,24.487500
1,1276,22.077600,24.395000
1,1277,22.077600,24.302500
1,1278,22.077600,24.210000
1,1279,22.077600,24.117500
1,1280,22.170100,24.025000
1,1281,22.170100,23.932500
1,1282,22.170100,23.840000
1,1283,22.170100,23.747500
1,1284,22.170100,23.655000
1,1285,22.262600,23.562500
1,1286,22.262600,23.470000
1,1287,22.262600,23.377500
1,1288,22.262600,23.285000
1,1289,22.355100,23.192500
1,1290,22.355100,23.100000
1,1291,22.355100,23.007500
1,1292,22.355100,22.915000
1,1293,22.447600,22.822500
1,1294,22.447600,22.730000
1,1295,22.447600,22.637500
1,1296,22.447600,22.545000
1,1297,22.447600,22.452500
1,1298,22.540100,22.360000
1,1299,22.540100,22.267500
1,1300,22.540100,22.175000
1,1301,22.540100,22.082500
1,1302,22.632600,21.990000
1,1303,22.632600,21.897500
1,1304,22.632600,21.805000
1,1305,22.632600,21.712500
1,1306,22.725100,21.620000
1,1307,22.725100,21.527500
1,1308,22.725100,21.435000
1,1309,22.725100,21.342500
1,1310,22.725100,21.250000
1,1311,22.817600,21.157500
1,1312,22.817600,21.065000
1,1313,22.817600,20.972500
1,1314,22.817600,20.880000
1,1315,22.910100,20.787500
1,1316,22.910100,20.695000
1,1317,22.910100,20.602500
1,1318,22.910100,20.510000
1,1319,23.002600,20.417500
1,1320,23.002600,20.325000
1,1321,23.002600,20.232500
1,1322,23.002600,20.140000
1,1323,23.002600,20.047500
1,1324,23.095100,19.955000
1,1325,23.095100,19.862500
1,1326,23.095100,19.770000
1,1327,23.095100,19.677500
1,1328,23.187600,19.585000
1,1329,23.187600,19.492500
1,1330,23.187600,19.400000
1,1331,23.187600,19.307500
1,1332,23.280100,19.215000
1,1333,23.280100,19.122500
1,1334,23.280100,19.030000
1,1335,23.280100,18.937500
1,1336,23.280100,18.845000
1,1337,23.372600,18.752500
1,1338,23.372600,18.660000
1,1339,23.372600,18.567500
1,1340,23.372600,18.475000
1,1341,23.465100,18.382500
1,1342,23.465100,18.290000
1,1343,23.465100,18.197500
1,1344,23.465100,18.105000
1,1345,23.557600,18.012500
1,1346,23.557600,17.920000
1,1347,23.557600,17.827500
1,1348,23.557600,17.735000
1,1349,23.557600,17.642500
1,1350,23.650100,17.550000
1,1351,23.650100,17.457500
1,1352,23.650100,17.365000
1,1353,23.650100,17.272500
1,1354,23.742600,17.180000
1,1355,23.742600,17.087500
1,1356,23.742600,16.995000
1,1357,23.742600,16.902500
1,1358,23.835100,16.810000
1,1359,23.835100,16.717500
1,1360,23.835100,16.625000
1,1361,23.835100,16.532500
1,1362,23.835100,16.440000
1,1363,23.927600,16.347500
1,1364,23.927600,16.255000
1,1365,23.927600,16.162500
1,1366,23.927600,16.070000
1,1367,24.020100,15.977500
1,1368,24.020100,15.885000
1,1369,24.020100,15.792500
1,1370,24.020100,15.700000
1,1371,24.112600,15.607500
1,1372,24.112600,15.515000
1,1373,24.112600,15.422500
1,1374,24.112600,15.330000
1,1375,24.112600,15.237500
1,1376,24.205100,15.145000
1,1377,24.205100,15.052500
1,1378,24.205100,14.960000
1,1379,24.205100,14.867500
1,1380,24.297600,14.775000
1,1381,24.297600,14.682500
1,1382,24.297600,14.590000
1,1383,24.297600,14.497500
1,1384,24.297600,14.405000
1,1385,24.390100,14.312500
1,1386,24.390100,14.220000
1,1387,24.390100,14.127500
1,1388,24.390100,14.035000
1,1389,24.482600,13.942500
1,1390,24.482600,13.850000
1,1391,24.482600,13.757500
1,1392,24.482600,13.665000
1,1393,24.575100,13.572500
1,1394,24.575100,13.480000
1,1395,24.575100,13.387500
1,1396,24.575100,13.295000
1,1397,24.575100,13.202500
1,1398,24.667600,13.110000
1,1399,24.667600,13.017500
1,1400,24.667600,12.925000
1,1401,24.667600,12.832500
1,1402,24.760100,12.740000
1,1403,24.760100,12.647500
1,1404,24.760100,12.555000
1,1405,24.760100,12.462500
1,1406,24.852600,12.370000
1,1407,24.852600,12.277500
1,1408,24.852600,12.185000
1,1409,24.852600,12.092500
1,1410,24.852600,12.000000
1,1411,24.945100,11.907500
1,1412,24.945100,11.815000
1,1413,24.945100,11.722500
1,1414,24.945100,11.630000
1,1415,25.037600,11.537500
1,1416,25.037600,11.445000
1,1417,25.037600,11.352500
1,1418,25.037600,11.260000
1,1419,25.130100,11.167500
1,1420,25.130100,11.075000
1,1421,25.130100,10.982500
1,1422,25.130100,10.890000
1,1423,25.130100,10.797500
1,1424,25.222600,10.705000
1,1425,25.222600,10.612500
1,1426,25.222600,10.520000
1,1427,25.222600,10.427500
1,1428,25.315100,10.335000
1,1429,25.315100,10.242500
1,1430,25.315100,10.150000
1,1431,25.315100,10.057500
1,1432,25.407600,9.965000
1,1433,25.407600,9.872500
1,1434,25.407600,9.780000
1,1435,25.407600,9.687500
1,1436,25.407600,9.595000
1,1437,25.500100,9.502500
1,1438,25.500100,9.410000
1,1439,25.500100,9.317500
1,1440,25.500100,9.225000
1,1441,25.592600,9.132500
1,1442,25.592600,9.040000
1,1443,25.592600,8.947500
1,1444,25.592600,8.855000
1,1445,25.685100,8.762500
1,1446,25.685100,8.670000
1,1447,25.685100,8.577500
1,1448,25.685100,8.485000
1,1449,25.685100,8.392500
1,1450,25.777600,8.300000
1,1451,25.777600,8.207500
1,1452,25.777600,8.115000
1,1453,25.777600,8.022500
1,1454,25.777600,7.930000
1,1455,25.870100,7.837500
1,1456,25.870100,7.745000
1,1457,25.870100,7.652500
1,1458,25.870100,7.560000
1,1459,25.962600,7.467500
1,1460,25.962600,7.375000
1,1461,25.962600,7.282500
1,1462,25.962600,7.190000
1,1463,25.962600,7.097500
1,1464,26.055100,7.005000
1,1465,26.055100,6.912500
1,1466,26.055100,6.820000
1,1467,26.055100,6.727500
1,1468,26.055100,6.635000
1,1469,26.147600,6.542500
1,1470,26.147600,6.450000
1,1471,26.147600,6.357500
1,1472,26.147600,6.265000
1,1473,26.147600,6.172500
1,1474,26.147600,6.080000
1,1475,26.240100,5.987500
1,1476,26.240100,5.895000
1,1477,26.240100,5.802500
1,1478,26.240100,5.710000
1,1479,26.240100,5.617500
1,1480,26.240100,5.525000
1,1481,26.332600,5.432500
1,1482,26.332600,5.340000
1,1483,26.332600,5.247500
1,1484,26.332600,5.155000
1,1485,26.332600,5.062500
1,1486,26.332600,4.970000
1,1487,26.332600,4.877500
1,1488,26.332600,4.785000
1,1489,26.425100,4.692500
1,1490,26.425100,4.600000
1,1491,26.425100,4.507500
1,1492,26.425100,4.415000
1,1493,26.425100,4.322500
1,1494,26.425100,4.230000
1,1495,26.425100,4.137500
1,1496,26.425100,4.045000
1,1497,26.425100,3.952500
1,1498,26.425100,3.860000
1,1499,26.517600,3.767500
1,1500,26.517600,3.675000
1,1501,26.517600,3.582500
1,1502,26.517600,3.490000
1,1503,26.517600,3.397500
1,1504,26.517600,3.305000
1,1505,26.517600,3.212500
1,1506,26.517600,3.120000
1,1507,26.517600,3.027500
1,1508,26.517600,2.935000
1,1509,26.517600,2.842500
1,1510,26.517600,2.750000
1,1511,26.517600,2.657500
1,1512,26.517600,2.565000
1,1513,26.517600,2.472500
1,1514,26.517600,2.380000
1,1515,26.517600,2.287500
1,1516,26.517600,2.195000
1,1517,26.517600,2.102500
1,1518,26.610100,2.010000
1,1519,26.610100,1.917500
1,1520,26.610100,1.825000
1,1521,26.610100,1.732500
1,1522,26.610100,1.640000
1,1523,26.610100,1.547500
1,1524,26.610100,1.455000
1,1525,26.610100,1.362500
1,1526,26.610100,1.270000
1,1527,26.610100,1.177500
1,1528,26.610100,1.085000
1,1529,26.610100,0.992500
1,1530,26.610100,0.900000
1,1531,26.610100,0.807500
1,1532,26.610100,0.715000
1,1533,26.610100,0.622500
1,1534,26.610100,0.530000
1,1535,26.610100,0.437500
1,1536,26.610100,0.345000
1,1537,26.517600,0.252500
1,1538,26.517600,0.160000
1,1539,26.517600,0.067500
1,1540,26.517600,-0.025000
1,1541,26.517600,-0.117500
1,1542,26.517600,-0.210000
1,1543,26.517600,-0.302500
1,1544,26.517600,-0.395000
1,1545,26.517600,-0.487500
1,1546,26.517600,-0.580000
1,1547,26.517600,-0.672500
1,1548,26.517600,-0.765000
1,1549,26.517600,-0.857500
1,1550,26.517600,-0.950000
1,1551,26.517600,-1.042500
1,1552,26.517600,-1.135000
1,1553,26.517600,-1.227500
1,1554,26.517600,-1.320000
1,1555,26.517600,-1.412500
1,1556,26.517600,-1.505000
1,1557,26.517600,-1.597500
1,1558,26.517600,-1.690000
1,1559,26.425100,-1.782500
1,1560,26.425100,-1.875000
1,1561,26.425100,-1.967500
1,1562,26.425100,-2.060000
1,1563,26.425100,-2.152500
1,1564,26.425100,-2.245000
1,1565,26.425100,-2.337500
1,1566,26.425100,-2.430000
1,1567,26.425100,-2.522500
1,1568,26.425100,-2.615000
1,1569,26.425100,-2.707500
1,1570,26.425100,-2.800000
1,1571,26.425100,-2.892500
1,1572,26.332600,-2.985000
1,1573,26.332600,-3.077500
1,1574,26.332600,-3.170000
1,1575,26.332600,-3.262500
1,1576,26.332600,-3.355000
1,1577,26.332600,-3.447500
1,1578,26.332600,-3.540000
1,1579,26.332600,-3.632500
1,1580,26.332600,-3.725000
1,1581,26.332600,-3.817500
1,1582,26.332600,-3.910000
1,1583,26.240100,-4.002500
1,1584,26.240100,-4.095000
1,1585,26.240100,-4.187500
1,1586,26.240100,-4.280000
1,1587,26.240100,-4.372500
1,1588,26.240100,-4.465000
1,1589,26.240100,-4.557500
1,1590,26.240100,-4.650000
1,1591,26.240100,-4.742500
1,1592,26.240100,-4.835000
1,1593,26.147600,-4.927500
1,1594,26.147600,-5.020000
1,1595,26.147600,-5.112500
1,1596,26.147600,-5.205000
1,1597,26.147600,-5.297500
1,1598,26.147600,-5.390000
1,1599,26.147600,-5.482500
1,1600,26.147600,-5.575000
1,1601,26.147600,-5.667500
1,1602,26.055100,-5.760000
1,1603,26.055100,-5.852500
1,1604,26.055100,-5.945000
1,1605,26.055100,-6.037500
1,1606,26.055100,-6.130000
1,1607,26.055100,-6.222500
1,1608,26.055100,-6.315000
1,1609,26.055100,-6.407500
1,1610,26.055100,-6.500000
1,1611,26.055100,-6.592500
1,1612,25.962600,-6.685000
1,1613,25.962600,-6.777500
1,1614,25.962600,-6.870000
1,1615,25.962600,-6.962500
1,1616,25.962600,-7.055000
1,1617,25.962600,-7.147500
1,1618,25.962600,-7.240000
1,1619,25.962600,-7.332500
1,1620,25.962600,-7.425000
1,1621,25.870100,-7.517500
1,1622,25.870100,-7.610000
1,1623,25.870100,-7.702500
1,1624,25.870100,-7.795000
1,1625,25.870100,-7.887500
1,1626,25.870100,-7.980000
1,1627,25.870100,-8.072500
1,1628,25.870100,-8.165000
1,1629,25.870100,-8.257500
1,1630,25.777600,-8.350000
1,1631,25.777600,-8.442500
1,1632,25.777600,-8.535000
1,1633,25.777600,-8.627500
1,1634,25.777600,-8.720000
1,1635,25.777600,-8.812500
1,1636,25.777600,-8.905000
1,1637,25.777600,-8.997500
1,1638,25.777600,-9.090000
1,1639,25.685100,-9.182500
1,1640,25.685100,-9.275000
1,1641,25.685100,-9.367500
1,1642,25.685100,-9.460000
1,1643,25.685100,-9.552500
1,1644,25.685100,-9.645000
1,1645,25.685100,-9.737500
1,1646,25.685100,-9.830000
1,1647,25.592600,-9.922500
1,1648,25.592600,-10.015000
1,1649,25.592600,-10.107500
1,1650,25.592600,-10.200000
1,1651,25.592600,-10.292500
1,1652,25.592600,-10.385000
1,1653,25.592600,-10.477500
1,1654,25.592600,-10.570000
1,1655,25.592600,-10.662500
1,1656,25.592600,-10.755000
1,1657,25.592600,-10.847500
1,1658,25.592600,-10.940000
1,1659,25.592600,-11.032500
1,1660,25.592600,-11.125000
1,1661,25.592600,-11.217500
1,1662,25.592600,-11.310000
1,1663,25.592600,-11.402500
1,1664,25.592600,-11.495000
1,1665,25.592600,-11.587500
1,1666,25.592600,-11.680000
1,1667,25.592600,-11.772500
1,1668,25.685100,-11.865000
1,1669,25.685100,-11.957500
1,1670,25.685100,-12.050000
1,1671,25.777600,-12.142500
1,1672,25.777600,-12.235000
1,1673,25.777600,-12.327500
1,1674,25.870100,-12.420000
1,1675,25.870100,-12.512500
1,1676,25.962600,-12.605000
1,1677,25.962600,-12.697500
1,1678,26.055100,-12.790000
1,1679,26.147600,-12.882500
1,1680,26.147600,-12.975000
1,1681,26.240100,-13.067500
1,1682,26.332600,-13.160000
1,1683,26.425100,-13.252500
1,1684,26.517600,-13.345000
1,1685,26.610100,-13.437500
1,1686,26.702600,-13.530000
1,1687,26.795100,-13.530000
1,1688,26.887600,-13.622500
1,1689,26.980100,-13.715000
1,1690,27.072600,-13.715000
1,1691,27.165100,-13.807500
1,1692,27.257600,-13.807500
1,1693,27.350100,-13.900000
1,1694,27.442600,-13.900000
1,1695,27.535100,-13.992500
1,1696,27.627600,-13.992500
1,1697,27.720100,-14.085000
1,1698,27.812600,-14.085000
1,1699,27.905100,-14.177500
1,1700,27.997600,-14.177500
1,1701,28.090100,-14.177500
1,1702,28.182600,-14.270000
1,1703,28.275100,-14.270000
1,1704,28.367600,-14.270000
1,1705,28.460100,-14.362500
1,1706,28.552600,-14.362500
1,1707,28.645100,-14.362500
1,1708,28.737600,-14.455000
1,1709,28.830100,-14.455000
1,1710,28.922600,-14.547500
1,1711,29.015100,-14.547500
1,1712,29.107600,-14.547500
1,1713,29.200100,-14.640000
1,1714,29.292600,-14.640000
1,1715,29.385100,-14.640000
1,1716,29.477600,-14.732500
1,1717,29.570100,-14.732500
1,1718,29.662600,-14.825000
1,1719,29.755100,-14.825000
1,1720,29.847600,-14.917500
1,1721,29.940100,-14.917500
1,1722,30.032600,-15.010000
1,1723,30.125100,-15.010000
1,1724,30.217600,-15.102500
1,1725,30.310100,-15.195000
1,1726,30.402600,-15.287500
1,1727,30.495100,-15.380000
1,1728,30.587600,-15.472500
1,1729,30.680100,-15.565000
1,1730,30.772600,-15.657500
1,1731,30.772600,-15.750000
1,1732,30.865100,-15.842500
1,1733,30.865100,-15.935000
1,1734,30.957600,-16.027500
1,1735,30.957600,-16.120000
1,1736,30.957600,-16.212500
1,1737,30.957600,-16.305000
1,1738,31.050100,-16.397500
1,1739,31.050100,-16.490000
1,1740,31.050100,-16.582500
1,1741,30.957600,-16.675000
1,1742,30.957600,-16.767500
1,1743,30.957600,-16.860000
1,1744,30.957600,-16.952500
1,1745,30.865100,-17.045000
1,1746,30.865100,-17.137500
1,1747,30.772600,-17.230000
1,1748,30.772600,-17.322500
1,1749,30.680100,-17.415000
1,1750,30.587600,-17.507500
1,1751,30.495100,-17.600000
1,1752,30.402600,-17.600000
1,1753,30.310100,-17.692500
1,1754,30.217600,-17.785000
1,1755,30.125100,-17.785000
1,1756,30.032600,-17.877500
1,1757,29.940100,-17.877500
1,1758,29.847600,-17.877500
1,1759,29.755100,-17.970000
1,1760,29.662600,-17.970000
1,1761,29.570100,-17.970000
1,1762,29.477600,-17.970000
1,1763,29.385100,-18.062500
1,1764,29.292600,-18.062500
1,1765,29.200100,-18.062500
1,1766,29.107600,-18.062500
1,1767,29.015100,-18.062500
1,1768,28.922600,-18.062500
1,1769,28.830100,-18.062500
1,1770,28.737600,-18.062500
1,1771,28.645100,-18.062500
1,1772,28.552600,-18.062500
1,1773,28.460100,-18.062500
1,1774,28.367600,-18.062500
1,1775,28.275100,-18.062500
1,1776,28.182600,-18.062500
1,1777,28.090100,-18.062500
1,1778,27.997600,-18.062500
1,1779,27.905100,-18.062500
1,1780,27.812600,-18.062500
1,1781,27.720100,-18.062500
1,1782,27.627600,-17.970000
1,1783,27.535100,-17.970000
1,1784,27.442600,-17.970000
1,1785,27.350100,-17.970000
1,1786,27.257600,-17.970000
1,1787,27.165100,-17.970000
1,1788,27.072600,-17.877500
1,1789,26.980100,-17.877500
1,1790,26.887600,-17.877500
1,1791,26.795100,-17.877500
1,1792,26.702600,-17.877500
1,1793,26.610100,-17.785000
1,1794,26.517600,-17.785000
1,1795,26.425100,-17.785000
1,1796,26.332600,-17.785000
1,1797,26.240100,-17.692500
1,1798,26.147600,-17.692500
1,1799,26.055100,-17.692500
1,1800,25.962600,-17.600000
1,1801,25.870100,-17.600000
1,1802,25.777600,-17.600000
1,1803,25.685100,-17.600000
1,1804,25.592600,-17.507500
1,1805,25.500100,-17.507500
1,1806,25.407600,-17.507500
1,1807,25.315100,-17.415000
1,1808,25.222600,-17.415000
1,1809,25.130100,-17.415000
1,1810,25.037600,-17.415000
1,1811,24.945100,-17.322500
1,1812,24.852600,-17.322500
1,1813,24.760100,-17.322500
1,1814,24.667600,-17.230000
1,1815,24.575100,-17.230000
1,1816,24.482600,-17.230000
1,1817,24.390100,-17.230000
1,1818,24.297600,-17.137500
1,1819,24.205100,-17.137500
1,1820,24.112600,-17.137500
1,1821,24.020100,-17.045000
1,1822,23.927600,-17.045000
1,1823,23.835100,-17.045000
1,1824,23.742600,-17.045000
1,1825,23.650100,-16.952500
1,1826,23.557600,-16.952500
1,1827,23.465100,-16.952500
1,1828,23.372600,-16.952500
1,1829,23.280100,-16.860000
1,1830,23.187600,-16.860000
1,1831,23.095100,-16.860000
1,1832,23.002600,-16.767500
1,1833,22.910100,-16.767500
1,1834,22.817600,-16.767500
1,1835,22.725100,-16.767500
1,1836,22.632600,-16.675000
1,1837,22.540100,-16.675000
1,1838,22.447600,-16.675000
1,1839,22.355100,-16.582500
1,1840,22.262600,-16.582500
1,1841,22.170100,-16.582500
1,1842,22.077600,-16.582500
1,1843,21.985100,-16.490000
1,1844,21.892600,-16.490000
1,1845,21.800100,-16.490000
1,1846,21.707600,-16.397500
1,1847,21.615100,-16.397500
1,1848,21.522600,-16.397500
1,1849,21.430100,-16.397500
1,1850,21.337600,-16.305000
1,1851,21.245100,-16.305000
1,1852,21.152600,-16.305000
1,1853,21.060100,-16.212500
1,1854,20.967600,-16.212500
1,1855,20.875100,-16.212500
1,1856,20.782600,-16.120000
1,1857,20.690100,-16.120000
1,1858,20.597600,-16.120000
1,1859,20.505100,-16.027500
1,1860,20.412600,-16.027500
1,1861,20.320100,-15.935000
1,1862,20.227600,-15.935000
1,1863,20.135100,-15.935000
1,1864,20.042600,-15.842500
1,1865,19.950100,-15.842500
1,1866,19.857600,-15.842500
1,1867,19.765100,-15.750000
1,1868,19.672600,-15.750000
1,1869,19.580100,-15.657500
1,1870,19.487600,-15.657500
1,1871,19.395100,-15.657500
1,1872,19.302600,-15.565000
1,1873,19.210100,-15.565000
1,1874,19.117600,-15.472500
1,1875,19.025100,-15.472500
1,1876,18.932600,-15.472500
1,1877,18.840100,-15.380000
1,1878,18.747600,-15.380000
1,1879,18.655100,-15.287500
1,1880,18.562600,-15.287500
1,1881,18.470100,-15.195000
1,1882,18.377600,-15.195000
1,1883,18.285100,-15.102500
1,1884,18.192600,-15.102500
1,1885,18.100100,-15.010000
1,1886,18.007600,-15.010000
1,1887,17.915100,-14.917500
1,1888,17.822600,-14.917500
1,1889,17.730100,-14.825000
1,1890,17.637600,-14.825000
1,1891,17.545100,-14.732500
1,1892,17.452600,-14.640000
1,1893,17.360100,-14.640000
1,1894,17.267600,-14.547500
1,1895,17.175100,-14.547500
1,1896,17.082600,-14.455000
1,1897,16.990100,-14.362500
1,1898,16.897600,-14.362500
1,1899,16.805100,-14.270000
1,1900,16.712600,-14.177500
1,1901,16.620100,-14.177500
1,1902,16.527600,-14.085000
1,1903,16.435100,-13.992500
1,1904,16.342600,-13.900000
1,1905,16.250100,-13.900000
1,1906,16.157600,-13.807500
1,1907,16.065100,-13.715000
1,1908,15.972600,-13.715000
1,1909,15.880100,-13.622500
1,1910,15.787600,-13.530000
1,1911,15.695100,-13.437500
1,1912,15.602600,-13.345000
1,1913,15.510100,-13.345000
1,1914,15.417600,-13.252500
1,1915,15.325100,-13.160000
1,1916,15.232600,-13.067500
1,1917,15.140100,-13.067500
1,1918,15.047600,-12.975000
1,1919,14.955100,-12.882500
1,1920,14.862600,-12.790000
1,1921,14.770100,-12.697500
1,1922,14.677600,-12.697500
1,1923,14.585100,-12.605000
1,1924,14.492600,-12.512500
1,1925,14.400100,-12.420000
1,1926,14.307600,-12.420000
1,1927,14.215100,-12.327500
1,1928,14.122600,-12.235000
1,1929,14.030100,-12.142500
1,1930,13.937600,-12.050000
1,1931,13.845100,-12.050000
1,1932,13.752600,-11.957500
1,1933,13.660100,-11.865000
1,1934,13.567600,-11.772500
1,1935,13.475100,-11.772500
1,1936,13.382600,-11.680000
1,1937,13.290100,-11.587500
1,1938,13.197600,-11.495000
1,1939,13.105100,-11.402500
1,1940,13.012600,-11.402500
1,1941,12.920100,-11.310000
1,1942,12.827600,-11.217500
1,1943,12.735100,-11.125000
1,1944,12.642600,-11.125000
1,1945,12.550100,-11.032500
1,1946,12.457600,-10.940000
1,1947,12.365100,-10.847500
1,1948,12.272600,-10.755000
1,1949,12.180100,-10.755000
1,1950,12.087600,-10.662500
1,1951,11.995100,-10.570000
1,1952,11.902600,-10.477500
1,1953,11.810100,-10.385000
1,1954,11.717600,-10.385000
1,1955,11.625100,-10.292500
1,1956,11.532600,-10.200000
1,1957,11.440100,-10.107500
1,1958,11.347600,-10.015000
1,1959,11.255100,-10.015000
1,1960,11.162600,-9.922500
1,1961,11.070100,-9.830000
1,1962,10.977600,-9.737500
1,1963,10.885100,-9.645000
1,1964,10.792600,-9.552500
1,1965,10.700100,-9.552500
1,1966,10.607600,-9.460000
1,1967,10.515100,-9.367500
1,1968,10.422600,-9.275000
1,1969,10.330100,-9.182500
1,1970,10.237600,-9.090000
1,1971,10.145100,-9.090000
1,1972,10.052600,-8.997500
1,1973,9.960100,-8.905000
1,1974,9.867600,-8.812500
1,1975,9.775100,-8.720000
1,1976,9.682600,-8.627500
1,1977,9.590100,-8.627500
1,1978,9.497600,-8.535000
1,1979,9.405100,-8.442500
1,1980,9.312600,-8.350000
1,1981,9.220100,-8.257500
1,1982,9.127600,-8.165000
1,1983,9.035100,-8.165000
1,1984,8.942600,-8.072500
1,1985,8.850100,-7.980000
1,1986,8.757600,-7.887500
1,1987,8.665100,-7.795000
1,1988,8.572600,-7.702500
1,1989,8.480100,-7.702500
1,1990,8.387600,-7.610000
1,1991,8.295100,-7.517500
1,1992,8.202600,-7.425000
1,1993,8.110100,-7.332500
1,1994,8.017600,-7.240000
1,1995,7.925100,-7.147500
1,1996,7.832600,-7.147500
1,1997,7.740100,-7.055000
1,1998,7.647600,-6.962500
1,1999,7.555100,-6.870000
1,2000,7.462600,-6.777500
1,2001,7.370100,-6.685000
1,2002,7.277600,-6.685000
1,2003,7.185100,-6.592500
1,2004,7.092600,-6.500000
1,2005,7.000100,-6.407500
1,2006,6.907600,-6.315000
1,2007,6.815100,-6.222500
1,2008,6.722600,-6.130000
1,2009,6.630100,-6.037500
1,2010,6.537600,-6.037500
1,2011,6.445100,-5.945000
1,2012,6.352600,-5.852500
1,2013,6.352600,-5.760000
1,2014,6.260100,-5.667500
1,2015,6.167600,-5.575000
1,2016,6.075100,-5.482500
1,2017,5.982600,-5.390000
1,2018,5.890100,-5.297500
1,2019,5.890100,-5.205000
1,2020,5.797600,-5.112500
1,2021,5.705100,-5.020000
1,2022,5.705100,-4.927500
1,2023,5.612600,-4.835000
1,2024,5.612600,-4.742500
1,2025,5.612600,-4.650000
1,2026,5.520100,-4.557500
1,2027,5.520100,-4.465000
1,2028,5.520100,-4.372500
1,2029,5.612600,-4.280000
1,2030,5.612600,-4.187500
1,2031,5.612600,-4.095000
1,2032,5.612600,-4.002500
1,2033,5.705100,-3.910000
1,2034,5.705100,-3.817500
1,2035,5.705100,-3.725000
1,2036,5.705100,-3.632500
1,2037,5.797600,-3.540000
1,2038,5.797600,-3.447500
1,2039,5.890100,-3.355000
1,2040,5.890100,-3.262500
1,2041,5.890100,-3.170000
1,2042,5.982600,-3.077500
1,2043,5.982600,-2.985000
1,2044,5.982600,-2.892500
1,2045,6.075100,-2.800000
1,2046,6.075100,-2.707500
1,2047,6.075100,-2.615000
1,2048,6.167600,-2.522500
1,2049,6.167600,-2.430000
1,2050,6.167600,-2.337500
1,2051,6.167600,-2.245000
1,2052,6.260100,-2.152500
1,2053,6.260100,-2.060000
1,2054,6.260100,-1.967500
1,2055,6.260100,-1.875000
1,2056,6.352600,-1.782500
1,2057,6.352600,-1.690000
1,2058,6.352600,-1.597500
1,2059,6.352600,-1.505000
1,2060,6.352600,-1.412500
1,2061,6.352600,-1.320000
1,2062,6.352600,-1.227500
1,2063,6.352600,-1.135000
1,2064,6.352600,-1.042500
1,2065,6.352600,-0.950000
1,2066,6.352600,-0.857500
1,2067,6.352600,-0.765000
1,2068,6.352600,-0.672500
1,2069,6.352600,-0.580000
1,2070,6.352600,-0.487500
1,2071,6.352600,-0.395000
1,2072,6.352600,-0.302500
1,2073,6.352600,-0.210000
1,2074,6.260100,-0.117500
1,2075,6.260100,-0.025000
1,2076,6.260100,0.067500
1,2077,6.260100,0.160000
1,2078,6.167600,0.252500
1,2079,6.167600,0.345000
1,2080,6.167600,0.437500
1,2081,6.075100,0.530000
1,2082,6.075100,0.622500
1,2083,5.982600,0.715000
1,2084,5.982600,0.807500
1,2085,5.890100,0.900000
1,2086,5.797600,0.992500
1,2087,5.705100,1.085000
1,2088,5.705100,1.177500
1,2089,5.612600,1.270000
1,2090,5.520100,1.362500
1,2091,5.427600,1.455000
1,2092,5.335100,1.547500
1,2093,5.242600,1.640000
1,2094,5.242600,1.732500
1,2095,5.150100,1.825000
1,2096,5.057600,1.917500
1,2097,4.965100,2.010000
1,2098,4.872600,2.102500
1,2099,4.780100,2.195000
1,2100,4.687600,2.287500
1,2101,4.687600,2.380000
1,2102,4.595100,2.472500
1,2103,4.502600,2.565000
1,2104,4.410100,2.657500
1,2105,4.317600,2.750000
1,2106,4.225100,2.842500
1,2107,4.225100,2.935000
1,2108,4.132600,3.027500
1,2109,4.040100,3.120000
1,2110,3.947600,3.212500
1,2111,3.855100,3.305000
1,2112,3.855100,3.397500
1,2113,3.762600,3.490000
1,2114,3.670100,3.582500
1,2115,3.577600,3.675000
1,2116,3.485100,3.767500
1,2117,3.392600,3.860000
1,2118,3.392600,3.952500
1,2119,3.300100,4.045000
1,2120,3.207600,4.137500
1,2121,3.115100,4.230000
1,2122,3.022600,4.322500
1,2123,2.930100,4.415000
1,2124,2.930100,4.507500
1,2125,2.837600,4.600000
1,2126,2.745100,4.692500
1,2127,2.652600,4.785000
1,2128,2.560100,4.877500
1,2129,2.467600,4.970000
1,2130,2.467600,5.062500
1,2131,2.375100,5.155000
1,2132,2.282600,5.247500
1,2133,2.190100,5.340000
1,2134,2.097600,5.432500
1,2135,2.005100,5.525000
1,2136,2.005100,5.617500
1,2137,1.912600,5.710000
1,2138,1.820100,5.802500
1,2139,1.727600,5.895000
1,2140,1.635100,5.987500
1,2141,1.542600,6.080000
1,2142,1.542600,6.172500
1,2143,1.450100,6.265000
1,2144,1.357600,6.357500
1,2145,1.265100,6.450000
1,2146,1.172600,6.542500
1,2147,1.172600,6.635000
1,2148,1.080100,6.727500
1,2149,0.987600,6.820000
1,2150,0.895100,6.912500
1,2151,0.802600,7.005000
1,2152,0.802600,7.097500
1,2153,0.710100,7.190000
1,2154,0.617600,7.282500
1,2155,0.525100,7.375000
1,2156,0.525100,7.467500
1,2157,0.432600,7.560000
1,2158,0.340100,7.652500
1,2159,0.247600,7.745000
1,2160,0.155100,7.837500
1,2161,0.155100,7.930000
1,2162,0.062600,8.022500
1,2163,-0.029900,8.115000
1,2164,-0.122400,8.207500
1,2165,-0.214900,8.300000
1,2166,-0.214900,8.392500
1,2167,-0.307400,8.485000
1,2168,-0.399900,8.577500
1,2169,-0.492400,8.670000
1,2170,-0.584900,8.762500
1,2171,-0.677400,8.855000
1,2172,-0.769900,8.947500
1,2173,-0.862400,9.040000
1,2174,-0.862400,9.132500
1,2175,-0.954900,9.225000
1,2176,-1.047400,9.317500
1,2177,-1.139900,9.410000
1,2178,-1.232400,9.502500
1,2179,-1.324900,9.502500
1,2180,-1.417400,9.595000
1,2181,-1.509900,9.687500
1,2182,-1.602400,9.780000
1,2183,-1.694900,9.872500
1,2184,-1.787400,9.965000
1,2185,-1.879900,10.057500
1,2186,-1.972400,10.150000
1,2187,-2.064900,10.150000
1,2188,-2.157400,10.242500
1,2189,-2.249900,10.335000
1,2190,-2.342400,10.427500
1,2191,-2.434900,10.427500
1,2192,-2.527400,10.520000
1,2193,-2.619900,10.612500
1,2194,-2.712400,10.705000
1,2195,-2.804900,10.705000
1,2196,-2.897400,10.797500
1,2197,-2.989900,10.890000
1,2198,-3.082400,10.890000
1,2199,-3.174900,10.982500
1,2200,-3.267400,11.075000
1,2201,-3.359900,11.075000
1,2202,-3.452400,11.167500
1,2203,-3.544900,11.167500
1,2204,-3.637400,11.260000
1,2205,-3.729900,11.260000
1,2206,-3.822400,11.352500
1,2207,-3.914900,11.445000
1,2208,-4.007400,11.445000
1,2209,-4.099900,11.537500
1,2210,-4.192400,11.537500
1,2211,-4.284900,11.630000
1,2212,-4.377400,11.722500
1,2213,-4.469900,11.722500
1,2214,-4.562400,11.815000
1,2215,-4.654900,11.907500
1,2216,-4.747400,11.907500
1,2217,-4.839900,12.000000
1,2218,-4.932400,12.092500
1,2219,-5.024900,12.185000
1,2220,-5.117400,12.277500
1,2221,-5.209900,12.277500
1,2222,-5.302400,12.370000
1,2223,-5.394900,12.462500
1,2224,-5.487400,12.555000
1,2225,-5.579900,12.647500
1,2226,-5.672400,12.740000
1,2227,-5.764900,12.832500
1,2228,-5.857400,12.925000
1,2229,-5.949900,13.017500
1,2230,-5.949900,13.110000
1,2231,-6.042400,13.202500
1,2232,-6.134900,13.295000
1,2233,-6.227400,13.387500
1,2234,-6.319900,13.480000
1,2235,-6.319900,13.572500
1,2236,-6.412400,13.665000
1,2237,-6.504900,13.757500
1,2238,-6.504900,13.850000
1,2239,-6.597400,13.942500
1,2240,-6.597400,14.035000
1,2241,-6.689900,14.127500
1,2242,-6.782400,14.220000
1,2243,-6.782400,14.312500
1,2244,-6.874900,14.405000
1,2245,-6.874900,14.497500
1,2246,-6.967400,14.590000
1,2247,-6.967400,14.682500
1,2248,-6.967400,14.775000
1,2249,-7.059900,14.867500
1,2250,-7.059900,14.960000
1,2251,-7.152400,15.052500
1,2252,-7.152400,15.145000
1,2253,-7.244900,15.237500
1,2254,-7.244900,15.330000
1,2255,-7.337400,15.422500
1,2256,-7.337400,15.515000
1,2257,-7.429900,15.607500
1,2258,-7.429900,15.700000
1,2259,-7.522400,15.792500
1,2260,-7.522400,15.885000
1,2261,-7.522400,15.977500
1,2262,-7.614900,16.070000
1,2263,-7.614900,16.162500
1,2264,-7.707400,16.255000
1,2265,-7.707400,16.347500
1,2266,-7.707400,16.440000
1,2267,-7.799900,16.532500
1,2268,-7.799900,16.625000
1,2269,-7.892400,16.717500
1,2270,-7.892400,16.810000
1,2271,-7.892400,16.902500
1,2272,-7.984900,16.995000
1,2273,-7.984900,17.087500
1,2274,-7.984900,17.180000
1,2275,-7.984900,17.272500
1,2276,-8.077400,17.365000
1,2277,-8.077400,17.457500
1,2278,-8.077400,17.550000
1,2279,-8.077400,17.642500
1,2280,-8.077400,17.735000
1,2281,-8.169900,17.827500
1,2282,-8.169900,17.920000
1,2283,-8.169900,18.012500
1,2284,-8.169900,18.105000
1,2285,-8.169900,18.197500
1,2286,-8.169900,18.290000
1,2287,-8.262400,18.382500
1,2288,-8.262400,18.475000
1,2289,-8.262400,18.567500
1,2290,-8.262400,18.660000
1,2291,-8.262400,18.752500
1,2292,-8.262400,18.845000
1,2293,-8.262400,18.937500
1,2294,-8.262400,19.030000
1,2295,-8.262400,19.122500
1,2296,-8.262400,19.215000
1,2297,-8.262400,19.307500
1,2298,-8.262400,19.400000
1,2299,-8.354900,19.492500
1,2300,-8.354900,19.585000
1,2301,-8.354900,19.677500
1,2302,-8.354900,19.770000
1,2303,-8.354900,19.862500
1,2304,-8.354900,19.955000
1,2305,-8.354900,20.047500
1,2306,-8.354900,20.140000
1,2307,-8.354900,20.232500
1,2308,-8.354900,20.325000
1,2309,-8.354900,20.417500
1,2310,-8.354900,20.510000
1,2311,-8.354900,20.602500
1,2312,-8.354900,20.695000
1,2313,-8.354900,20.787500
1,2314,-8.354900,20.880000
1,2315,-8.354900,20.972500
1,2316,-8.354900,21.065000
1,2317,-8.354900,21.157500
1,2318,-8.354900,21.250000
1,2319,-8.354900,21.342500
1,2320,-8.354900,21.435000
1,2321,-8.354900,21.527500
1,2322,-8.354900,21.620000
1,2323,-8.354900,21.712500
1,2324,-8.354900,21.805000
1,2325,-8.354900,21.897500
1,2326,-8.354900,21.990000
1,2327,-8.354900,22.082500
1,2328,-8.354900,22.175000
1,2329,-8.354900,22.267500
1,2330,-8.354900,22.360000
1,2331,-8.354900,22.452500
1,2332,-8.354900,22.545000
1,2333,-8.354900,22.637500
1,2334,-8.447400,22.730000
1,2335,-8.447400,22.822500
1,2336,-8.447400,22.915000
1,2337,-8.447400,23.007500
1,2338,-8.447400,23.100000
1,2339,-8.447400,23.192500
1,2340,-8.447400,23.285000
1,2341,-8.447400,23.377500
1,2342,-8.447400,23.470000
1,2343,-8.447400,23.562500
1,2344,-8.447400,23.655000
1,2345,-8.447400,23.747500
1,2346,-8.447400,23.840000
1,2347,-8.447400,23.932500
1,2348,-8.447400,24.025000
1,2349,-8.447400,24.117500
1,2350,-8.447400,24.210000
1,2351,-8.447400,24.302500
1,2352,-8.447400,24.395000
1,2353,-8.447400,24.487500
1,2354,-8.447400,24.580000
1,2355,-8.447400,24.672500
1,2356,-8.447400,24.765000
1,2357,-8.447400,24.857500
1,2358,-8.447400,24.950000
1,2359,-8.447400,25.042500
1,2360,-8.447400,25.135000
1,2361,-8.447400,25.227500
1,2362,-8.447400,25.320000
1,2363,-8.447400,25.412500
1,2364,-8.447400,25.505000
1,2365,-8.447400,25.597500
1,2366,-8.447400,25.690000
1,2367,-8.447400,25.782500
1,2368,-8.447400,25.875000
1,2369,-8.447400,25.967500
1,2370,-8.447400,26.060000
1,2371,-8.447400,26.152500
1,2372,-8.447400,26.245000
1,2373,-8.447400,26.337500
1,2374,-8.447400,26.430000
1,2375,-8.447400,26.522500
1,2376,-8.447400,26.615000
1,2377,-8.447400,26.707500
1,2378,-8.447400,26.800000
1,2379,-8.447400,26.892500
1,2380,-8.447400,26.985000
1,2381,-8.447400,27.077500
1,2382,-8.447400,27.170000
1,2383,-8.447400,27.262500
1,2384,-8.447400,27.355000
1,2385,-8.447400,27.447500
1,2386,-8.447400,27.540000
1,2387,-8.447400,27.632500
1,2388,-8.447400,27.725000
1,2389,-8.447400,27.817500
1,2390,-8.447400,27.910000
1,2391,-8.447400,28.002500
1,2392,-8.447400,28.095000
1,2393,-8.447400,28.187500
1,2394,-8.447400,28.280000
1,2395,-8.447400,28.372500
1,2396,-8.447400,28.465000
1,2397,-8.447400,28.557500
1,2398,-8.447400,28.650000
1,2399,-8.447400,28.742500
1,2400,-8.447400,28.835000
1,2401,-8.447400,28.927500
1,2402,-8.447400,29.020000
1,2403,-8.447400,29.112500
1,2404,-8.447400,29.205000
1,2405,-8.447400,29.297500
1,2406,-8.447400,29.390000
1,2407,-8.447400,29.482500
1,2408,-8.447400,29.575000
1,2409,-8.447400,29.667500
1,2410,-8.447400,29.760000
1,2411,-8.447400,29.852500
1,2412,-8.447400,29.945000
1,2413,-8.447400,30.037500
1,2414,-8.447400,30.130000
1,2415,-8.447400,30.222500
1,2416,-8.447400,30.315000
1,2417,-8.447400,30.407500
1,2418,-8.447400,30.500000
1,2419,-8.447400,30.592500
1,2420,-8.447400,30.685000
1,2421,-8.447400,30.777500
1,2422,-8.447400,30.870000
1,2423,-8.447400,30.962500
1,2424,-8.447400,31.055000
1,2425,-8.447400,31.147500
1,2426,-8.447400,31.240000
1,2427,-8.447400,31.332500
1,2428,-8.447400,31.425000
1,2429,-8.447400,31.517500
1,2430,-8.447400,31.610000
1,2431,-8.447400,31.702500
1,2432,-8.447400,31.795000
1,2433,-8.447400,31.887500
1,2434,-8.447400,31.980000
1,2435,-8.447400,32.072500
1,2436,-8.539900,32.165000
1,2437,-8.539900,32.257500
1,2438,-8.539900,32.350000
1,2439,-8.539900,32.442500
1,2440,-8.539900,32.535000
1,2441,-8.539900,32.627500
1,2442,-8.632400,32.720000
1,2443,-8.632400,32.812500
1,2444,-8.632400,32.905000
1,2445,-8.724900,32.997500
1,2446,-8.724900,33.090000
1,2447,-8.724900,33.182500
1,2448,-8.817400,33.275000
1,2449,-8.817400,33.367500
1,2450,-8.909900,33.460000
1,2451,-8.909900,33.552500
1,2452,-9.002400,33.645000
1,2453,-9.002400,33.737500
1,2454,-9.094900,33.830000
1,2455,-9.187400,33.922500
1,2456,-9.279900,34.015000
1,2457,-9.372400,34.107500
1,2458,-9.372400,34.200000
1,2459,-9.464900,34.292500
1,2460,-9.557400,34.385000
1,2461,-9.649900,34.385000
1,2462,-9.742400,34.477500
1,2463,-9.834900,34.570000
1,2464,-9.927400,34.662500
1,2465,-10.019900,34.662500
1,2466,-10.112400,34.755000
1,2467,-10.204900,34.847500
1,2468,-10.297400,34.847500
1,2469,-10.389900,34.940000
1,2470,-10.482400,34.940000
1,2471,-10.574900,34.940000
1,2472,-10.667400,35.032500
1,2473,-10.759900,35.032500
1,2474,-10.852400,35.032500
1,2475,-10.944900,35.032500
1,2476,-11.037400,35.125000
1,2477,-11.129900,35.125000
1,2478,-11.222400,35.125000
1,2479,-11.314900,35.125000
1,2480,-11.407400,35.125000
1,2481,-11.499900,35.125000
1,2482,-11.592400,35.125000
1,2483,-11.684900,35.217500
1,2484,-11.777400,35.217500
1,2485,-11.869900,35.217500
1,2486,-11.962400,35.125000
1,2487,-12.054900,35.125000
1,2488,-12.147400,35.125000
1,2489,-12.239900,35.125000
1,2490,-12.332400,35.125000
1,2491,-12.424900,35.125000
1,2492,-12.517400,35.125000
1,2493,-12.609900,35.125000
1,2494,-12.702400,35.125000
1,2495,-12.794900,35.032500
1,2496,-12.887400,35.032500
1,2497,-12.979900,35.032500
1,2498,-13.072400,35.032500
1,2499,-13.164900,34.940000
1,2500,-13.257400,34.940000
1,2501,-13.349900,34.940000
1,2502,-13.442400,34.847500
1,2503,-13.534900,34.847500
1,2504,-13.627400,34.847500
1,2505,-13.719900,34.755000
1,2506,-13.812400,34.755000
1,2507,-13.904900,34.755000
1,2508,-13.997400,34.662500
1,2509,-14.089900,34.662500
1,2510,-14.182400,34.662500
1,2511,-14.274900,34.570000
1,2512,-14.367400,34.570000
1,2513,-14.459900,34.570000
1,2514,-14.552400,34.570000
1,2515,-14.644900,34.477500
1,2516,-14.737400,34.477500
1,2517,-14.829900,34.477500
1,2518,-14.922400,34.477500
1,2519,-15.014900,34.477500
1,2520,-15.107400,34.570000
1,2521,-15.199900,34.570000
1,2522,-15.292400,34.570000
1,2523,-15.384900,34.570000
1,2524,-15.477400,34.662500
1,2525,-15.569900,34.662500
1,2526,-15.662400,34.662500
1,2527,-15.754900,34.755000
1,2528,-15.847400,34.755000
1,2529,-15.939900,34.755000
1,2530,-16.032400,34.847500
1,2531,-16.124900,34.847500
1,2532,-16.217400,34.940000
1,2533,-16.309900,35.032500
1,2534,-16.402400,35.032500
1,2535,-16.494900,35.125000
1,2536,-16.587400,35.125000
1,2537,-16.679900,35.217500
1,2538,-16.772400,35.310000
1,2539,-16.864900,35.310000
1,2540,-16.957400,35.402500
1,2541,-17.049900,35.495000
1,2542,-17.142400,35.587500
1,2543,-17.234900,35.680000
1,2544,-17.327400,35.772500
1,2545,-17.419900,35.865000
1,2546,-17.512400,35.957500
1,2547,-17.604900,36.050000
1,2548,-17.697400,36.142500
1,2549,-17.789900,36.235000
1,2550,-17.882400,36.327500
1,2551,-17.882400,36.420000
1,2552,-17.974900,36.512500
1,2553,-18.067400,36.605000
1,2554,-18.159900,36.697500
1,2555,-18.159900,36.790000
1,2556,-18.252400,36.882500
1,2557,-18.252400,36.975000
1,2558,-18.344900,37.067500
1,2559,-18.437400,37.160000
1,2560,-18.437400,37.252500
1,2561,-18.529900,37.345000
1,2562,-18.529900,37.437500
1,2563,-18.622400,37.530000
1,2564,-18.622400,37.622500
1,2565,-18.714900,37.715000
1,2566,-18.714900,37.807500
1,2567,-18.807400,37.900000
1,2568,-18.807400,37.992500
1,2569,-18.807400,38.085000
1,2570,-18.899900,38.177500
1,2571,-18.899900,38.270000
1,2572,-18.992400,38.362500
1,2573,-18.992400,38.455000
1,2574,-18.992400,38.547500
1,2575,-19.084900,38.640000
1,2576,-19.084900,38.732500
1,2577,-19.084900,38.825000
1,2578,-19.177400,38.917500
1,2579,-19.177400,39.010000
1,2580,-19.177400,39.102500
1,2581,-19.177400,39.195000
1,2582,-19.269900,39.287500
1,2583,-19.269900,39.380000
1,2584,-19.269900,39.472500
1,2585,-19.269900,39.565000
1,2586,-19.362400,39.657500
1,2587,-19.362400,39.750000
1,2588,-19.362400,39.842500
1,2589,-19.362400,39.935000
1,2590,-19.454900,40.027500
1,2591,-19.454900,40.120000
1,2592,-19.454900,40.212500
1,2593,-19.454900,40.305000
1,2594,-19.547400,40.397500
1,2595,-19.547400,40.490000
1,2596,-19.547400,40.582500
1,2597,-19.547400,40.675000
1,2598,-19.547400,40.767500
1,2599,-19.639900,40.860000
1,2600,-19.639900,40.952500
1,2601,-19.639900,41.045000
1,2602,-19.639900,41.137500
1,2603,-19.639900,41.230000
1,2604,-19.732400,41.322500
1,2605,-19.732400,41.415000
1,2606,-19.732400,41.507500
1,2607,-19.732400,41.600000
1,2608,-19.732400,41.692500
1,2609,-19.732400,41.785000
1,2610,-19.824900,41.877500
1,2611,-19.824900,41.970000
1,2612,-19.824900,42.062500
1,2613,-19.824900,42.155000
1,2614,-19.824900,42.247500
1,2615,-19.824900,42.340000
1,2616,-19.917400,42.432500
1,2617,-19.917400,42.525000
1,2618,-19.917400,42.617500
1,2619,-19.917400,42.710000
1,2620,-19.917400,42.802500
1,2621,-19.917400,42.895000
1,2622,-20.009900,42.987500
1,2623,-20.009900,43.080000
1,2624,-20.009900,43.172500
1,2625,-20.009900,43.265000
1,2626,-20.009900,43.357500
1,2627,-20.009900,43.450000
1,2628,-20.102400,43.542500
1,2629,-20.102400,43.635000
1,2630,-20.102400,43.727500
1,2631,-20.102400,43.820000
1,2632,-20.102400,43.912500
1,2633,-20.102400,44.005000
1,2634,-20.102400,44.097500
1,2635,-20.194900,44.190000
1,2636,-20.194900,44.282500
1,2637,-20.194900,44.375000
1,2638,-20.194900,44.467500
1,2639,-20.194900,44.560000
1,2640,-20.194900,44.652500
1,2641,-20.194900,44.745000
1,2642,-20.194900,44.837500
1,2643,-20.287400,44.930000
1,2644,-20.287400,45.022500
1,2645,-20.287400,45.115000
1,2646,-20.287400,45.207500
1,2647,-20.287400,45.300000
1,2648,-20.287400,45.392500
1,2649,-20.287400,45.485000
1,2650,-20.287400,45.577500
1,2651,-20.379900,45.670000
1,2652,-20.379900,45.762500
1,2653,-20.379900,45.855000
1,2654,-20.379900,45.947500
1,2655,-20.379900,46.040000
1,2656,-20.379900,46.132500
1,2657,-20.379900,46.225000
1,2658,-20.379900,46.317500
1,2659,-20.379900,46.410000
1,2660,-20.379900,46.502500
1,2661,-20.472400,46.595000
1,2662,-20.472400,46.687500
1,2663,-20.472400,46.780000
1,2664,-20.472400,46.872500
1,2665,-20.472400,46.965000
1,2666,-20.472400,47.057500
1,2667,-20.472400,47.150000
1,2668,-20.472400,47.242500
1,2669,-20.472400,47.335000
1,2670,-20.472400,47.427500
1,2671,-20.472400,47.520000
1,2672,-20.564900,47.612500
1,2673,-20.564900,47.705000
1,2674,-20.564900,47.797500
1,2675,-20.564900,47.890000
1,2676,-20.564900,47.982500
1,2677,-20.564900,48.075000
1,2678,-20.564900,48.167500
1,2679,-20.564900,48.260000
1,2680,-20.564900,48.352500
1,2681,-20.564900,48.445000
1,2682,-20.564900,48.537500
1,2683,-20.564900,48.630000
1,2684,-20.564900,48.722500
1,2685,-20.657400,48.815000
1,2686,-20.657400,48.907500
1,2687,-20.657400,49.000000
1,2688,-20.657400,49.092500
1,2689,-20.657400,49.185000
1,2690,-20.657400,49.277500
1,2691,-20.657400,49.370000
1,2692,-20.657400,49.462500
1,2693,-20.657400,49.555000
1,2694,-20.657400,49.647500
1,2695,-20.657400,49.740000
1,2696,-20.657400,49.832500
1,2697,-20.657400,49.925000
1,2698,-20.657400,50.017500
1,2699,-20.749900,50.110000
1,2700,-20.749900,50.202500
1,2701,-20.749900,50.295000
1,2702,-20.749900,50.387500
1,2703,-20.749900,50.480000
1,2704,-20.749900,50.572500
1,2705,-20.749900,50.665000
1,2706,-20.749900,50.757500
1,2707,-20.749900,50.850000
1,2708,-20.749900,50.942500
1,2709,-20.749900,51.035000
1,2710,-20.749900,51.127500
1,2711,-20.749900,51.220000
1,2712,-20.749900,51.312500
1,2713,-20.842400,51.405000
1,2714,-20.842400,51.497500
1,2715,-20.842400,51.590000
1,2716,-20.842400,51.682500
1,2717,-20.842400,51.775000
1,2718,-20.842400,51.867500
1,2719,-20.842400,51.960000
1,2720,-20.842400,52.052500
1,2721,-20.842400,52.145000
1,2722,-20.842400,52.237500
1,2723,-20.842400,52.330000
1,2724,-20.842400,52.422500
1,2725,-20.842400,52.515000
1,2726,-20.934900,52.607500
1,2727,-20.934900,52.700000
1,2728,-20.934900,52.792500
1,2729,-20.934900,52.885000
1,2730,-20.934900,52.977500
1,2731,-20.934900,53.070000
1,2732,-20.934900,53.162500
1,2733,-20.934900,53.255000
1,2734,-20.934900,53.347500
1,2735,-20.934900,53.440000
1,2736,-20.934900,53.532500
1,2737,-20.934900,53.625000
1,2738,-20.934900,53.717500
1,2739,-21.027400,53.810000
1,2740,-21.027400,53.902500
1,2741,-21.027400,53.995000
1,2742,-21.027400,54.087500
1,2743,-21.027400,54.180000
1,2744,-21.027400,54.272500
1,2745,-21.027400,54.365000
1,2746,-21.027400,54.457500
1,2747,-21.027400,54.550000
1,2748,-21.027400,54.642500
1,2749,-21.027400,54.735000
1,2750,-21.027400,54.827500
1,2751,-21.119900,54.920000
1,2752,-21.119900,55.012500
1,2753,-21.119900,55.105000
1,2754,-21.119900,55.197500
1,2755,-21.119900,55.290000
1,2756,-21.119900,55.382500
1,2757,-21.119900,55.475000
1,2758,-21.119900,55.567500
1,2759,-21.119900,55.660000
1,2760,-21.119900,55.752500
1,2761,-21.119900,55.845000
1,2762,-21.119900,55.937500
1,2763,-21.119900,56.030000
1,2764,-21.212400,56.122500
1,2765,-21.212400,56.215000
1,2766,-21.212400,56.307500
1,2767,-21.212400,56.400000
1,2768,-21.212400,56.492500
1,2769,-21.212400,56.585000
1,2770,-21.212400,56.677500
1,2771,-21.212400,56.770000
1,2772,-21.212400,56.862500
1,2773,-21.212400,56.955000
1,2774,-21.212400,57.047500
1,2775,-21.212400,57.140000
1,2776,-21.212400,57.232500
1,2777,-21.212400,57.325000
1,2778,-21.212400,57.417500
1,2779,-21.212400,57.510000
1,2780,-21.212400,57.602500
1,2781,-21.212400,57.695000
1,2782,-21.212400,57.787500
1,2783,-21.304900,57.880000
1,2784,-21.304900,57.972500
1,2785,-21.304900,58.065000
1,2786,-21.304900,58.157500
1,2787,-21.304900,58.250000
1,2788,-21.304900,58.342500
1,2789,-21.304900,58.435000
1,2790,-21.304900,58.527500
1,2791,-21.304900,58.620000
1,2792,-21.304900,58.712500
1,2793,-21.304900,58.805000
1,2794,-21.304900,58.897500
1,2795,-21.304900,58.990000
1,2796,-21.304900,59.082500
1,2797,-21.304900,59.175000
1,2798,-21.304900,59.267500
1,2799,-21.304900,59.360000
1,2800,-21.304900,59.452500
1,2801,-21.304900,59.545000
1,2802,-21.304900,59.637500
1,2803,-21.304900,59.730000
1,2804,-21.304900,59.822500
1,2805,-21.304900,59.915000
1,2806,-21.304900,60.007500
1,2807,-21.304900,60.100000
1,2808,-21.304900,60.192500
1,2809,-21.304900,60.285000
1,2810,-21.304900,60.377500
1,2811,-21.304900,60.470000
1,2812,-21.304900,60.562500
1,2813,-21.304900,60.655000
1,2814,-21.304900,60.747500
1,2815,-21.304900,60.840000
1,2816,-21.212400,60.932500
1,2817,-21.212400,61.025000
1,2818,-21.212400,61.117500
1,2819,-21.212400,61.210000
1,2820,-21.212400,61.302500
1,2821,-21.212400,61.395000
1,2822,-21.212400,61.487500
1,2823,-21.212400,61.580000
1,2824,-21.212400,61.672500
1,2825,-21.212400,61.765000
1,2826,-21.212400,61.857500
1,2827,-21.212400,61.950000
1,2828,-21.212400,62.042500
1,2829,-21.212400,62.135000
1,2830,-21.212400,62.227500
1,2831,-21.212400,62.320000
1,2832,-21.212400,62.412500
1,2833,-21.212400,62.505000
1,2834,-21.212400,62.597500
1,2835,-21.212400,62.690000
1,2836,-21.212400,62.782500
1,2837,-21.212400,62.875000
1,2838,-21.212400,62.967500
1,2839,-21.212400,63.060000
1,2840,-21.212400,63.152500
1,2841,-21.119900,63.245000
1,2842,-21.119900,63.337500
1,2843,-21.119900,63.430000
1,2844,-21.119900,63.522500
1,2845,-21.119900,63.615000
1,2846,-21.119900,63.707500
1,2847,-21.119900,63.800000
1,2848,-21.119900,63.892500
1,2849,-21.119900,63.985000
1,2850,-21.119900,64.077500
1,2851,-21.119900,64.170000
1,2852,-21.119900,64.262500
1,2853,-21.119900,64.355000
1,2854,-21.119900,64.447500
1,2855,-21.119900,64.540000
1,2856,-21.119900,64.632500
1,2857,-21.119900,64.725000
1,2858,-21.119900,64.817500
1,2859,-21.119900,64.910000
1,2860,-21.027400,65.002500
1,2861,-21.027400,65.095000
1,2862,-21.027400,65.187500
1,2863,-21.027400,65.280000
1,2864,-21.027400,65.372500
1,2865,-21.027400,65.465000
1,2866,-21.027400,65.557500
1,2867,-21.027400,65.650000
1,2868,-21.027400,65.742500
1,2869,-21.027400,65.835000
1,2870,-21.027400,65.927500
1,2871,-21.027400,66.020000
1,2872,-21.027400,66.112500
1,2873,-21.027400,66.205000
1,2874,-21.027400,66.297500
1,2875,-21.027400,66.390000
1,2876,-21.027400,66.482500
1,2877,-21.027400,66.575000
1,2878,-20.934900,66.667500
1,2879,-20.934900,66.760000
1,2880,-20.934900,66.852500
1,2881,-20.934900,66.945000
1,2882,-20.934900,67.037500
1,2883,-20.934900,67.130000
1,2884,-20.934900,67.222500
1,2885,-20.934900,67.315000
1,2886,-20.934900,67.407500
1,2887,-20.934900,67.500000
1,2888,-20.934900,67.592500
1,2889,-20.934900,67.685000
1,2890,-20.934900,67.777500
1,2891,-20.934900,67.870000
1,2892,-20.842400,67.962500
1,2893,-20.842400,68.055000
1,2894,-20.842400,68.147500
1,2895,-20.842400,68.240000
1,2896,-20.842400,68.332500
1,2897,-20.842400,68.425000
1,2898,-20.842400,68.517500
1,2899,-20.842400,68.610000
1,2900,-20.842400,68.702500
1,2901,-20.842400,68.795000
1,2902,-20.842400,68.887500
1,2903,-20.842400,68.980000
1,2904,-20.842400,69.072500
1,2905,-20.749900,69.165000
1,2906,-20.749900,69.257500
1,2907,-20.749900,69.350000
1,2908,-20.749900,69.442500
1,2909,-20.749900,69.535000
1,2910,-20.749900,69.627500
1,2911,-20.749900,69.720000
1,2912,-20.749900,69.812500
1,2913,-20.749900,69.905000
1,2914,-20.749900,69.997500
1,2915,-20.657400,70.090000
1,2916,-20.657400,70.182500
1,2917,-20.657400,70.275000
1,2918,-20.657400,70.367500
1,2919,-20.657400,70.460000
1,2920,-20.657400,70.552500
1,2921,-20.657400,70.645000
1,2922,-20.657400,70.737500
1,2923,-20.657400,70.830000
1,2924,-20.564900,70.922500
1,2925,-20.564900,71.015000
1,2926,-20.564900,71.107500
1,2927,-20.564900,71.200000
1,2928,-20.564900,71.292500
1,2929,-20.564900,71.385000
1,2930,-20.564900,71.477500
1,2931,-20.564900,71.570000
1,2932,-20.564900,71.662500
1,2933,-20.472400,71.755000
1,2934,-20.472400,71.847500
1,2935,-20.472400,71.940000
1,2936,-20.472400,72.032500
1,2937,-20.472400,72.125000
1,2938,-20.472400,72.217500
1,2939,-20.472400,72.310000
1,2940,-20.379900,72.402500
1,2941,-20.379900,72.495000
1,2942,-20.379900,72.587500
1,2943,-20.379900,72.680000
1,2944,-20.379900,72.772500
1,2945,-20.379900,72.865000
1,2946,-20.379900,72.957500
1,2947,-20.287400,73.050000
1,2948,-20.287400,73.142500
1,2949,-20.287400,73.235000
1,2950,-20.287400,73.327500
1,2951,-20.287400,73.420000
1,2952,-20.287400,73.512500
1,2953,-20.287400,73.605000
1,2954,-20.194900,73.697500
1,2955,-20.194900,73.790000
1,2956,-20.194900,73.882500
1,2957,-20.194900,73.975000
1,2958,-20.194900,74.067500
1,2959,-20.194900,74.160000
1,2960,-20.102400,74.252500
1,2961,-20.102400,74.345000
1,2962,-20.102400,74.437500
1,2963,-20.102400,74.530000
1,2964,-20.102400,74.622500
1,2965,-20.009900,74.715000
1,2966,-20.009900,74.807500
1,2967,-20.009900,74.900000
1,2968,-20.009900,74.992500
1,2969,-20.009900,75.085000
1,2970,-19.917400,75.177500
1,2971,-19.917400,75.270000
1,2972,-19.917400,75.362500
1,2973,-19.917400,75.455000
1,2974,-19.917400,75.547500
1,2975,-19.824900,75.640000
1,2976,-19.824900,75.732500
1,2977,-19.824900,75.825000
1,2978,-19.824900,75.917500
1,2979,-19.824900,76.010000
1,2980,-19.732400,76.102500
1,2981,-19.732400,76.195000
1,2982,-19.732400,76.287500
1,2983,-19.732400,76.380000
1,2984,-19.732400,76.472500
1,2985,-19.639900,76.565000
1,2986,-19.639900,76.657500
1,2987,-19.639900,76.750000
1,2988,-19.639900,76.842500
1,2989,-19.547400,76.935000
1,2990,-19.547400,77.027500
1,2991,-19.547400,77.120000
1,2992,-19.547400,77.212500
1,2993,-19.454900,77.305000
1,2994,-19.454900,77.397500
1,2995,-19.454900,77.490000
1,2996,-19.454900,77.582500
1,2997,-19.362400,77.675000
1,2998,-19.362400,77.767500
1,2999,-19.362400,77.860000
1,3000,-19.362400,77.952500
1,3001,-19.362400,78.045000
1,3002,-19.269900,78.137500
1,3003,-19.269900,78.230000
1,3004,-19.269900,78.322500
1,3005,-19.269900,78.415000
1,3006,-19.177400,78.507500
1,3007,-19.177400,78.600000
1,3008,-19.177400,78.692500
1,3009,-19.177400,78.785000
1,3010,-19.084900,78.877500
1,3011,-19.084900,78.970000
1,3012,-19.084900,79.062500
1,3013,-18.992400,79.155000
1,3014,-18.992400,79.247500
1,3015,-18.992400,79.340000
1,3016,-18.992400,79.432500
1,3017,-18.899900,79.525000
1,3018,-18.899900,79.617500
1,3019,-18.899900,79.710000
1,3020,-18.899900,79.802500
1,3021,-18.807400,79.895000
1,3022,-18.807400,79.987500
1,3023,-18.807400,80.080000
1,3024,-18.807400,80.172500
1,3025,-18.714900,80.265000
1,3026,-18.714900,80.357500
1,3027,-18.714900,80.450000
1,3028,-18.714900,80.542500
1,3029,-18.622400,80.635000
1,3030,-18.622400,80.727500
1,3031,-18.622400,80.820000
1,3032,-18.622400,80.912500
1,3033,-18.529900,81.005000
1,3034,-18.529900,81.097500
1,3035,-18.529900,81.190000
1,3036,-18.529900,81.282500
1,3037,-18.437400,81.375000
1,3038,-18.437400,81.467500
1,3039,-18.437400,81.560000
1,3040,-18.437400,81.652500
1,3041,-18.344900,81.745000
1,3042,-18.344900,81.837500
1,3043,-18.344900,81.930000
1,3044,-18.344900,82.022500
1,3045,-18.252400,82.115000
1,3046,-18.252400,82.207500
1,3047,-18.252400,82.300000
1,3048,-18.252400,82.392500
1,3049,-18.159900,82.485000
1,3050,-18.159900,82.577500
1,3051,-18.159900,82.670000
1,3052,-18.159900,82.762500
1,3053,-18.067400,82.855000
1,3054,-18.067400,82.947500
1,3055,-18.067400,83.040000
1,3056,-18.067400,83.132500
1,3057,-17.974900,83.225000
1,3058,-17.974900,83.317500
1,3059,-17.974900,83.410000
1,3060,-17.974900,83.502500
1,3061,-17.882400,83.595000
1,3062,-17.882400,83.687500
1,3063,-17.882400,83.780000
1,3064,-17.882400,83.872500
1,3065,-17.789900,83.965000
1,3066,-17.789900,84.057500
1,3067,-17.789900,84.150000
1,3068,-17.789900,84.242500
1,3069,-17.697400,84.335000
1,3070,-17.697400,84.427500
1,3071,-17.697400,84.520000
1,3072,-17.697400,84.612500
1,3073,-17.604900,84.705000
1,3074,-17.604900,84.797500
1,3075,-17.604900,84.890000
1,3076,-17.512400,84.982500
1,3077,-17.512400,85.075000
1,3078,-17.512400,85.167500
1,3079,-17.512400,85.260000
1,3080,-17.419900,85.352500
1,3081,-17.419900,85.445000
1,3082,-17.419900,85.537500
1,3083,-17.419900,85.630000
1,3084,-17.327400,85.722500
1,3085,-17.327400,85.815000
1,3086,-17.327400,85.907500
1,3087,-17.327400,86.000000
1,3088,-17.234900,86.092500
1,3089,-17.234900,86.185000
1,3090,-17.234900,86.277500
1,3091,-17.234900,86.370000
1,3092,-17.142400,86.462500
1,3093,-17.142400,86.555000
1,3094,-17.142400,86.647500
1,3095,-17.142400,86.740000
1,3096,-17.049900,86.832500
1,3097,-17.049900,86.925000
1,3098,-17.049900,87.017500
1,3099,-17.049900,87.110000
1,3100,-16.957400,87.202500
1,3101,-16.957400,87.295000
1,3102,-16.957400,87.387500
1,3103,-16.957400,87.480000
1,3104,-16.864900,87.572500
1,3105,-16.864900,87.665000
1,3106,-16.864900,87.757500
1,3107,-16.864900,87.850000
1,3108,-16.772400,87.942500
1,3109,-16.772400,88.035000
1,3110,-16.772400,88.127500
1,3111,-16.772400,88.220000
1,3112,-16.679900,88.312500
1,3113,-16.679900,88.405000
1,3114,-16.679900,88.497500
1,3115,-16.679900,88.590000
1,3116,-16.587400,88.682500
1,3117,-16.587400,88.775000
1,3118,-16.494900,88.867500
1,3119,-16.402400,88.867500
1,3120,-16.309900,88.867500
1,3121,-16.217400,88.867500
1,3122,-16.124900,88.867500
1,3123,-16.032400,88.867500
1,3124,-15.939900,88.867500
1,3125,-15.847400,88.867500
1,3126,-15.754900,88.867500
1,3127,-15.662400,88.867500
1,3128,-15.569900,88.867500
1,3129,-15.477400,88.867500
1,3130,-15.384900,88.867500
1,3131,-15.292400,88.867500
1,3132,-15.199900,88.867500
1,3133,-15.107400,88.960000
1,3134,-15.014900,88.960000
1,3135,-14.922400,88.960000
1,3136,-14.829900,88.960000
1,3137,-14.737400,88.960000
1,3138,-14.644900,88.960000
1,3139,-14.552400,88.960000
1,3140,-14.459900,88.960000
1,3141,-14.367400,89.052500
1,3142,-14.274900,89.052500
1,3143,-14.182400,89.052500
1,3144,-14.089900,89.052500
1,3145,-13.997400,89.145000
1,3146,-13.904900,89.145000
1,3147,-13.812400,89.145000
1,3148,-13.719900,89.237500
1,3149,-13.627400,89.237500
1,3150,-13.534900,89.237500
1,3151,-13.442400,89.330000
1,3152,-13.349900,89.330000
1,3153,-13.257400,89.422500
1,3154,-13.164900,89.422500
1,3155,-13.072400,89.515000
1,3156,-12.979900,89.515000
1,3157,-12.887400,89.607500
1,3158,-12.794900,89.700000
1,3159,-12.702400,89.700000
1,3160,-12.609900,89.792500
1,3161,-12.517400,89.885000
1,3162,-12.424900,89.885000
1,3163,-12.332400,89.977500
1,3164,-12.239900,90.070000
1,3165,-12.147400,90.162500
1,3166,-12.054900,90.255000
1,3167,-11.962400,90.347500
1,3168,-11.869900,90.347500
1,3169,-11.777400,90.440000
1,3170,-11.684900,90.532500
1,3171,-11.684900,90.625000
1,3172,-11.592400,90.717500
1,3173,-11.499900,90.810000
1,3174,-11.407400,90.902500
1,3175,-11.314900,90.995000
1,3176,-11.314900,91.087500
1,3177,-11.222400,91.180000
1,3178,-11.129900,91.272500
1,3179,-11.037400,91.365000
1,3180,-11.037400,91.457500
1,3181,-10.944900,91.550000
1,3182,-10.944900,91.642500
1,3183,-10.852400,91.735000
1,3184,-10.759900,91.827500
1,3185,-10.759900,91.920000
1,3186,-10.667400,92.012500
1,3187,-10.667400,92.105000
1,3188,-10.574900,92.197500
1,3189,-10.574900,92.290000
1,3190,-10.482400,92.382500
1,3191,-10.482400,92.475000
1,3192,-10.389900,92.567500
1,3193,-10.389900,92.660000
1,3194,-10.297400,92.752500
1,3195,-10.297400,92.845000
1,3196,-10.297400,92.937500
1,3197,-10.204900,93.030000
1,3198,-10.204900,93.122500
1,3199,-10.112400,93.215000
1,3200,-10.112400,93.307500
1,3201,-10.112400,93.400000
1,3202,-10.019900,93.492500
1,3203,-10.019900,93.585000
1,3204,-9.927400,93.677500
1,3205,-9.927400,93.770000
1,3206,-9.927400,93.862500
1,3207,-9.834900,93.955000
1,3208,-9.834900,94.047500
1,3209,-9.834900,94.140000
1,3210,-9.742400,94.232500
1,3211,-9.742400,94.325000
1,3212,-9.742400,94.417500
1,3213,-9.649900,94.510000
1,3214,-9.649900,94.602500
1,3215,-9.649900,94.695000
1,3216,-9.649900,94.787500
1,3217,-9.557400,94.880000
1,3218,-9.557400,94.972500
1,3219,-9.557400,95.065000
1,3220,-9.464900,95.157500
1,3221,-9.464900,95.250000
1,3222,-9.464900,95.342500
1,3223,-9.464900,95.435000
1,3224,-9.372400,95.527500
1,3225,-9.372400,95.620000
1,3226,-9.372400,95.712500
1,3227,-9.279900,95.805000
1,3228,-9.279900,95.897500
1,3229,-9.279900,95.990000
1,3230,-9.279900,96.082500
1,3231,-9.187400,96.175000
1,3232,-9.187400,96.267500
1,3233,-9.187400,96.360000
1,3234,-9.187400,96.452500
1,3235,-9.094900,96.545000
1,3236,-9.094900,96.637500
1,3237,-9.094900,96.730000
1,3238,-9.094900,96.822500
1,3239,-9.002400,96.915000
1,3240,-9.002400,97.007500
1,3241,-9.002400,97.100000
1,3242,-8.909900,97.192500
1,3243,-8.909900,97.285000
1,3244,-8.909900,97.377500
1,3245,-8.909900,97.470000
1,3246,-8.817400,97.562500
1,3247,-8.817400,97.655000
1,3248,-8.817400,97.747500
1,3249,-8.817400,97.840000
1,3250,-8.724900,97.932500
1,3251,-8.724900,98.025000
1,3252,-8.724900,98.117500
1,3253,-8.724900,98.210000
1,3254,-8.632400,98.302500
1,3255,-8.632400,98.395000
1,3256,-8.632400,98.487500
1,3257,-8.539900,98.580000
1,3258,-8.539900,98.672500
1,3259,-8.539900,98.765000
1,3260,-8.539900,98.857500
1,3261,-8.447400,98.950000
1,3262,-8.447400,99.042500
1,3263,-8.447400,99.135000
1,3264,-8.447400,99.227500
1,3265,-8.354900,99.320000
1,3266,-8.354900,99.412500
1,3267,-8.354900,99.505000
1,3268,-8.354900,99.597500
1,3269,-8.262400,99.690000
1,3270,-8.262400,99.782500
1,3271,-8.262400,99.875000
1,3272,-8.169900,99.967500
1,3273,-8.169900,100.060000
1,3274,-8.169900,100.152500
1,3275,-8.169900,100.245000
1,3276,-8.077400,100.337500
1,3277,-8.077400,100.430000
1,3278,-8.077400,100.522500
1,3279,-8.077400,100.615000
1,3280,-7.984900,100.707500
1,3281,-7.984900,100.800000
1,3282,-7.984900,100.892500
1,3283,-7.984900,100.985000
1,3284,-7.892400,101.077500
1,3285,-7.892400,101.170000
1,3286,-7.892400,101.262500
1,3287,-7.892400,101.355000
1,3288,-7.799900,101.447500
1,3289,-7.799900,101.540000
1,3290,-7.799900,101.632500
1,3291,-7.799900,101.725000
1,3292,-7.799900,101.817500
1,3293,-7.707400,101.910000
1,3294,-7.707400,102.002500
1,3295,-7.707400,102.095000
1,3296,-7.707400,102.187500
1,3297,-7.614900,102.280000
1,3298,-7.614900,102.372500
1,3299,-7.614900,102.465000
1,3300,-7.614900,102.557500
1,3301,-7.614900,102.650000
1,3302,-7.522400,102.742500
1,3303,-7.522400,102.835000
1,3304,-7.522400,102.927500
1,3305,-7.522400,103.020000
1,3306,-7.429900,103.112500
1,3307,-7.429900,103.205000
1,3308,-7.429900,103.297500
1,3309,-7.429900,103.390000
1,3310,-7.429900,103.482500
1,3311,-7.337400,103.575000
1,3312,-7.337400,103.667500
1,3313,-7.337400,103.760000
1,3314,-7.337400,103.852500
1,3315,-7.337400,103.945000
1,3316,-7.244900,104.037500
1,3317,-7.244900,104.130000
1,3318,-7.244900,104.222500
1,3319,-7.244900,104.315000
1,3320,-7.244900,104.407500
1,3321,-7.152400,104.500000
1,3322,-7.152400,104.592500
1,3323,-7.152400,104.685000
1,3324,-7.152400,104.777500
1,3325,-7.152400,104.870000
1,3326,-7.059900,104.962500
1,3327,-7.059900,105.055000
1,3328,-7.059900,105.147500
1,3329,-7.059900,105.240000
1,3330,-7.059900,105.332500
1,3331,-6.967400,105.425000
1,3332,-6.967400,105.517500
1,3333,-6.967400,105.610000
1,3334,-6.967400,105.702500
1,3335,-6.967400,105.795000
1,3336,-6.874900,105.887500
1,3337,-6.874900,105.980000
1,3338,-6.874900,106.072500
1,3339,-6.874900,106.165000
1,3340,-6.874900,106.257500
1,3341,-6.782400,106.350000
1,3342,-6.782400,106.442500
1,3343,-6.782400,106.535000
1,3344,-6.782400,106.627500
1,3345,-6.782400,106.720000
1,3346,-6.689900,106.812500
1,3347,-6.689900,106.905000
1,3348,-6.689900,106.997500
1,3349,-6.689900,107.090000
1,3350,-6.689900,107.182500
1,3351,-6.689900,107.275000
1,3352,-6.597400,107.367500
1,3353,-6.597400,107.460000
1,3354,-6.597400,107.552500
1,3355,-6.597400,107.645000
1,3356,-6.597400,107.737500
1,3357,-6.504900,107.830000
1,3358,-6.504900,107.922500
1,3359,-6.504900,108.015000
1,3360,-6.504900,108.107500
1,3361,-6.504900,108.200000
1,3362,-6.504900,108.292500
1,3363,-6.412400,108.385000
1,3364,-6.412400,108.477500
1,3365,-6.412400,108.570000
1,3366,-6.412400,108.662500
1,3367,-6.412400,108.755000
1,3368,-6.319900,108.847500
1,3369,-6.319900,108.940000
1,3370,-6.319900,109.032500
1,3371,-6.319900,109.125000
1,3372,-6.319900,109.217500
1,3373,-6.319900,109.310000
1,3374,-6.227400,109.402500
1,3375,-6.227400,109.495000
1,3376,-6.227400,109.587500
1,3377,-6.227400,109.680000
1,3378,-6.227400,109.772500
1,3379,-6.227400,109.865000
1,3380,-6.134900,109.957500
1,3381,-6.134900,110.050000
1,3382,-6.134900,110.142500
1,3383,-6.134900,110.235000
1,3384,-6.134900,110.327500
1,3385,-6.042400,110.420000
1,3386,-6.042400,110.512500
1,3387,-6.042400,110.605000
1,3388,-6.042400,110.697500
1,3389,-6.042400,110.790000
1,3390,-6.042400,110.882500
1,3391,-5.949900,110.975000
1,3392,-5.949900,111.067500
1,3393,-5.949900,111.160000
1,3394,-5.949900,111.252500
1,3395,-5.949900,111.345000
1,3396,-5.949900,111.437500
1,3397,-5.857400,111.530000
1,3398,-5.857400,111.622500
1,3399,-5.857400,111.715000
1,3400,-5.857400,111.807500
1,3401,-5.857400,111.900000
1,3402,-5.857400,111.992500
1,3403,-5.764900,112.085000
1,3404,-5.764900,112.177500
1,3405,-5.764900,112.270000
1,3406,-5.764900,112.362500
1,3407,-5.764900,112.455000
1,3408,-5.764900,112.547500
1,3409,-5.672400,112.640000
1,3410,-5.672400,112.732500
1,3411,-5.672400,112.825000
1,3412,-5.672400,112.917500
1,3413,-5.672400,113.010000
1,3414,-5.672400,113.102500
1,3415,-5.579900,113.195000
1,3416,-5.579900,113.287500
1,3417,-5.579900,113.380000
1,3418,-5.579900,113.472500
1,3419,-5.579900,113.565000
1,3420,-5.579900,113.657500
1,3421,-5.579900,113.750000
1,3422,-5.487400,113.842500
1,3423,-5.487400,113.935000
1,3424,-5.487400,114.027500
1,3425,-5.487400,114.120000
1,3426,-5.487400,114.212500
1,3427,-5.487400,114.305000
1,3428,-5.394900,114.397500
1,3429,-5.394900,114.490000
1,3430,-5.394900,114.582500
1,3431,-5.394900,114.675000
1,3432,-5.394900,114.767500
1,3433,-5.394900,114.860000
1,3434,-5.394900,114.952500
1,3435,-5.394900,115.045000
1,3436,-5.302400,115.137500
1,3437,-5.302400,115.230000
1,3438,-5.302400,115.322500
1,3439,-5.302400,115.415000
1,3440,-5.302400,115.507500
1,3441,-5.302400,115.600000
1,3442,-5.302400,115.692500
1,3443,-5.302400,115.785000
1,3444,-5.209900,115.877500
1,3445,-5.209900,115.970000
1,3446,-5.209900,116.062500
1,3447,-5.209900,116.155000
1,3448,-5.209900,116.247500
1,3449,-5.209900,116.340000
1,3450,-5.209900,116.432500
1,3451,-5.209900,116.525000
1,3452,-5.209900,116.617500
1,3453,-5.117400,116.710000
1,3454,-5.117400,116.802500
1,3455,-5.117400,116.895000
1,3456,-5.117400,116.987500
1,3457,-5.117400,117.080000
1,3458,-5.117400,117.172500
1,3459,-5.117400,117.265000
1,3460,-5.117400,117.357500
1,3461,-5.117400,117.450000
1,3462,-5.117400,117.542500
1,3463,-5.117400,117.635000
1,3464,-5.117400,117.727500
1,3465,-5.024900,117.820000
1,3466,-5.024900,117.912500
1,3467,-5.024900,118.005000
1,3468,-5.024900,118.097500
1,3469,-5.024900,118.190000
1,3470,-5.024900,118.282500
1,3471,-5.024900,118.375000
1,3472,-5.024900,118.467500
1,3473,-5.024900,118.560000
1,3474,-5.024900,118.652500
1,3475,-5.024900,118.745000
1,3476,-5.024900,118.837500
1,3477,-5.024900,118.930000
1,3478,-5.024900,119.022500
1,3479,-5.024900,119.115000
1,3480,-4.932400,119.207500
1,3481,-4.932400,119.300000
1,3482,-4.932400,119.392500
1,3483,-4.932400,119.485000
1,3484,-4.932400,119.577500
1,3485,-4.932400,119.670000
1,3486,-4.932400,119.762500
1,3487,-4.932400,119.855000
1,3488,-4.932400,119.947500
1,3489,-4.932400,120.040000
1,3490,-4.932400,120.132500
1,3491,-4.932400,120.225000
1,3492,-4.932400,120.317500
1,3493,-4.932400,120.410000
1,3494,-4.932400,120.502500
1,3495,-4.932400,120.595000
1,3496,-4.932400,120.687500
1,3497,-4.932400,120.780000
1,3498,-4.932400,120.872500
1,3499,-4.932400,120.965000
1,3500,-4.932400,121.057500
1,3501,-4.932400,121.150000
1,3502,-4.932400,121.242500
1,3503,-4.932400,121.335000
1,3504,-4.932400,121.427500
1,3505,-4.932400,121.520000
1,3506,-4.932400,121.612500
1,3507,-4.932400,121.705000
1,3508,-4.839900,121.797500
1,3509,-4.839900,121.890000
1,3510,-4.839900,121.982500
1,3511,-4.839900,122.075000
1,3512,-4.839900,122.167500
1,3513,-4.839900,122.260000
1,3514,-4.839900,122.352500
1,3515,-4.839900,122.445000
1,3516,-4.839900,122.537500
1,3517,-4.839900,122.630000
1,3518,-4.839900,122.722500
1,3519,-4.839900,122.815000
1,3520,-4.839900,122.907500
1,3521,-4.839900,123.000000
1,3522,-4.839900,123.092500
1,3523,-4.839900,123.185000
1,3524,-4.839900,123.277500
1,3525,-4.839900,123.370000
1,3526,-4.839900,123.462500
1,3527,-4.839900,123.555000
1,3528,-4.839900,123.647500
1,3529,-4.839900,123.740000
1,3530,-4.839900,123.832500
1,3531,-4.839900,123.925000
1,3532,-4.839900,124.017500
1,3533,-4.839900,124.110000
1,3534,-4.839900,124.202500
1,3535,-4.839900,124.295000
1,3536,-4.839900,124.387500
1,3537,-4.839900,124.480000
1,3538,-4.839900,124.572500
1,3539,-4.839900,124.665000
1,3540,-4.839900,124.757500
1,3541,-4.839900,124.850000
1,3542,-4.932400,124.942500
1,3543,-4.932400,125.035000
1,3544,-4.932400,125.127500
1,3545,-4.932400,125.220000
1,3546,-4.932400,125.312500
1,3547,-4.932400,125.405000
1,3548,-4.932400,125.497500
1,3549,-4.932400,125.590000
1,3550,-4.932400,125.682500
1,3551,-4.932400,125.775000
1,3552,-4.932400,125.867500
1,3553,-4.932400,125.960000
1,3554,-4.932400,126.052500
1,3555,-4.932400,126.145000
1,3556,-4.932400,126.237500
1,3557,-4.932400,126.330000
1,3558,-4.932400,126.422500
1,3559,-4.932400,126.515000
1,3560,-4.932400,126.607500
1,3561,-5.024900,126.700000
1,3562,-5.024900,126.792500
1,3563,-5.024900,126.885000
1,3564,-5.024900,126.977500
1,3565,-5.024900,127.070000
1,3566,-5.024900,127.162500
1,3567,-5.024900,127.255000
1,3568,-5.024900,127.347500
1,3569,-5.024900,127.440000
1,3570,-5.024900,127.532500
1,3571,-5.117400,127.625000
1,3572,-5.117400,127.717500
1,3573,-5.117400,127.810000
1,3574,-5.117400,127.902500
1,3575,-5.117400,127.995000
1,3576,-5.117400,128.087500
1,3577,-5.117400,128.180000
1,3578,-5.117400,128.272500
1,3579,-5.209900,128.365000
1,3580,-5.209900,128.457500
1,3581,-5.209900,128.550000
1,3582,-5.209900,128.642500
1,3583,-5.209900,128.735000
1,3584,-5.209900,128.827500
1,3585,-5.209900,128.920000
1,3586,-5.302400,129.012500
1,3587,-5.302400,129.105000
1,3588,-5.302400,129.197500
1,3589,-5.302400,129.290000
1,3590,-5.302400,129.382500
1,3591,-5.394900,129.475000
1,3592,-5.394900,129.567500
1,3593,-5.394900,129.660000
1,3594,-5.394900,129.752500
1,3595,-5.394900,129.845000
1,3596,-5.394900,129.937500
1,3597,-5.487400,130.030000
1,3598,-5.487400,130.122500
1,3599,-5.487400,130.215000
1,3600,-5.487400,130.307500
1,3601,-5.487400,130.400000
1,3602,-5.579900,130.492500
1,3603,-5.579900,130.585000
1,3604,-5.579900,130.677500
1,3605,-5.579900,130.770000
1,3606,-5.672400,130.862500
1,3607,-5.672400,130.955000
1,3608,-5.672400,131.047500
1,3609,-5.672400,131.140000
1,3610,-5.672400,131.232500
1,3611,-5.764900,131.325000
1,3612,-5.764900,131.417500
1,3613,-5.764900,131.510000
1,3614,-5.764900,131.602500
1,3615,-5.857400,131.695000
1,3616,-5.857400,131.787500
1,3617,-5.857400,131.880000
1,3618,-5.857400,131.972500
1,3619,-5.857400,132.065000
1,3620,-5.949900,132.157500
1,3621,-5.949900,132.250000
1,3622,-5.949900,132.342500
1,3623,-5.949900,132.435000
1,3624,-6.042400,132.527500
1,3625,-6.042400,132.620000
1,3626,-6.042400,132.712500
1,3627,-6.042400,132.805000
1,3628,-6.134900,132.897500
1,3629,-6.134900,132.990000
1,3630,-6.134900,133.082500
1,3631,-6.134900,133.175000
1,3632,-6.227400,133.267500
1,3633,-6.227400,133.360000
1,3634,-6.227400,133.452500
1,3635,-6.227400,133.545000
1,3636,-6.227400,133.637500
1,3637,-6.319900,133.730000
1,3638,-6.319900,133.822500
1,3639,-6.319900,133.915000
1,3640,-6.319900,134.007500
1,3641,-6.412400,134.100000
1,3642,-6.412400,134.192500
1,3643,-6.412400,134.285000
1,3644,-6.412400,134.377500
1,3645,-6.504900,134.470000
1,3646,-6.504900,134.562500
1,3647,-6.504900,134.655000
1,3648,-6.504900,134.747500
1,3649,-6.504900,134.840000
1,3650,-6.597400,134.932500
1,3651,-6.597400,135.025000
1,3652,-6.597400,135.117500
1,3653,-6.597400,135.210000
1,3654,-6.689900,135.302500
1,3655,-6.689900,135.395000
1,3656,-6.689900,135.487500
1,3657,-6.689900,135.580000
1,3658,-6.782400,135.672500
1,3659,-6.782400,135.765000
1,3660,-6.782400,135.857500
1,3661,-6.782400,135.950000
1,3662,-6.874900,136.042500
1,3663,-6.874900,136.135000
1,3664,-6.874900,136.227500
1,3665,-6.874900,136.320000
1,3666,-6.874900,136.412500
1,3667,-6.967400,136.505000
1,3668,-6.967400,136.597500
1,3669,-6.967400,136.690000
1,3670,-6.967400,136.782500
1,3671,-7.059900,136.875000
1,3672,-7.059900,136.967500
1,3673,-7.059900,137.060000
1,3674,-7.059900,137.152500
1,3675,-7.152400,137.245000
1,3676,-7.152400,137.337500
1,3677,-7.152400,137.430000
1,3678,-7.152400,137.522500
1,3679,-7.244900,137.615000
1,3680,-7.244900,137.707500
1,3681,-7.244900,137.800000
1,3682,-7.244900,137.892500
1,3683,-7.244900,137.985000
1,3684,-7.337400,138.077500
1,3685,-7.337400,138.170000
1,3686,-7.337400,138.262500
1,3687,-7.337400,138.355000
1,3688,-7.429900,138.447500
1,3689,-7.429900,138.540000
1,3690,-7.429900,138.632500
1,3691,-7.429900,138.725000
1,3692,-7.522400,138.817500
1,3693,-7.522400,138.910000
1,3694,-7.522400,139.002500
1,3695,-7.522400,139.095000
1,3696,-7.614900,139.187500
1,3697,-7.614900,139.280000
1,3698,-7.614900,139.372500
1,3699,-7.614900,139.465000
1,3700,-7.707400,139.557500
1,3701,-7.707400,139.650000
1,3702,-7.707400,139.742500
1,3703,-7.707400,139.835000
1,3704,-7.707400,139.927500
1,3705,-7.799900,140.020000
1,3706,-7.799900,140.112500
1,3707,-7.799900,140.205000
1,3708,-7.799900,140.297500
1,3709,-7.892400,140.390000
1,3710,-7.892400,140.482500
1,3711,-7.892400,140.575000
1,3712,-7.892400,140.667500
1,3713,-7.892400,140.760000
1,3714,-7.892400,140.852500
1,3715,-7.892400,140.945000
1,3716,-7.892400,141.037500
1,3717,-7.892400,141.130000
1,3718,-7.892400,141.222500
1,3719,-7.892400,141.315000
1,3720,-7.799900,141.407500
1,3721,-7.707400,141.407500
1,3722,-7.614900,141.500000
1,END,NaN,NaN
